date,rank,ranking_type,like_user_id,creator_name,creator_urlname,creator_url,has_profile_url,likes_count_daily,likes_count_cumulative,follower_count,generated_at,period_start,period_end
2026-10-01,1,monthly_trace,13158712,コヤギ｜静かに暮らす,koyagishizukani,https://note.com/koyagishizukani,True,8,8,268,2026-10-08T09:23:06.963965+09:00,2026-10-01T00:00:00+09:00,2026-10-08T09:12:32+09:00
2026-10-01,2,monthly_trace,15290558,pito,hirocho_1125,https://note.com/hirocho_1125,True,3,3,97,2026-10-08T09:23:06.963965+09:00,2026-10-01T00:00:00+09:00,2026-10-08T09:12:32+09:00
2026-10-01,3,monthly_trace,13621165,ごんた,glad_hosta9940,https://note.com/glad_hosta9940,True,3,3,118,2026-10-08T09:23:06.963965+09:00,2026-10-01T00:00:00+09:00,2026-10-08T09:12:32+09:00
2026-10-01,4,monthly_trace,14824580,たける　【日本正義・いのち党】,sane_coot4394,https://note.com/sane_coot4394,True,3,3,353,2026-10-08T09:23:06.963965+09:00,2026-10-01T00:00:00+09:00,2026-10-08T09:12:32+09:00
2026-10-01,5,monthly_trace,12301144,ゆぴか｜働きづらさから在宅ワークを模索中☀︎,tasty_quoll5392,https://note.com/tasty_quoll5392,True,3,3,799,2026-10-08T09:23:06.963965+09:00,2026-10-01T00:00:00+09:00,2026-10-08T09:12:32+09:00
2026-10-01,6,monthly_trace,13259374,Joe Tsukasa,joe2x100,https://note.com/joe2x100,True,2,2,1099,2026-10-08T09:23:06.963965+09:00,2026-10-01T00:00:00+09:00,2026-10-08T09:12:32+09:00
2026-10-01,7,monthly_trace,13718195,きいるか,yellowdolphin,https://note.com/yellowdolphin,True,2,2,43,2026-10-08T09:23:06.963965+09:00,2026-10-01T00:00:00+09:00,2026-10-08T09:12:32+09:00
2026-10-01,8,monthly_trace,10460304,ちんぱん🐒耳毛〰(˙👄˙)〰,ojisan_chinpan,https://note.com/ojisan_chinpan,True,2,2,1574,2026-10-08T09:23:06.963965+09:00,2026-10-01T00:00:00+09:00,2026-10-08T09:12:32+09:00
2026-10-01,9,monthly_trace,14903985,まっちゃ💚AI活用とnote副業ラボ,matcha_aispirit,https://note.com/matcha_aispirit,True,2,2,812,2026-10-08T09:23:06.963965+09:00,2026-10-01T00:00:00+09:00,2026-10-08T09:12:32+09:00
2026-10-01,10,monthly_trace,14363101,ゆ,yuuwa1046,https://note.com/yuuwa1046,True,2,2,210,2026-10-08T09:23:06.963965+09:00,2026-10-01T00:00:00+09:00,2026-10-08T09:12:32+09:00
2026-10-01,11,monthly_trace,6312735,ピナクル,modern_holly38,https://note.com/modern_holly38,True,2,2,468,2026-10-08T09:23:06.963965+09:00,2026-10-01T00:00:00+09:00,2026-10-08T09:12:32+09:00
2026-10-01,12,monthly_trace,14239507,ミュリン♪(*´ω`*)✨,star246,https://note.com/star246,True,2,2,1230,2026-10-08T09:23:06.963965+09:00,2026-10-01T00:00:00+09:00,2026-10-08T09:12:32+09:00
2026-10-01,13,monthly_trace,13140757,雪詠｜ゆきよみ,yukiyomi,https://note.com/yukiyomi,True,2,2,1027,2026-10-08T09:23:06.963965+09:00,2026-10-01T00:00:00+09:00,2026-10-08T09:12:32+09:00
2026-10-01,14,monthly_trace,4877017,須川元介/情報翻訳家,skagenavi,https://note.com/skagenavi,True,2,2,2729,2026-10-08T09:23:06.963965+09:00,2026-10-01T00:00:00+09:00,2026-10-08T09:12:32+09:00
2026-10-01,15,monthly_trace,14555620,54Plants,hiromavich,https://note.com/hiromavich,True,1,1,281,2026-10-08T09:23:06.963965+09:00,2026-10-01T00:00:00+09:00,2026-10-08T09:12:32+09:00
2026-10-01,16,monthly_trace,11703348,AIさとう｜AI動画で収益化を目指す,ai_sato_,https://note.com/ai_sato_,True,1,1,89,2026-10-08T09:23:06.963965+09:00,2026-10-01T00:00:00+09:00,2026-10-08T09:12:32+09:00
2026-10-01,17,monthly_trace,790651,AZUSA KIKUGAWA(相互フォローしてます),sakuracotton,https://note.com/sakuracotton,True,1,1,506,2026-10-08T09:23:06.963965+09:00,2026-10-01T00:00:00+09:00,2026-10-08T09:12:32+09:00
2026-10-01,18,monthly_trace,14025235,Aily｜AI美女で月10万を自動化,ailyxtokyo,https://note.com/ailyxtokyo,True,1,1,167,2026-10-08T09:23:06.963965+09:00,2026-10-01T00:00:00+09:00,2026-10-08T09:12:32+09:00
2026-10-01,19,monthly_trace,11807623,Anna,modern_lion2880,https://note.com/modern_lion2880,True,1,1,1044,2026-10-08T09:23:06.963965+09:00,2026-10-01T00:00:00+09:00,2026-10-08T09:12:32+09:00
2026-10-01,20,monthly_trace,15611455,DABOちゃん｜ゴルフ×AI×SNS継続の記録,dabochan_gogo,https://note.com/dabochan_gogo,True,1,1,329,2026-10-08T09:23:06.963965+09:00,2026-10-01T00:00:00+09:00,2026-10-08T09:12:32+09:00
2026-10-01,21,monthly_trace,13125356,EARTH🌎,fast_thyme336,https://note.com/fast_thyme336,True,1,1,751,2026-10-08T09:23:06.963965+09:00,2026-10-01T00:00:00+09:00,2026-10-08T09:12:32+09:00
2026-10-01,22,monthly_trace,11351510,Ejii✦3（えじー）,deft_raven2722,https://note.com/deft_raven2722,True,1,1,297,2026-10-08T09:23:06.963965+09:00,2026-10-01T00:00:00+09:00,2026-10-08T09:12:32+09:00
2026-10-01,23,monthly_trace,12966384,FANTASY-AI JP,mute_hyena5293,https://note.com/mute_hyena5293,True,1,1,237,2026-10-08T09:23:06.963965+09:00,2026-10-01T00:00:00+09:00,2026-10-08T09:12:32+09:00
2026-10-01,24,monthly_trace,12076418,FumiUmi,lunch_box235,https://note.com/lunch_box235,True,1,1,1109,2026-10-08T09:23:06.963965+09:00,2026-10-01T00:00:00+09:00,2026-10-08T09:12:32+09:00
2026-10-01,25,monthly_trace,15214463,Hanchan,hot_elk6916,https://note.com/hot_elk6916,True,1,1,85,2026-10-08T09:23:06.963965+09:00,2026-10-01T00:00:00+09:00,2026-10-08T09:12:32+09:00
2026-10-01,26,monthly_trace,11178899,KEN 田舎で介護,fit_lion6308,https://note.com/fit_lion6308,True,1,1,614,2026-10-08T09:23:06.963965+09:00,2026-10-01T00:00:00+09:00,2026-10-08T09:12:32+09:00
2026-10-01,27,monthly_trace,7580255,Kinu｜AIイラストと発信づくり,kinu885,https://note.com/kinu885,True,1,1,2338,2026-10-08T09:23:06.963965+09:00,2026-10-01T00:00:00+09:00,2026-10-08T09:12:32+09:00
2026-10-01,28,monthly_trace,14820938,Labo.,futurelnve5r,https://note.com/futurelnve5r,True,1,1,1811,2026-10-08T09:23:06.963965+09:00,2026-10-01T00:00:00+09:00,2026-10-08T09:12:32+09:00
2026-10-01,29,monthly_trace,5330022,Marie | まりーの小さな⚙️歯車⚙️ラボ🔬,marie_222,https://note.com/marie_222,True,1,1,161,2026-10-08T09:23:06.963965+09:00,2026-10-01T00:00:00+09:00,2026-10-08T09:12:32+09:00
2026-10-01,30,monthly_trace,12142452,VCL,verde_combat_lab,https://note.com/verde_combat_lab,True,1,1,749,2026-10-08T09:23:06.963965+09:00,2026-10-01T00:00:00+09:00,2026-10-08T09:12:32+09:00
2026-10-01,31,monthly_trace,14520065,happy-sheep,holy_sheep3944,https://note.com/holy_sheep3944,True,1,1,538,2026-10-08T09:23:06.963965+09:00,2026-10-01T00:00:00+09:00,2026-10-08T09:12:32+09:00
2026-10-01,32,monthly_trace,12983172,masaya｜テンカラフル,10colorful,https://note.com/10colorful,True,1,1,2289,2026-10-08T09:23:06.963965+09:00,2026-10-01T00:00:00+09:00,2026-10-08T09:12:32+09:00
2026-10-01,33,monthly_trace,12624691,noteと遊ぶ あん,aging_gracefully,https://note.com/aging_gracefully,True,1,1,1615,2026-10-08T09:23:06.963965+09:00,2026-10-01T00:00:00+09:00,2026-10-08T09:12:32+09:00
2026-10-01,34,monthly_trace,13900618,sophie,scribble_1000,https://note.com/scribble_1000,True,1,1,944,2026-10-08T09:23:06.963965+09:00,2026-10-01T00:00:00+09:00,2026-10-08T09:12:32+09:00
2026-10-01,35,monthly_trace,564742,ta_kawano,takawano,https://note.com/takawano,True,1,1,140,2026-10-08T09:23:06.963965+09:00,2026-10-01T00:00:00+09:00,2026-10-08T09:12:32+09:00
2026-10-01,36,monthly_trace,4185124,yukiko 摂食嚥下コンサルタントナース,nanamoto52885,https://note.com/nanamoto52885,True,1,1,338,2026-10-08T09:23:06.963965+09:00,2026-10-01T00:00:00+09:00,2026-10-08T09:12:32+09:00
2026-10-01,37,monthly_trace,14587860,「ポンロボ」ポンコツAIロボ-副業機能付き,kaeritenai,https://note.com/kaeritenai,True,1,1,173,2026-10-08T09:23:06.963965+09:00,2026-10-01T00:00:00+09:00,2026-10-08T09:12:32+09:00
2026-10-01,38,monthly_trace,13133778,【無名 S note】18日でフォロワー1000名🚨連続収益中！48マガ・13共マガ運営 参加72🙆,ss_yr,https://note.com/ss_yr,True,1,1,2157,2026-10-08T09:23:06.963965+09:00,2026-10-01T00:00:00+09:00,2026-10-08T09:12:32+09:00
2026-10-01,39,monthly_trace,10461763,あおい＠30代後半のサイドFIRE実験記録,lifeworkfree,https://note.com/lifeworkfree,True,1,1,485,2026-10-08T09:23:06.963965+09:00,2026-10-01T00:00:00+09:00,2026-10-08T09:12:32+09:00
2026-10-01,40,monthly_trace,13430194,あきまむ｜AIとnoteを楽しむ,fond_shark9221,https://note.com/fond_shark9221,True,1,1,344,2026-10-08T09:23:06.963965+09:00,2026-10-01T00:00:00+09:00,2026-10-08T09:12:32+09:00
2026-10-01,41,monthly_trace,15168020,あたくし｜アラフォー女の深淵,_atakushi,https://note.com/_atakushi,True,1,1,408,2026-10-08T09:23:06.963965+09:00,2026-10-01T00:00:00+09:00,2026-10-08T09:12:32+09:00
2026-10-01,42,monthly_trace,13878107,うんちゃん｜開運実験,unchan_happy,https://note.com/unchan_happy,True,1,1,848,2026-10-08T09:23:06.963965+09:00,2026-10-01T00:00:00+09:00,2026-10-08T09:12:32+09:00
2026-10-01,43,monthly_trace,15730124,こはる,koharu_chy,https://note.com/koharu_chy,True,1,1,10,2026-10-08T09:23:06.963965+09:00,2026-10-01T00:00:00+09:00,2026-10-08T09:12:32+09:00
2026-10-01,44,monthly_trace,13777980,しげちーSS,shjgechy,https://note.com/shjgechy,True,1,1,733,2026-10-08T09:23:06.963965+09:00,2026-10-01T00:00:00+09:00,2026-10-08T09:12:32+09:00
2026-10-01,45,monthly_trace,15007270,しま | 日常にそっと英語を,shima_shima03,https://note.com/shima_shima03,True,1,1,84,2026-10-08T09:23:06.963965+09:00,2026-10-01T00:00:00+09:00,2026-10-08T09:12:32+09:00
2026-10-01,46,monthly_trace,10511593,しれネコ🐾｜迷子の気持ち、 ちょっと軽く,large_hosta3387,https://note.com/large_hosta3387,True,1,1,1126,2026-10-08T09:23:06.963965+09:00,2026-10-01T00:00:00+09:00,2026-10-08T09:12:32+09:00
2026-10-01,47,monthly_trace,12521570,しろのある,shirono_aru,https://note.com/shirono_aru,True,1,1,4240,2026-10-08T09:23:06.963965+09:00,2026-10-01T00:00:00+09:00,2026-10-08T09:12:32+09:00
2026-10-01,48,monthly_trace,2490558,だんだんありがと@めじゅ,dandan_arigato19,https://note.com/dandan_arigato19,True,1,1,781,2026-10-08T09:23:06.963965+09:00,2026-10-01T00:00:00+09:00,2026-10-08T09:12:32+09:00
2026-10-01,49,monthly_trace,13305460,とりかじ｜研究職パパの家庭DX研究室,like_cosmos1242,https://note.com/like_cosmos1242,True,1,1,159,2026-10-08T09:23:06.963965+09:00,2026-10-01T00:00:00+09:00,2026-10-08T09:12:32+09:00
2026-10-01,50,monthly_trace,10332488,ななな｜もやもや減らし屋,alive_prawn4206,https://note.com/alive_prawn4206,True,1,1,454,2026-10-08T09:23:06.963965+09:00,2026-10-01T00:00:00+09:00,2026-10-08T09:12:32+09:00
2026-10-01,51,monthly_trace,12235137,ねんころ@AIクリエイター,nenkoro_life,https://note.com/nenkoro_life,True,1,1,2021,2026-10-08T09:23:06.963965+09:00,2026-10-01T00:00:00+09:00,2026-10-08T09:12:32+09:00
2026-10-01,52,monthly_trace,3598618,はしゃも｜感情構造エンジニア,hasyamo,https://note.com/hasyamo,True,1,1,736,2026-10-08T09:23:06.963965+09:00,2026-10-01T00:00:00+09:00,2026-10-08T09:12:32+09:00
2026-10-01,53,monthly_trace,6426263,はるかな,ai_crayon_04,https://note.com/ai_crayon_04,True,1,1,165,2026-10-08T09:23:06.963965+09:00,2026-10-01T00:00:00+09:00,2026-10-08T09:12:32+09:00
2026-10-01,54,monthly_trace,13136155,はる｜“書く”を続ける,harublog0038,https://note.com/harublog0038,True,1,1,438,2026-10-08T09:23:06.963965+09:00,2026-10-01T00:00:00+09:00,2026-10-08T09:12:32+09:00
2026-10-01,55,monthly_trace,13366653,ぱぴさん,papi_san,https://note.com/papi_san,True,1,1,534,2026-10-08T09:23:06.963965+09:00,2026-10-01T00:00:00+09:00,2026-10-08T09:12:32+09:00
2026-10-01,56,monthly_trace,12148536,まき@こどもと日々成長中,asobo_kids,https://note.com/asobo_kids,True,1,1,1409,2026-10-08T09:23:06.963965+09:00,2026-10-01T00:00:00+09:00,2026-10-08T09:12:32+09:00
2026-10-01,57,monthly_trace,5828006,まなつ/突出マイノリティ列伝,tosshutsu_m,https://note.com/tosshutsu_m,True,1,1,9794,2026-10-08T09:23:06.963965+09:00,2026-10-01T00:00:00+09:00,2026-10-08T09:12:32+09:00
2026-10-01,58,monthly_trace,12377105,まるよか,yokayoka5103,https://note.com/yokayoka5103,True,1,1,1653,2026-10-08T09:23:06.963965+09:00,2026-10-01T00:00:00+09:00,2026-10-08T09:12:32+09:00
2026-10-01,59,monthly_trace,13892517,みき＠社労士事務所のしがないパンダ,modern_dill3027,https://note.com/modern_dill3027,True,1,1,277,2026-10-08T09:23:06.963965+09:00,2026-10-01T00:00:00+09:00,2026-10-08T09:12:32+09:00
2026-10-01,60,monthly_trace,10501834,みふゆ＆成瀬圭｜AIパートナーとnote実験中｜フォロバ100,kei_mifu,https://note.com/kei_mifu,True,1,1,1267,2026-10-08T09:23:06.963965+09:00,2026-10-01T00:00:00+09:00,2026-10-08T09:12:32+09:00
2026-10-01,61,monthly_trace,11837112,もぐら,mogurabooks,https://note.com/mogurabooks,True,1,1,376,2026-10-08T09:23:06.963965+09:00,2026-10-01T00:00:00+09:00,2026-10-08T09:12:32+09:00
2026-10-01,62,monthly_trace,13642246,やっさん（yasuda）,large_iguana6415,https://note.com/large_iguana6415,True,1,1,1684,2026-10-08T09:23:06.963965+09:00,2026-10-01T00:00:00+09:00,2026-10-08T09:12:32+09:00
2026-10-01,63,monthly_trace,1481431,やま,yama_i,https://note.com/yama_i,True,1,1,4,2026-10-08T09:23:06.963965+09:00,2026-10-01T00:00:00+09:00,2026-10-08T09:12:32+09:00
2026-10-01,64,monthly_trace,12924098,やまラボ,yama_lab00,https://note.com/yama_lab00,True,1,1,253,2026-10-08T09:23:06.963965+09:00,2026-10-01T00:00:00+09:00,2026-10-08T09:12:32+09:00
2026-10-01,65,monthly_trace,15671629,アホクソ,ahokuso,https://note.com/ahokuso,True,1,1,97,2026-10-08T09:23:06.963965+09:00,2026-10-01T00:00:00+09:00,2026-10-08T09:12:32+09:00
2026-10-01,66,monthly_trace,11877070,アルフレッド(ALFRED),game_system_alex,https://note.com/game_system_alex,True,1,1,4175,2026-10-08T09:23:06.963965+09:00,2026-10-01T00:00:00+09:00,2026-10-08T09:12:32+09:00
2026-10-01,67,monthly_trace,13379754,イシザキ,si_mbam4,https://note.com/si_mbam4,True,1,1,379,2026-10-08T09:23:06.963965+09:00,2026-10-01T00:00:00+09:00,2026-10-08T09:12:32+09:00
2026-10-01,68,monthly_trace,14689807,カタうさ,katasumi_bs,https://note.com/katasumi_bs,True,1,1,335,2026-10-08T09:23:06.963965+09:00,2026-10-01T00:00:00+09:00,2026-10-08T09:12:32+09:00
2026-10-01,69,monthly_trace,15573007,コタロウ｜40代、SNS×AIに全振り,kotarozero,https://note.com/kotarozero,True,1,1,242,2026-10-08T09:23:06.963965+09:00,2026-10-01T00:00:00+09:00,2026-10-08T09:12:32+09:00
2026-10-01,70,monthly_trace,10827166,コンパス みき✨️好きのタネ🌱‬‪を育てる案内人,compass_m360,https://note.com/compass_m360,True,1,1,2047,2026-10-08T09:23:06.963965+09:00,2026-10-01T00:00:00+09:00,2026-10-08T09:12:32+09:00
2026-10-01,71,monthly_trace,5962262,ジャムボーイ,witty_lotus224,https://note.com/witty_lotus224,True,1,1,2443,2026-10-08T09:23:06.963965+09:00,2026-10-01T00:00:00+09:00,2026-10-08T09:12:32+09:00
2026-10-01,72,monthly_trace,12232616,デジさしみ | IT現場の効率家,digital_sashimi,https://note.com/digital_sashimi,True,1,1,1167,2026-10-08T09:23:06.963965+09:00,2026-10-01T00:00:00+09:00,2026-10-08T09:12:32+09:00
2026-10-01,73,monthly_trace,12358153,ハル｜Tokyo Visual Moments,dreamy_quail9288,https://note.com/dreamy_quail9288,True,1,1,544,2026-10-08T09:23:06.963965+09:00,2026-10-01T00:00:00+09:00,2026-10-08T09:12:32+09:00
2026-10-01,74,monthly_trace,13628385,ヘクたろー|緑内障でも「面白い」を残したい男,hekutaro_0520,https://note.com/hekutaro_0520,True,1,1,728,2026-10-08T09:23:06.963965+09:00,2026-10-01T00:00:00+09:00,2026-10-08T09:12:32+09:00
2026-10-01,75,monthly_trace,15387414,ポラフ｜AI副業ログ,gay_impala1620,https://note.com/gay_impala1620,True,1,1,366,2026-10-08T09:23:06.963965+09:00,2026-10-01T00:00:00+09:00,2026-10-08T09:12:32+09:00
2026-10-01,76,monthly_trace,13870436,ママ薬剤師HONO,hospital_ph_hono,https://note.com/hospital_ph_hono,True,1,1,1071,2026-10-08T09:23:06.963965+09:00,2026-10-01T00:00:00+09:00,2026-10-08T09:12:32+09:00
2026-10-01,77,monthly_trace,13806959,ミライダネ,suzuka020825,https://note.com/suzuka020825,True,1,1,994,2026-10-08T09:23:06.963965+09:00,2026-10-01T00:00:00+09:00,2026-10-08T09:12:32+09:00
2026-10-01,78,monthly_trace,14567125,メモ魔┃AI×4コマ漫画,memoma_ai,https://note.com/memoma_ai,True,1,1,150,2026-10-08T09:23:06.963965+09:00,2026-10-01T00:00:00+09:00,2026-10-08T09:12:32+09:00
2026-10-01,79,monthly_trace,15263154,一人分を超えた日から｜ひとり事務所とAI,hitori_office_ai,https://note.com/hitori_office_ai,True,1,1,1098,2026-10-08T09:23:06.963965+09:00,2026-10-01T00:00:00+09:00,2026-10-08T09:12:32+09:00
2026-10-01,80,monthly_trace,15717145,五月🌙忘却書店🌙,clean_myrtle4703,https://note.com/clean_myrtle4703,True,1,1,17,2026-10-08T09:23:06.963965+09:00,2026-10-01T00:00:00+09:00,2026-10-08T09:12:32+09:00
2026-10-01,81,monthly_trace,14093852,仲元さとる｜元保険代理店・証券仲介業経営者の本音,nakamoto_hoken,https://note.com/nakamoto_hoken,True,1,1,175,2026-10-08T09:23:06.963965+09:00,2026-10-01T00:00:00+09:00,2026-10-08T09:12:32+09:00
2026-10-01,82,monthly_trace,12516832,和田雄三｜AI×心理ブランディングデザイナー,glad_dill2129,https://note.com/glad_dill2129,True,1,1,1157,2026-10-08T09:23:06.963965+09:00,2026-10-01T00:00:00+09:00,2026-10-08T09:12:32+09:00
2026-10-01,83,monthly_trace,14302008,室崎 敬太 【AIテック企業役員×オーナー経営】,murosakikeita,https://note.com/murosakikeita,True,1,1,3489,2026-10-08T09:23:06.963965+09:00,2026-10-01T00:00:00+09:00,2026-10-08T09:12:32+09:00
2026-10-01,84,monthly_trace,14531881,採用担当やってます。,saiyotanto,https://note.com/saiyotanto,True,1,1,171,2026-10-08T09:23:06.963965+09:00,2026-10-01T00:00:00+09:00,2026-10-08T09:12:32+09:00
2026-10-01,85,monthly_trace,13502174,架空彼氏製作所｜AIイラスト,kakuu_kareshi,https://note.com/kakuu_kareshi,True,1,1,391,2026-10-08T09:23:06.963965+09:00,2026-10-01T00:00:00+09:00,2026-10-08T09:12:32+09:00
2026-10-01,86,monthly_trace,15394915,柴犬ゆる暮らし｜柴ゆる,calm_sedum3458,https://note.com/calm_sedum3458,True,1,1,140,2026-10-08T09:23:06.963965+09:00,2026-10-01T00:00:00+09:00,2026-10-08T09:12:32+09:00
2026-10-01,87,monthly_trace,346575,桜星雨夜,squallxxx,https://note.com/squallxxx,True,1,1,89,2026-10-08T09:23:06.963965+09:00,2026-10-01T00:00:00+09:00,2026-10-08T09:12:32+09:00
2026-10-01,88,monthly_trace,11870206,椿みきこ🌸季節の花ごよみ,hirata_mikiko60,https://note.com/hirata_mikiko60,True,1,1,1007,2026-10-08T09:23:06.963965+09:00,2026-10-01T00:00:00+09:00,2026-10-08T09:12:32+09:00
2026-10-01,89,monthly_trace,9980809,気まぐれ執事｜AIでキャラの日常をつくる,rapid_mint5831,https://note.com/rapid_mint5831,True,1,1,146,2026-10-08T09:23:06.963965+09:00,2026-10-01T00:00:00+09:00,2026-10-08T09:12:32+09:00
2026-10-01,90,monthly_trace,12197172,緑どんぐり,green_donguri,https://note.com/green_donguri,True,1,1,2035,2026-10-08T09:23:06.963965+09:00,2026-10-01T00:00:00+09:00,2026-10-08T09:12:32+09:00
2026-10-01,91,monthly_trace,15729594,羊毛の魔女パレット🐏,novel_woolpallet,https://note.com/novel_woolpallet,True,1,1,25,2026-10-08T09:23:06.963965+09:00,2026-10-01T00:00:00+09:00,2026-10-08T09:12:32+09:00
2026-10-01,92,monthly_trace,12158291,考える赤柴｜ハロウィンアート2026応援中,eager_thyme9842,https://note.com/eager_thyme9842,True,1,1,699,2026-10-08T09:23:06.963965+09:00,2026-10-01T00:00:00+09:00,2026-10-08T09:12:32+09:00
2026-10-01,93,monthly_trace,6537962,花まるエレメンタリーミドルスクール,hanamentary,https://note.com/hanamentary,True,1,1,335,2026-10-08T09:23:06.963965+09:00,2026-10-01T00:00:00+09:00,2026-10-08T09:12:32+09:00
2026-10-01,94,monthly_trace,5947863,菅谷健太郎,light_coyote380,https://note.com/light_coyote380,True,1,1,8240,2026-10-08T09:23:06.963965+09:00,2026-10-01T00:00:00+09:00,2026-10-08T09:12:32+09:00
2026-10-01,95,monthly_trace,14494109,藤｜AIと仕事も遊びも本気,nanamay11023,https://note.com/nanamay11023,True,1,1,308,2026-10-08T09:23:06.963965+09:00,2026-10-01T00:00:00+09:00,2026-10-08T09:12:32+09:00
2026-10-01,96,monthly_trace,253443,雪月 音弥,otoya_step,https://note.com/otoya_step,True,1,1,80,2026-10-08T09:23:06.963965+09:00,2026-10-01T00:00:00+09:00,2026-10-08T09:12:32+09:00
2026-10-02,1,monthly_trace,13158712,コヤギ｜静かに暮らす,koyagishizukani,https://note.com/koyagishizukani,True,10,18,268,2026-10-08T09:23:06.963965+09:00,2026-10-01T00:00:00+09:00,2026-10-08T09:12:32+09:00
2026-10-02,2,monthly_trace,15680481,サンタクラシ🍄,love_chance,https://note.com/love_chance,True,3,3,59,2026-10-08T09:23:06.963965+09:00,2026-10-01T00:00:00+09:00,2026-10-08T09:12:32+09:00
2026-10-02,3,monthly_trace,3598618,はしゃも｜感情構造エンジニア,hasyamo,https://note.com/hasyamo,True,2,3,736,2026-10-08T09:23:06.963965+09:00,2026-10-01T00:00:00+09:00,2026-10-08T09:12:32+09:00
2026-10-02,4,monthly_trace,13259374,Joe Tsukasa,joe2x100,https://note.com/joe2x100,True,1,3,1099,2026-10-08T09:23:06.963965+09:00,2026-10-01T00:00:00+09:00,2026-10-08T09:12:32+09:00
2026-10-02,5,monthly_trace,10460304,ちんぱん🐒耳毛〰(˙👄˙)〰,ojisan_chinpan,https://note.com/ojisan_chinpan,True,1,3,1574,2026-10-08T09:23:06.963965+09:00,2026-10-01T00:00:00+09:00,2026-10-08T09:12:32+09:00
2026-10-02,6,monthly_trace,14903985,まっちゃ💚AI活用とnote副業ラボ,matcha_aispirit,https://note.com/matcha_aispirit,True,1,3,812,2026-10-08T09:23:06.963965+09:00,2026-10-01T00:00:00+09:00,2026-10-08T09:12:32+09:00
2026-10-02,7,monthly_trace,14363101,ゆ,yuuwa1046,https://note.com/yuuwa1046,True,1,3,210,2026-10-08T09:23:06.963965+09:00,2026-10-01T00:00:00+09:00,2026-10-08T09:12:32+09:00
2026-10-02,8,monthly_trace,6312735,ピナクル,modern_holly38,https://note.com/modern_holly38,True,1,3,468,2026-10-08T09:23:06.963965+09:00,2026-10-01T00:00:00+09:00,2026-10-08T09:12:32+09:00
2026-10-02,9,monthly_trace,14239507,ミュリン♪(*´ω`*)✨,star246,https://note.com/star246,True,1,3,1230,2026-10-08T09:23:06.963965+09:00,2026-10-01T00:00:00+09:00,2026-10-08T09:12:32+09:00
2026-10-02,10,monthly_trace,13140757,雪詠｜ゆきよみ,yukiyomi,https://note.com/yukiyomi,True,1,3,1027,2026-10-08T09:23:06.963965+09:00,2026-10-01T00:00:00+09:00,2026-10-08T09:12:32+09:00
2026-10-02,11,monthly_trace,15290558,pito,hirocho_1125,https://note.com/hirocho_1125,True,0,3,97,2026-10-08T09:23:06.963965+09:00,2026-10-01T00:00:00+09:00,2026-10-08T09:12:32+09:00
2026-10-02,12,monthly_trace,13621165,ごんた,glad_hosta9940,https://note.com/glad_hosta9940,True,0,3,118,2026-10-08T09:23:06.963965+09:00,2026-10-01T00:00:00+09:00,2026-10-08T09:12:32+09:00
2026-10-02,13,monthly_trace,14824580,たける　【日本正義・いのち党】,sane_coot4394,https://note.com/sane_coot4394,True,0,3,353,2026-10-08T09:23:06.963965+09:00,2026-10-01T00:00:00+09:00,2026-10-08T09:12:32+09:00
2026-10-02,14,monthly_trace,12301144,ゆぴか｜働きづらさから在宅ワークを模索中☀︎,tasty_quoll5392,https://note.com/tasty_quoll5392,True,0,3,799,2026-10-08T09:23:06.963965+09:00,2026-10-01T00:00:00+09:00,2026-10-08T09:12:32+09:00
2026-10-02,15,monthly_trace,13231653,エビちり,open_eel2077,https://note.com/open_eel2077,True,2,2,410,2026-10-08T09:23:06.963965+09:00,2026-10-01T00:00:00+09:00,2026-10-08T09:12:32+09:00
2026-10-02,16,monthly_trace,11634537,ナオユキ｜物語と知識のコンシェルジュ,ai_naoyuki,https://note.com/ai_naoyuki,True,2,2,3696,2026-10-08T09:23:06.963965+09:00,2026-10-01T00:00:00+09:00,2026-10-08T09:12:32+09:00
2026-10-02,17,monthly_trace,13094187,ミナト汐　＠光と構図のアトリエ,n_kazumai55633,https://note.com/n_kazumai55633,True,2,2,1112,2026-10-08T09:23:06.963965+09:00,2026-10-01T00:00:00+09:00,2026-10-08T09:12:32+09:00
2026-10-02,18,monthly_trace,11583083,夏目羊,hitsuji_natsume,https://note.com/hitsuji_natsume,True,2,2,2157,2026-10-08T09:23:06.963965+09:00,2026-10-01T00:00:00+09:00,2026-10-08T09:12:32+09:00
2026-10-02,19,monthly_trace,15151979,経営士M × AIオーケストレーション,advanciel02,https://note.com/advanciel02,True,2,2,871,2026-10-08T09:23:06.963965+09:00,2026-10-01T00:00:00+09:00,2026-10-08T09:12:32+09:00
2026-10-02,20,monthly_trace,14025235,Aily｜AI美女で月10万を自動化,ailyxtokyo,https://note.com/ailyxtokyo,True,1,2,167,2026-10-08T09:23:06.963965+09:00,2026-10-01T00:00:00+09:00,2026-10-08T09:12:32+09:00
2026-10-02,21,monthly_trace,11807623,Anna,modern_lion2880,https://note.com/modern_lion2880,True,1,2,1044,2026-10-08T09:23:06.963965+09:00,2026-10-01T00:00:00+09:00,2026-10-08T09:12:32+09:00
2026-10-02,22,monthly_trace,15611455,DABOちゃん｜ゴルフ×AI×SNS継続の記録,dabochan_gogo,https://note.com/dabochan_gogo,True,1,2,329,2026-10-08T09:23:06.963965+09:00,2026-10-01T00:00:00+09:00,2026-10-08T09:12:32+09:00
2026-10-02,23,monthly_trace,13125356,EARTH🌎,fast_thyme336,https://note.com/fast_thyme336,True,1,2,751,2026-10-08T09:23:06.963965+09:00,2026-10-01T00:00:00+09:00,2026-10-08T09:12:32+09:00
2026-10-02,24,monthly_trace,11178899,KEN 田舎で介護,fit_lion6308,https://note.com/fit_lion6308,True,1,2,614,2026-10-08T09:23:06.963965+09:00,2026-10-01T00:00:00+09:00,2026-10-08T09:12:32+09:00
2026-10-02,25,monthly_trace,14820938,Labo.,futurelnve5r,https://note.com/futurelnve5r,True,1,2,1811,2026-10-08T09:23:06.963965+09:00,2026-10-01T00:00:00+09:00,2026-10-08T09:12:32+09:00
2026-10-02,26,monthly_trace,12983172,masaya｜テンカラフル,10colorful,https://note.com/10colorful,True,1,2,2289,2026-10-08T09:23:06.963965+09:00,2026-10-01T00:00:00+09:00,2026-10-08T09:12:32+09:00
2026-10-02,27,monthly_trace,13900618,sophie,scribble_1000,https://note.com/scribble_1000,True,1,2,944,2026-10-08T09:23:06.963965+09:00,2026-10-01T00:00:00+09:00,2026-10-08T09:12:32+09:00
2026-10-02,28,monthly_trace,564742,ta_kawano,takawano,https://note.com/takawano,True,1,2,140,2026-10-08T09:23:06.963965+09:00,2026-10-01T00:00:00+09:00,2026-10-08T09:12:32+09:00
2026-10-02,29,monthly_trace,13133778,【無名 S note】18日でフォロワー1000名🚨連続収益中！48マガ・13共マガ運営 参加72🙆,ss_yr,https://note.com/ss_yr,True,1,2,2157,2026-10-08T09:23:06.963965+09:00,2026-10-01T00:00:00+09:00,2026-10-08T09:12:32+09:00
2026-10-02,30,monthly_trace,13430194,あきまむ｜AIとnoteを楽しむ,fond_shark9221,https://note.com/fond_shark9221,True,1,2,344,2026-10-08T09:23:06.963965+09:00,2026-10-01T00:00:00+09:00,2026-10-08T09:12:32+09:00
2026-10-02,31,monthly_trace,15007270,しま | 日常にそっと英語を,shima_shima03,https://note.com/shima_shima03,True,1,2,84,2026-10-08T09:23:06.963965+09:00,2026-10-01T00:00:00+09:00,2026-10-08T09:12:32+09:00
2026-10-02,32,monthly_trace,10511593,しれネコ🐾｜迷子の気持ち、 ちょっと軽く,large_hosta3387,https://note.com/large_hosta3387,True,1,2,1126,2026-10-08T09:23:06.963965+09:00,2026-10-01T00:00:00+09:00,2026-10-08T09:12:32+09:00
2026-10-02,33,monthly_trace,2490558,だんだんありがと@めじゅ,dandan_arigato19,https://note.com/dandan_arigato19,True,1,2,781,2026-10-08T09:23:06.963965+09:00,2026-10-01T00:00:00+09:00,2026-10-08T09:12:32+09:00
2026-10-02,34,monthly_trace,13305460,とりかじ｜研究職パパの家庭DX研究室,like_cosmos1242,https://note.com/like_cosmos1242,True,1,2,159,2026-10-08T09:23:06.963965+09:00,2026-10-01T00:00:00+09:00,2026-10-08T09:12:32+09:00
2026-10-02,35,monthly_trace,10332488,ななな｜もやもや減らし屋,alive_prawn4206,https://note.com/alive_prawn4206,True,1,2,454,2026-10-08T09:23:06.963965+09:00,2026-10-01T00:00:00+09:00,2026-10-08T09:12:32+09:00
2026-10-02,36,monthly_trace,6426263,はるかな,ai_crayon_04,https://note.com/ai_crayon_04,True,1,2,165,2026-10-08T09:23:06.963965+09:00,2026-10-01T00:00:00+09:00,2026-10-08T09:12:32+09:00
2026-10-02,37,monthly_trace,13892517,みき＠社労士事務所のしがないパンダ,modern_dill3027,https://note.com/modern_dill3027,True,1,2,277,2026-10-08T09:23:06.963965+09:00,2026-10-01T00:00:00+09:00,2026-10-08T09:12:32+09:00
2026-10-02,38,monthly_trace,13642246,やっさん（yasuda）,large_iguana6415,https://note.com/large_iguana6415,True,1,2,1684,2026-10-08T09:23:06.963965+09:00,2026-10-01T00:00:00+09:00,2026-10-08T09:12:32+09:00
2026-10-02,39,monthly_trace,11877070,アルフレッド(ALFRED),game_system_alex,https://note.com/game_system_alex,True,1,2,4175,2026-10-08T09:23:06.963965+09:00,2026-10-01T00:00:00+09:00,2026-10-08T09:12:32+09:00
2026-10-02,40,monthly_trace,14689807,カタうさ,katasumi_bs,https://note.com/katasumi_bs,True,1,2,335,2026-10-08T09:23:06.963965+09:00,2026-10-01T00:00:00+09:00,2026-10-08T09:12:32+09:00
2026-10-02,41,monthly_trace,15573007,コタロウ｜40代、SNS×AIに全振り,kotarozero,https://note.com/kotarozero,True,1,2,242,2026-10-08T09:23:06.963965+09:00,2026-10-01T00:00:00+09:00,2026-10-08T09:12:32+09:00
2026-10-02,42,monthly_trace,12358153,ハル｜Tokyo Visual Moments,dreamy_quail9288,https://note.com/dreamy_quail9288,True,1,2,544,2026-10-08T09:23:06.963965+09:00,2026-10-01T00:00:00+09:00,2026-10-08T09:12:32+09:00
2026-10-02,43,monthly_trace,13870436,ママ薬剤師HONO,hospital_ph_hono,https://note.com/hospital_ph_hono,True,1,2,1071,2026-10-08T09:23:06.963965+09:00,2026-10-01T00:00:00+09:00,2026-10-08T09:12:32+09:00
2026-10-02,44,monthly_trace,14567125,メモ魔┃AI×4コマ漫画,memoma_ai,https://note.com/memoma_ai,True,1,2,150,2026-10-08T09:23:06.963965+09:00,2026-10-01T00:00:00+09:00,2026-10-08T09:12:32+09:00
2026-10-02,45,monthly_trace,15394915,柴犬ゆる暮らし｜柴ゆる,calm_sedum3458,https://note.com/calm_sedum3458,True,1,2,140,2026-10-08T09:23:06.963965+09:00,2026-10-01T00:00:00+09:00,2026-10-08T09:12:32+09:00
2026-10-02,46,monthly_trace,346575,桜星雨夜,squallxxx,https://note.com/squallxxx,True,1,2,89,2026-10-08T09:23:06.963965+09:00,2026-10-01T00:00:00+09:00,2026-10-08T09:12:32+09:00
2026-10-02,47,monthly_trace,11870206,椿みきこ🌸季節の花ごよみ,hirata_mikiko60,https://note.com/hirata_mikiko60,True,1,2,1007,2026-10-08T09:23:06.963965+09:00,2026-10-01T00:00:00+09:00,2026-10-08T09:12:32+09:00
2026-10-02,48,monthly_trace,12197172,緑どんぐり,green_donguri,https://note.com/green_donguri,True,1,2,2035,2026-10-08T09:23:06.963965+09:00,2026-10-01T00:00:00+09:00,2026-10-08T09:12:32+09:00
2026-10-02,49,monthly_trace,12158291,考える赤柴｜ハロウィンアート2026応援中,eager_thyme9842,https://note.com/eager_thyme9842,True,1,2,699,2026-10-08T09:23:06.963965+09:00,2026-10-01T00:00:00+09:00,2026-10-08T09:12:32+09:00
2026-10-02,50,monthly_trace,14494109,藤｜AIと仕事も遊びも本気,nanamay11023,https://note.com/nanamay11023,True,1,2,308,2026-10-08T09:23:06.963965+09:00,2026-10-01T00:00:00+09:00,2026-10-08T09:12:32+09:00
2026-10-02,51,monthly_trace,13718195,きいるか,yellowdolphin,https://note.com/yellowdolphin,True,0,2,43,2026-10-08T09:23:06.963965+09:00,2026-10-01T00:00:00+09:00,2026-10-08T09:12:32+09:00
2026-10-02,52,monthly_trace,4877017,須川元介/情報翻訳家,skagenavi,https://note.com/skagenavi,True,0,2,2729,2026-10-08T09:23:06.963965+09:00,2026-10-01T00:00:00+09:00,2026-10-08T09:12:32+09:00
2026-10-02,53,monthly_trace,2862586,EX-FAX-CE｜ロスジェネ氷河期的視点,exfaxce,https://note.com/exfaxce,True,1,1,1861,2026-10-08T09:23:06.963965+09:00,2026-10-01T00:00:00+09:00,2026-10-08T09:12:32+09:00
2026-10-02,54,monthly_trace,15001557,Margin Archive,limber_tulip137,https://note.com/limber_tulip137,True,1,1,586,2026-10-08T09:23:06.963965+09:00,2026-10-01T00:00:00+09:00,2026-10-08T09:12:32+09:00
2026-10-02,55,monthly_trace,14642195,vagabond1497,loyal_fox8450,https://note.com/loyal_fox8450,True,1,1,75,2026-10-08T09:23:06.963965+09:00,2026-10-01T00:00:00+09:00,2026-10-08T09:12:32+09:00
2026-10-02,56,monthly_trace,10803734,yaema,syousonankei2523,https://note.com/syousonankei2523,True,1,1,121,2026-10-08T09:23:06.963965+09:00,2026-10-01T00:00:00+09:00,2026-10-08T09:12:32+09:00
2026-10-02,57,monthly_trace,12580328,あいびより。AIクリエイターの日常🐾,aiby_masuhiyo,https://note.com/aiby_masuhiyo,True,1,1,1575,2026-10-08T09:23:06.963965+09:00,2026-10-01T00:00:00+09:00,2026-10-08T09:12:32+09:00
2026-10-02,58,monthly_trace,12149394,あめ｜AIと言葉の日々,ame_to_ai,https://note.com/ame_to_ai,True,1,1,727,2026-10-08T09:23:06.963965+09:00,2026-10-01T00:00:00+09:00,2026-10-08T09:12:32+09:00
2026-10-02,59,monthly_trace,12589788,ういろう,tsubakinu,https://note.com/tsubakinu,True,1,1,791,2026-10-08T09:23:06.963965+09:00,2026-10-01T00:00:00+09:00,2026-10-08T09:12:32+09:00
2026-10-02,60,monthly_trace,11463020,お喋りお兄さん@配信×noteの人,osya_verymuch,https://note.com/osya_verymuch,True,1,1,65,2026-10-08T09:23:06.963965+09:00,2026-10-01T00:00:00+09:00,2026-10-08T09:12:32+09:00
2026-10-02,61,monthly_trace,12025079,けー虎 | AIマンガであなたのココロゆるませます！,solo_diary,https://note.com/solo_diary,True,1,1,681,2026-10-08T09:23:06.963965+09:00,2026-10-01T00:00:00+09:00,2026-10-08T09:12:32+09:00
2026-10-02,62,monthly_trace,14463371,さいとう｜ワーママ管理職｜残業ゼロで成果を出すAI時短術,kind_boar557,https://note.com/kind_boar557,True,1,1,1605,2026-10-08T09:23:06.963965+09:00,2026-10-01T00:00:00+09:00,2026-10-08T09:12:32+09:00
2026-10-02,63,monthly_trace,12848229,そら,flux_water,https://note.com/flux_water,True,1,1,226,2026-10-08T09:23:06.963965+09:00,2026-10-01T00:00:00+09:00,2026-10-08T09:12:32+09:00
2026-10-02,64,monthly_trace,15142635,つぶあん｜不養生な漢方薬剤師,kamponightowl,https://note.com/kamponightowl,True,1,1,117,2026-10-08T09:23:06.963965+09:00,2026-10-01T00:00:00+09:00,2026-10-08T09:12:32+09:00
2026-10-02,65,monthly_trace,12789134,とり,tori2323,https://note.com/tori2323,True,1,1,3755,2026-10-08T09:23:06.963965+09:00,2026-10-01T00:00:00+09:00,2026-10-08T09:12:32+09:00
2026-10-02,66,monthly_trace,11968206,もり｜40代の“仕事を軽くする”リスキリング,mori_reskilling,https://note.com/mori_reskilling,True,1,1,520,2026-10-08T09:23:06.963965+09:00,2026-10-01T00:00:00+09:00,2026-10-08T09:12:32+09:00
2026-10-02,67,monthly_trace,13854803,アイダ,azulnix,https://note.com/azulnix,True,1,1,15,2026-10-08T09:23:06.963965+09:00,2026-10-01T00:00:00+09:00,2026-10-08T09:12:32+09:00
2026-10-02,68,monthly_trace,14280635,キャリア採用の現場から,saiyopro,https://note.com/saiyopro,True,1,1,573,2026-10-08T09:23:06.963965+09:00,2026-10-01T00:00:00+09:00,2026-10-08T09:12:32+09:00
2026-10-02,69,monthly_trace,15248332,ニック｜心と体のサインから生き方を決め直すコーチ,nick47change,https://note.com/nick47change,True,1,1,385,2026-10-08T09:23:06.963965+09:00,2026-10-01T00:00:00+09:00,2026-10-08T09:12:32+09:00
2026-10-02,70,monthly_trace,7830971,ハカセ アイ (Ai-Hakase)🐱YouTube × 記事でトレンドAIを解説する為のnote🐾,ai_hakase,https://note.com/ai_hakase,True,1,1,7813,2026-10-08T09:23:06.963965+09:00,2026-10-01T00:00:00+09:00,2026-10-08T09:12:32+09:00
2026-10-02,71,monthly_trace,13919050,メモ魔┃AIとひとり会社,memoma102,https://note.com/memoma102,True,1,1,186,2026-10-08T09:23:06.963965+09:00,2026-10-01T00:00:00+09:00,2026-10-08T09:12:32+09:00
2026-10-02,72,monthly_trace,12114005,ロト6とロト7で数々の当選実績と高額当選者を輩出している元外資系金融マンのロト攻略法,warrenv,https://note.com/warrenv,True,1,1,1390,2026-10-08T09:23:06.963965+09:00,2026-10-01T00:00:00+09:00,2026-10-08T09:12:32+09:00
2026-10-02,73,monthly_trace,12927111,元銀行員のAIお金ノート,ai_money60,https://note.com/ai_money60,True,1,1,784,2026-10-08T09:23:06.963965+09:00,2026-10-01T00:00:00+09:00,2026-10-08T09:12:32+09:00
2026-10-02,74,monthly_trace,5738970,営業fafa | note業界No.1営業マン,kohana1112,https://note.com/kohana1112,True,1,1,1868,2026-10-08T09:23:06.963965+09:00,2026-10-01T00:00:00+09:00,2026-10-08T09:12:32+09:00
2026-10-02,75,monthly_trace,455384,庭師ふろんた｜3兄弟パパ,niwashi_fronta,https://note.com/niwashi_fronta,True,1,1,1469,2026-10-08T09:23:06.963965+09:00,2026-10-01T00:00:00+09:00,2026-10-08T09:12:32+09:00
2026-10-02,76,monthly_trace,15624543,文殊 知恵,uiki_monju,https://note.com/uiki_monju,True,1,1,66,2026-10-08T09:23:06.963965+09:00,2026-10-01T00:00:00+09:00,2026-10-08T09:12:32+09:00
2026-10-02,77,monthly_trace,13908776,暮らしのリハ医K,quirky_lotus3945,https://note.com/quirky_lotus3945,True,1,1,37,2026-10-08T09:23:06.963965+09:00,2026-10-01T00:00:00+09:00,2026-10-08T09:12:32+09:00
2026-10-02,78,monthly_trace,6326357,棚島 香帆汰（たなしま かほた）,brave_bee548,https://note.com/brave_bee548,True,1,1,749,2026-10-08T09:23:06.963965+09:00,2026-10-01T00:00:00+09:00,2026-10-08T09:12:32+09:00
2026-10-02,79,monthly_trace,15288249,永野優作,mute_phlox837,https://note.com/mute_phlox837,True,1,1,920,2026-10-08T09:23:06.963965+09:00,2026-10-01T00:00:00+09:00,2026-10-08T09:12:32+09:00
2026-10-02,80,monthly_trace,11930127,沙夜-𝕊𝕒𝕪𝕠- 沙夜学園🌠,sayo_official,https://note.com/sayo_official,True,1,1,533,2026-10-08T09:23:06.963965+09:00,2026-10-01T00:00:00+09:00,2026-10-08T09:12:32+09:00
2026-10-02,81,monthly_trace,5052671,海外３児ママの幸福講義,naruyouni,https://note.com/naruyouni,True,1,1,276,2026-10-08T09:23:06.963965+09:00,2026-10-01T00:00:00+09:00,2026-10-08T09:12:32+09:00
2026-10-02,82,monthly_trace,11058763,濱口貴光@AIとデータサイエンスが好きな薬剤師,pharma_i_cist,https://note.com/pharma_i_cist,True,1,1,1170,2026-10-08T09:23:06.963965+09:00,2026-10-01T00:00:00+09:00,2026-10-08T09:12:32+09:00
2026-10-02,83,monthly_trace,9619867,灰猫はいねこ,nice_pony9719,https://note.com/nice_pony9719,True,1,1,483,2026-10-08T09:23:06.963965+09:00,2026-10-01T00:00:00+09:00,2026-10-08T09:12:32+09:00
2026-10-02,84,monthly_trace,14414366,碧乃さくら,unique_turkey951,https://note.com/unique_turkey951,True,1,1,959,2026-10-08T09:23:06.963965+09:00,2026-10-01T00:00:00+09:00,2026-10-08T09:12:32+09:00
2026-10-02,85,monthly_trace,13043888,空手家パパ,gentle_curlew322,https://note.com/gentle_curlew322,True,1,1,1172,2026-10-08T09:23:06.963965+09:00,2026-10-01T00:00:00+09:00,2026-10-08T09:12:32+09:00
2026-10-02,86,monthly_trace,12668465,紅茶🫖｜ことばの庭,usagi_no_mimi_,https://note.com/usagi_no_mimi_,True,1,1,293,2026-10-08T09:23:06.963965+09:00,2026-10-01T00:00:00+09:00,2026-10-08T09:12:32+09:00
2026-10-02,87,monthly_trace,15520714,紡えり🐱　⁂GPT遊びに夢中⁂,00irea00,https://note.com/00irea00,True,1,1,494,2026-10-08T09:23:06.963965+09:00,2026-10-01T00:00:00+09:00,2026-10-08T09:12:32+09:00
2026-10-02,88,monthly_trace,14755738,紬は今日も絶好調！？,tsumu_156,https://note.com/tsumu_156,True,1,1,301,2026-10-08T09:23:06.963965+09:00,2026-10-01T00:00:00+09:00,2026-10-08T09:12:32+09:00
2026-10-02,89,monthly_trace,3875022,翔太郎,koyayou,https://note.com/koyayou,True,1,1,102,2026-10-08T09:23:06.963965+09:00,2026-10-01T00:00:00+09:00,2026-10-08T09:12:32+09:00
2026-10-02,90,monthly_trace,12751168,翠竜　SUIRYU,huge_cougar215,https://note.com/huge_cougar215,True,1,1,281,2026-10-08T09:23:06.963965+09:00,2026-10-01T00:00:00+09:00,2026-10-08T09:12:32+09:00
2026-10-02,91,monthly_trace,14080392,長坂　珠子　│ケアマネ×後見人×投資家,nagasaka_tamako,https://note.com/nagasaka_tamako,True,1,1,324,2026-10-08T09:23:06.963965+09:00,2026-10-01T00:00:00+09:00,2026-10-08T09:12:32+09:00
2026-10-02,92,monthly_trace,12235051,青井透子｜日常の過剰解釈屋,crisp_chimp0823,https://note.com/crisp_chimp0823,True,1,1,481,2026-10-08T09:23:06.963965+09:00,2026-10-01T00:00:00+09:00,2026-10-08T09:12:32+09:00
2026-10-02,93,monthly_trace,13991022,麻乃颯月|卒婚を決めたアラ還主婦,satuki_asano501,https://note.com/satuki_asano501,True,1,1,523,2026-10-08T09:23:06.963965+09:00,2026-10-01T00:00:00+09:00,2026-10-08T09:12:32+09:00
2026-10-02,94,monthly_trace,14555620,54Plants,hiromavich,https://note.com/hiromavich,True,0,1,281,2026-10-08T09:23:06.963965+09:00,2026-10-01T00:00:00+09:00,2026-10-08T09:12:32+09:00
2026-10-02,95,monthly_trace,11703348,AIさとう｜AI動画で収益化を目指す,ai_sato_,https://note.com/ai_sato_,True,0,1,89,2026-10-08T09:23:06.963965+09:00,2026-10-01T00:00:00+09:00,2026-10-08T09:12:32+09:00
2026-10-02,96,monthly_trace,790651,AZUSA KIKUGAWA(相互フォローしてます),sakuracotton,https://note.com/sakuracotton,True,0,1,506,2026-10-08T09:23:06.963965+09:00,2026-10-01T00:00:00+09:00,2026-10-08T09:12:32+09:00
2026-10-02,97,monthly_trace,11351510,Ejii✦3（えじー）,deft_raven2722,https://note.com/deft_raven2722,True,0,1,297,2026-10-08T09:23:06.963965+09:00,2026-10-01T00:00:00+09:00,2026-10-08T09:12:32+09:00
2026-10-02,98,monthly_trace,12966384,FANTASY-AI JP,mute_hyena5293,https://note.com/mute_hyena5293,True,0,1,237,2026-10-08T09:23:06.963965+09:00,2026-10-01T00:00:00+09:00,2026-10-08T09:12:32+09:00
2026-10-02,99,monthly_trace,12076418,FumiUmi,lunch_box235,https://note.com/lunch_box235,True,0,1,1109,2026-10-08T09:23:06.963965+09:00,2026-10-01T00:00:00+09:00,2026-10-08T09:12:32+09:00
2026-10-02,100,monthly_trace,15214463,Hanchan,hot_elk6916,https://note.com/hot_elk6916,True,0,1,85,2026-10-08T09:23:06.963965+09:00,2026-10-01T00:00:00+09:00,2026-10-08T09:12:32+09:00
2026-10-02,101,monthly_trace,7580255,Kinu｜AIイラストと発信づくり,kinu885,https://note.com/kinu885,True,0,1,2338,2026-10-08T09:23:06.963965+09:00,2026-10-01T00:00:00+09:00,2026-10-08T09:12:32+09:00
2026-10-02,102,monthly_trace,5330022,Marie | まりーの小さな⚙️歯車⚙️ラボ🔬,marie_222,https://note.com/marie_222,True,0,1,161,2026-10-08T09:23:06.963965+09:00,2026-10-01T00:00:00+09:00,2026-10-08T09:12:32+09:00
2026-10-02,103,monthly_trace,12142452,VCL,verde_combat_lab,https://note.com/verde_combat_lab,True,0,1,749,2026-10-08T09:23:06.963965+09:00,2026-10-01T00:00:00+09:00,2026-10-08T09:12:32+09:00
2026-10-02,104,monthly_trace,14520065,happy-sheep,holy_sheep3944,https://note.com/holy_sheep3944,True,0,1,538,2026-10-08T09:23:06.963965+09:00,2026-10-01T00:00:00+09:00,2026-10-08T09:12:32+09:00
2026-10-02,105,monthly_trace,12624691,noteと遊ぶ あん,aging_gracefully,https://note.com/aging_gracefully,True,0,1,1615,2026-10-08T09:23:06.963965+09:00,2026-10-01T00:00:00+09:00,2026-10-08T09:12:32+09:00
2026-10-02,106,monthly_trace,4185124,yukiko 摂食嚥下コンサルタントナース,nanamoto52885,https://note.com/nanamoto52885,True,0,1,338,2026-10-08T09:23:06.963965+09:00,2026-10-01T00:00:00+09:00,2026-10-08T09:12:32+09:00
2026-10-02,107,monthly_trace,14587860,「ポンロボ」ポンコツAIロボ-副業機能付き,kaeritenai,https://note.com/kaeritenai,True,0,1,173,2026-10-08T09:23:06.963965+09:00,2026-10-01T00:00:00+09:00,2026-10-08T09:12:32+09:00
2026-10-02,108,monthly_trace,10461763,あおい＠30代後半のサイドFIRE実験記録,lifeworkfree,https://note.com/lifeworkfree,True,0,1,485,2026-10-08T09:23:06.963965+09:00,2026-10-01T00:00:00+09:00,2026-10-08T09:12:32+09:00
2026-10-02,109,monthly_trace,15168020,あたくし｜アラフォー女の深淵,_atakushi,https://note.com/_atakushi,True,0,1,408,2026-10-08T09:23:06.963965+09:00,2026-10-01T00:00:00+09:00,2026-10-08T09:12:32+09:00
2026-10-02,110,monthly_trace,13878107,うんちゃん｜開運実験,unchan_happy,https://note.com/unchan_happy,True,0,1,848,2026-10-08T09:23:06.963965+09:00,2026-10-01T00:00:00+09:00,2026-10-08T09:12:32+09:00
2026-10-02,111,monthly_trace,15730124,こはる,koharu_chy,https://note.com/koharu_chy,True,0,1,10,2026-10-08T09:23:06.963965+09:00,2026-10-01T00:00:00+09:00,2026-10-08T09:12:32+09:00
2026-10-02,112,monthly_trace,13777980,しげちーSS,shjgechy,https://note.com/shjgechy,True,0,1,733,2026-10-08T09:23:06.963965+09:00,2026-10-01T00:00:00+09:00,2026-10-08T09:12:32+09:00
2026-10-02,113,monthly_trace,12521570,しろのある,shirono_aru,https://note.com/shirono_aru,True,0,1,4240,2026-10-08T09:23:06.963965+09:00,2026-10-01T00:00:00+09:00,2026-10-08T09:12:32+09:00
2026-10-02,114,monthly_trace,12235137,ねんころ@AIクリエイター,nenkoro_life,https://note.com/nenkoro_life,True,0,1,2021,2026-10-08T09:23:06.963965+09:00,2026-10-01T00:00:00+09:00,2026-10-08T09:12:32+09:00
2026-10-02,115,monthly_trace,13136155,はる｜“書く”を続ける,harublog0038,https://note.com/harublog0038,True,0,1,438,2026-10-08T09:23:06.963965+09:00,2026-10-01T00:00:00+09:00,2026-10-08T09:12:32+09:00
2026-10-02,116,monthly_trace,13366653,ぱぴさん,papi_san,https://note.com/papi_san,True,0,1,534,2026-10-08T09:23:06.963965+09:00,2026-10-01T00:00:00+09:00,2026-10-08T09:12:32+09:00
2026-10-02,117,monthly_trace,12148536,まき@こどもと日々成長中,asobo_kids,https://note.com/asobo_kids,True,0,1,1409,2026-10-08T09:23:06.963965+09:00,2026-10-01T00:00:00+09:00,2026-10-08T09:12:32+09:00
2026-10-02,118,monthly_trace,5828006,まなつ/突出マイノリティ列伝,tosshutsu_m,https://note.com/tosshutsu_m,True,0,1,9794,2026-10-08T09:23:06.963965+09:00,2026-10-01T00:00:00+09:00,2026-10-08T09:12:32+09:00
2026-10-02,119,monthly_trace,12377105,まるよか,yokayoka5103,https://note.com/yokayoka5103,True,0,1,1653,2026-10-08T09:23:06.963965+09:00,2026-10-01T00:00:00+09:00,2026-10-08T09:12:32+09:00
2026-10-02,120,monthly_trace,10501834,みふゆ＆成瀬圭｜AIパートナーとnote実験中｜フォロバ100,kei_mifu,https://note.com/kei_mifu,True,0,1,1267,2026-10-08T09:23:06.963965+09:00,2026-10-01T00:00:00+09:00,2026-10-08T09:12:32+09:00
2026-10-02,121,monthly_trace,11837112,もぐら,mogurabooks,https://note.com/mogurabooks,True,0,1,376,2026-10-08T09:23:06.963965+09:00,2026-10-01T00:00:00+09:00,2026-10-08T09:12:32+09:00
2026-10-02,122,monthly_trace,1481431,やま,yama_i,https://note.com/yama_i,True,0,1,4,2026-10-08T09:23:06.963965+09:00,2026-10-01T00:00:00+09:00,2026-10-08T09:12:32+09:00
2026-10-02,123,monthly_trace,12924098,やまラボ,yama_lab00,https://note.com/yama_lab00,True,0,1,253,2026-10-08T09:23:06.963965+09:00,2026-10-01T00:00:00+09:00,2026-10-08T09:12:32+09:00
2026-10-02,124,monthly_trace,15671629,アホクソ,ahokuso,https://note.com/ahokuso,True,0,1,97,2026-10-08T09:23:06.963965+09:00,2026-10-01T00:00:00+09:00,2026-10-08T09:12:32+09:00
2026-10-02,125,monthly_trace,13379754,イシザキ,si_mbam4,https://note.com/si_mbam4,True,0,1,379,2026-10-08T09:23:06.963965+09:00,2026-10-01T00:00:00+09:00,2026-10-08T09:12:32+09:00
2026-10-02,126,monthly_trace,10827166,コンパス みき✨️好きのタネ🌱‬‪を育てる案内人,compass_m360,https://note.com/compass_m360,True,0,1,2047,2026-10-08T09:23:06.963965+09:00,2026-10-01T00:00:00+09:00,2026-10-08T09:12:32+09:00
2026-10-02,127,monthly_trace,5962262,ジャムボーイ,witty_lotus224,https://note.com/witty_lotus224,True,0,1,2443,2026-10-08T09:23:06.963965+09:00,2026-10-01T00:00:00+09:00,2026-10-08T09:12:32+09:00
2026-10-02,128,monthly_trace,12232616,デジさしみ | IT現場の効率家,digital_sashimi,https://note.com/digital_sashimi,True,0,1,1167,2026-10-08T09:23:06.963965+09:00,2026-10-01T00:00:00+09:00,2026-10-08T09:12:32+09:00
2026-10-02,129,monthly_trace,13628385,ヘクたろー|緑内障でも「面白い」を残したい男,hekutaro_0520,https://note.com/hekutaro_0520,True,0,1,728,2026-10-08T09:23:06.963965+09:00,2026-10-01T00:00:00+09:00,2026-10-08T09:12:32+09:00
2026-10-02,130,monthly_trace,15387414,ポラフ｜AI副業ログ,gay_impala1620,https://note.com/gay_impala1620,True,0,1,366,2026-10-08T09:23:06.963965+09:00,2026-10-01T00:00:00+09:00,2026-10-08T09:12:32+09:00
2026-10-02,131,monthly_trace,13806959,ミライダネ,suzuka020825,https://note.com/suzuka020825,True,0,1,994,2026-10-08T09:23:06.963965+09:00,2026-10-01T00:00:00+09:00,2026-10-08T09:12:32+09:00
2026-10-02,132,monthly_trace,15263154,一人分を超えた日から｜ひとり事務所とAI,hitori_office_ai,https://note.com/hitori_office_ai,True,0,1,1098,2026-10-08T09:23:06.963965+09:00,2026-10-01T00:00:00+09:00,2026-10-08T09:12:32+09:00
2026-10-02,133,monthly_trace,15717145,五月🌙忘却書店🌙,clean_myrtle4703,https://note.com/clean_myrtle4703,True,0,1,17,2026-10-08T09:23:06.963965+09:00,2026-10-01T00:00:00+09:00,2026-10-08T09:12:32+09:00
2026-10-02,134,monthly_trace,14093852,仲元さとる｜元保険代理店・証券仲介業経営者の本音,nakamoto_hoken,https://note.com/nakamoto_hoken,True,0,1,175,2026-10-08T09:23:06.963965+09:00,2026-10-01T00:00:00+09:00,2026-10-08T09:12:32+09:00
2026-10-02,135,monthly_trace,12516832,和田雄三｜AI×心理ブランディングデザイナー,glad_dill2129,https://note.com/glad_dill2129,True,0,1,1157,2026-10-08T09:23:06.963965+09:00,2026-10-01T00:00:00+09:00,2026-10-08T09:12:32+09:00
2026-10-02,136,monthly_trace,14302008,室崎 敬太 【AIテック企業役員×オーナー経営】,murosakikeita,https://note.com/murosakikeita,True,0,1,3489,2026-10-08T09:23:06.963965+09:00,2026-10-01T00:00:00+09:00,2026-10-08T09:12:32+09:00
2026-10-02,137,monthly_trace,14531881,採用担当やってます。,saiyotanto,https://note.com/saiyotanto,True,0,1,171,2026-10-08T09:23:06.963965+09:00,2026-10-01T00:00:00+09:00,2026-10-08T09:12:32+09:00
2026-10-02,138,monthly_trace,13502174,架空彼氏製作所｜AIイラスト,kakuu_kareshi,https://note.com/kakuu_kareshi,True,0,1,391,2026-10-08T09:23:06.963965+09:00,2026-10-01T00:00:00+09:00,2026-10-08T09:12:32+09:00
2026-10-02,139,monthly_trace,9980809,気まぐれ執事｜AIでキャラの日常をつくる,rapid_mint5831,https://note.com/rapid_mint5831,True,0,1,146,2026-10-08T09:23:06.963965+09:00,2026-10-01T00:00:00+09:00,2026-10-08T09:12:32+09:00
2026-10-02,140,monthly_trace,15729594,羊毛の魔女パレット🐏,novel_woolpallet,https://note.com/novel_woolpallet,True,0,1,25,2026-10-08T09:23:06.963965+09:00,2026-10-01T00:00:00+09:00,2026-10-08T09:12:32+09:00
2026-10-02,141,monthly_trace,6537962,花まるエレメンタリーミドルスクール,hanamentary,https://note.com/hanamentary,True,0,1,335,2026-10-08T09:23:06.963965+09:00,2026-10-01T00:00:00+09:00,2026-10-08T09:12:32+09:00
2026-10-02,142,monthly_trace,5947863,菅谷健太郎,light_coyote380,https://note.com/light_coyote380,True,0,1,8240,2026-10-08T09:23:06.963965+09:00,2026-10-01T00:00:00+09:00,2026-10-08T09:12:32+09:00
2026-10-02,143,monthly_trace,253443,雪月 音弥,otoya_step,https://note.com/otoya_step,True,0,1,80,2026-10-08T09:23:06.963965+09:00,2026-10-01T00:00:00+09:00,2026-10-08T09:12:32+09:00
2026-10-03,1,monthly_trace,13158712,コヤギ｜静かに暮らす,koyagishizukani,https://note.com/koyagishizukani,True,6,24,268,2026-10-08T09:23:06.963965+09:00,2026-10-01T00:00:00+09:00,2026-10-08T09:12:32+09:00
2026-10-03,2,monthly_trace,13140757,雪詠｜ゆきよみ,yukiyomi,https://note.com/yukiyomi,True,4,7,1027,2026-10-08T09:23:06.963965+09:00,2026-10-01T00:00:00+09:00,2026-10-08T09:12:32+09:00
2026-10-03,3,monthly_trace,13900618,sophie,scribble_1000,https://note.com/scribble_1000,True,4,6,944,2026-10-08T09:23:06.963965+09:00,2026-10-01T00:00:00+09:00,2026-10-08T09:12:32+09:00
2026-10-03,4,monthly_trace,6426263,はるかな,ai_crayon_04,https://note.com/ai_crayon_04,True,4,6,165,2026-10-08T09:23:06.963965+09:00,2026-10-01T00:00:00+09:00,2026-10-08T09:12:32+09:00
2026-10-03,5,monthly_trace,13870436,ママ薬剤師HONO,hospital_ph_hono,https://note.com/hospital_ph_hono,True,3,5,1071,2026-10-08T09:23:06.963965+09:00,2026-10-01T00:00:00+09:00,2026-10-08T09:12:32+09:00
2026-10-03,6,monthly_trace,11583083,夏目羊,hitsuji_natsume,https://note.com/hitsuji_natsume,True,3,5,2157,2026-10-08T09:23:06.963965+09:00,2026-10-01T00:00:00+09:00,2026-10-08T09:12:32+09:00
2026-10-03,7,monthly_trace,14239507,ミュリン♪(*´ω`*)✨,star246,https://note.com/star246,True,2,5,1230,2026-10-08T09:23:06.963965+09:00,2026-10-01T00:00:00+09:00,2026-10-08T09:12:32+09:00
2026-10-03,8,monthly_trace,13305460,とりかじ｜研究職パパの家庭DX研究室,like_cosmos1242,https://note.com/like_cosmos1242,True,2,4,159,2026-10-08T09:23:06.963965+09:00,2026-10-01T00:00:00+09:00,2026-10-08T09:12:32+09:00
2026-10-03,9,monthly_trace,10460304,ちんぱん🐒耳毛〰(˙👄˙)〰,ojisan_chinpan,https://note.com/ojisan_chinpan,True,1,4,1574,2026-10-08T09:23:06.963965+09:00,2026-10-01T00:00:00+09:00,2026-10-08T09:12:32+09:00
2026-10-03,10,monthly_trace,3598618,はしゃも｜感情構造エンジニア,hasyamo,https://note.com/hasyamo,True,1,4,736,2026-10-08T09:23:06.963965+09:00,2026-10-01T00:00:00+09:00,2026-10-08T09:12:32+09:00
2026-10-03,11,monthly_trace,14363101,ゆ,yuuwa1046,https://note.com/yuuwa1046,True,1,4,210,2026-10-08T09:23:06.963965+09:00,2026-10-01T00:00:00+09:00,2026-10-08T09:12:32+09:00
2026-10-03,12,monthly_trace,6312735,ピナクル,modern_holly38,https://note.com/modern_holly38,True,1,4,468,2026-10-08T09:23:06.963965+09:00,2026-10-01T00:00:00+09:00,2026-10-08T09:12:32+09:00
2026-10-03,13,monthly_trace,15069362,安達【筋肉メタル親方】｜Creator’s Notebook,nice_crab5854,https://note.com/nice_crab5854,True,3,3,999,2026-10-08T09:23:06.963965+09:00,2026-10-01T00:00:00+09:00,2026-10-08T09:12:32+09:00
2026-10-03,14,monthly_trace,13628385,ヘクたろー|緑内障でも「面白い」を残したい男,hekutaro_0520,https://note.com/hekutaro_0520,True,2,3,728,2026-10-08T09:23:06.963965+09:00,2026-10-01T00:00:00+09:00,2026-10-08T09:12:32+09:00
2026-10-03,15,monthly_trace,14414366,碧乃さくら,unique_turkey951,https://note.com/unique_turkey951,True,2,3,959,2026-10-08T09:23:06.963965+09:00,2026-10-01T00:00:00+09:00,2026-10-08T09:12:32+09:00
2026-10-03,16,monthly_trace,12668465,紅茶🫖｜ことばの庭,usagi_no_mimi_,https://note.com/usagi_no_mimi_,True,2,3,293,2026-10-08T09:23:06.963965+09:00,2026-10-01T00:00:00+09:00,2026-10-08T09:12:32+09:00
2026-10-03,17,monthly_trace,14080392,長坂　珠子　│ケアマネ×後見人×投資家,nagasaka_tamako,https://note.com/nagasaka_tamako,True,2,3,324,2026-10-08T09:23:06.963965+09:00,2026-10-01T00:00:00+09:00,2026-10-08T09:12:32+09:00
2026-10-03,18,monthly_trace,11807623,Anna,modern_lion2880,https://note.com/modern_lion2880,True,1,3,1044,2026-10-08T09:23:06.963965+09:00,2026-10-01T00:00:00+09:00,2026-10-08T09:12:32+09:00
2026-10-03,19,monthly_trace,15611455,DABOちゃん｜ゴルフ×AI×SNS継続の記録,dabochan_gogo,https://note.com/dabochan_gogo,True,1,3,329,2026-10-08T09:23:06.963965+09:00,2026-10-01T00:00:00+09:00,2026-10-08T09:12:32+09:00
2026-10-03,20,monthly_trace,13125356,EARTH🌎,fast_thyme336,https://note.com/fast_thyme336,True,1,3,751,2026-10-08T09:23:06.963965+09:00,2026-10-01T00:00:00+09:00,2026-10-08T09:12:32+09:00
2026-10-03,21,monthly_trace,11178899,KEN 田舎で介護,fit_lion6308,https://note.com/fit_lion6308,True,1,3,614,2026-10-08T09:23:06.963965+09:00,2026-10-01T00:00:00+09:00,2026-10-08T09:12:32+09:00
2026-10-03,22,monthly_trace,12983172,masaya｜テンカラフル,10colorful,https://note.com/10colorful,True,1,3,2289,2026-10-08T09:23:06.963965+09:00,2026-10-01T00:00:00+09:00,2026-10-08T09:12:32+09:00
2026-10-03,23,monthly_trace,564742,ta_kawano,takawano,https://note.com/takawano,True,1,3,140,2026-10-08T09:23:06.963965+09:00,2026-10-01T00:00:00+09:00,2026-10-08T09:12:32+09:00
2026-10-03,24,monthly_trace,13133778,【無名 S note】18日でフォロワー1000名🚨連続収益中！48マガ・13共マガ運営 参加72🙆,ss_yr,https://note.com/ss_yr,True,1,3,2157,2026-10-08T09:23:06.963965+09:00,2026-10-01T00:00:00+09:00,2026-10-08T09:12:32+09:00
2026-10-03,25,monthly_trace,13430194,あきまむ｜AIとnoteを楽しむ,fond_shark9221,https://note.com/fond_shark9221,True,1,3,344,2026-10-08T09:23:06.963965+09:00,2026-10-01T00:00:00+09:00,2026-10-08T09:12:32+09:00
2026-10-03,26,monthly_trace,15007270,しま | 日常にそっと英語を,shima_shima03,https://note.com/shima_shima03,True,1,3,84,2026-10-08T09:23:06.963965+09:00,2026-10-01T00:00:00+09:00,2026-10-08T09:12:32+09:00
2026-10-03,27,monthly_trace,10511593,しれネコ🐾｜迷子の気持ち、 ちょっと軽く,large_hosta3387,https://note.com/large_hosta3387,True,1,3,1126,2026-10-08T09:23:06.963965+09:00,2026-10-01T00:00:00+09:00,2026-10-08T09:12:32+09:00
2026-10-03,28,monthly_trace,2490558,だんだんありがと@めじゅ,dandan_arigato19,https://note.com/dandan_arigato19,True,1,3,781,2026-10-08T09:23:06.963965+09:00,2026-10-01T00:00:00+09:00,2026-10-08T09:12:32+09:00
2026-10-03,29,monthly_trace,10332488,ななな｜もやもや減らし屋,alive_prawn4206,https://note.com/alive_prawn4206,True,1,3,454,2026-10-08T09:23:06.963965+09:00,2026-10-01T00:00:00+09:00,2026-10-08T09:12:32+09:00
2026-10-03,30,monthly_trace,13892517,みき＠社労士事務所のしがないパンダ,modern_dill3027,https://note.com/modern_dill3027,True,1,3,277,2026-10-08T09:23:06.963965+09:00,2026-10-01T00:00:00+09:00,2026-10-08T09:12:32+09:00
2026-10-03,31,monthly_trace,13642246,やっさん（yasuda）,large_iguana6415,https://note.com/large_iguana6415,True,1,3,1684,2026-10-08T09:23:06.963965+09:00,2026-10-01T00:00:00+09:00,2026-10-08T09:12:32+09:00
2026-10-03,32,monthly_trace,11877070,アルフレッド(ALFRED),game_system_alex,https://note.com/game_system_alex,True,1,3,4175,2026-10-08T09:23:06.963965+09:00,2026-10-01T00:00:00+09:00,2026-10-08T09:12:32+09:00
2026-10-03,33,monthly_trace,11634537,ナオユキ｜物語と知識のコンシェルジュ,ai_naoyuki,https://note.com/ai_naoyuki,True,1,3,3696,2026-10-08T09:23:06.963965+09:00,2026-10-01T00:00:00+09:00,2026-10-08T09:12:32+09:00
2026-10-03,34,monthly_trace,12358153,ハル｜Tokyo Visual Moments,dreamy_quail9288,https://note.com/dreamy_quail9288,True,1,3,544,2026-10-08T09:23:06.963965+09:00,2026-10-01T00:00:00+09:00,2026-10-08T09:12:32+09:00
2026-10-03,35,monthly_trace,13094187,ミナト汐　＠光と構図のアトリエ,n_kazumai55633,https://note.com/n_kazumai55633,True,1,3,1112,2026-10-08T09:23:06.963965+09:00,2026-10-01T00:00:00+09:00,2026-10-08T09:12:32+09:00
2026-10-03,36,monthly_trace,15394915,柴犬ゆる暮らし｜柴ゆる,calm_sedum3458,https://note.com/calm_sedum3458,True,1,3,140,2026-10-08T09:23:06.963965+09:00,2026-10-01T00:00:00+09:00,2026-10-08T09:12:32+09:00
2026-10-03,37,monthly_trace,346575,桜星雨夜,squallxxx,https://note.com/squallxxx,True,1,3,89,2026-10-08T09:23:06.963965+09:00,2026-10-01T00:00:00+09:00,2026-10-08T09:12:32+09:00
2026-10-03,38,monthly_trace,11870206,椿みきこ🌸季節の花ごよみ,hirata_mikiko60,https://note.com/hirata_mikiko60,True,1,3,1007,2026-10-08T09:23:06.963965+09:00,2026-10-01T00:00:00+09:00,2026-10-08T09:12:32+09:00
2026-10-03,39,monthly_trace,12197172,緑どんぐり,green_donguri,https://note.com/green_donguri,True,1,3,2035,2026-10-08T09:23:06.963965+09:00,2026-10-01T00:00:00+09:00,2026-10-08T09:12:32+09:00
2026-10-03,40,monthly_trace,12158291,考える赤柴｜ハロウィンアート2026応援中,eager_thyme9842,https://note.com/eager_thyme9842,True,1,3,699,2026-10-08T09:23:06.963965+09:00,2026-10-01T00:00:00+09:00,2026-10-08T09:12:32+09:00
2026-10-03,41,monthly_trace,14494109,藤｜AIと仕事も遊びも本気,nanamay11023,https://note.com/nanamay11023,True,1,3,308,2026-10-08T09:23:06.963965+09:00,2026-10-01T00:00:00+09:00,2026-10-08T09:12:32+09:00
2026-10-03,42,monthly_trace,4877017,須川元介/情報翻訳家,skagenavi,https://note.com/skagenavi,True,1,3,2729,2026-10-08T09:23:06.963965+09:00,2026-10-01T00:00:00+09:00,2026-10-08T09:12:32+09:00
2026-10-03,43,monthly_trace,13259374,Joe Tsukasa,joe2x100,https://note.com/joe2x100,True,0,3,1099,2026-10-08T09:23:06.963965+09:00,2026-10-01T00:00:00+09:00,2026-10-08T09:12:32+09:00
2026-10-03,44,monthly_trace,15290558,pito,hirocho_1125,https://note.com/hirocho_1125,True,0,3,97,2026-10-08T09:23:06.963965+09:00,2026-10-01T00:00:00+09:00,2026-10-08T09:12:32+09:00
2026-10-03,45,monthly_trace,13621165,ごんた,glad_hosta9940,https://note.com/glad_hosta9940,True,0,3,118,2026-10-08T09:23:06.963965+09:00,2026-10-01T00:00:00+09:00,2026-10-08T09:12:32+09:00
2026-10-03,46,monthly_trace,14824580,たける　【日本正義・いのち党】,sane_coot4394,https://note.com/sane_coot4394,True,0,3,353,2026-10-08T09:23:06.963965+09:00,2026-10-01T00:00:00+09:00,2026-10-08T09:12:32+09:00
2026-10-03,47,monthly_trace,14903985,まっちゃ💚AI活用とnote副業ラボ,matcha_aispirit,https://note.com/matcha_aispirit,True,0,3,812,2026-10-08T09:23:06.963965+09:00,2026-10-01T00:00:00+09:00,2026-10-08T09:12:32+09:00
2026-10-03,48,monthly_trace,12301144,ゆぴか｜働きづらさから在宅ワークを模索中☀︎,tasty_quoll5392,https://note.com/tasty_quoll5392,True,0,3,799,2026-10-08T09:23:06.963965+09:00,2026-10-01T00:00:00+09:00,2026-10-08T09:12:32+09:00
2026-10-03,49,monthly_trace,15680481,サンタクラシ🍄,love_chance,https://note.com/love_chance,True,0,3,59,2026-10-08T09:23:06.963965+09:00,2026-10-01T00:00:00+09:00,2026-10-08T09:12:32+09:00
2026-10-03,50,monthly_trace,12553034,HIROMI@,grand_fowl1887,https://note.com/grand_fowl1887,True,2,2,2534,2026-10-08T09:23:06.963965+09:00,2026-10-01T00:00:00+09:00,2026-10-08T09:12:32+09:00
2026-10-03,51,monthly_trace,15202016,Jota,jotavane,https://note.com/jotavane,True,2,2,402,2026-10-08T09:23:06.963965+09:00,2026-10-01T00:00:00+09:00,2026-10-08T09:12:32+09:00
2026-10-03,52,monthly_trace,14463811,みゆこ｜菜園ティスト🌱　「やってみた」を楽しもう,miyuki1192,https://note.com/miyuki1192,True,2,2,1083,2026-10-08T09:23:06.963965+09:00,2026-10-01T00:00:00+09:00,2026-10-08T09:12:32+09:00
2026-10-03,53,monthly_trace,12775322,カワムラ｜AI擬人化漫画 | ChatGPTのヨシダ,chatgpt_ysd,https://note.com/chatgpt_ysd,True,2,2,2435,2026-10-08T09:23:06.963965+09:00,2026-10-01T00:00:00+09:00,2026-10-08T09:12:32+09:00
2026-10-03,54,monthly_trace,15489715,伊藤ポップakaFCS,fcs_homecenter,https://note.com/fcs_homecenter,True,2,2,157,2026-10-08T09:23:06.963965+09:00,2026-10-01T00:00:00+09:00,2026-10-08T09:12:32+09:00
2026-10-03,55,monthly_trace,12076418,FumiUmi,lunch_box235,https://note.com/lunch_box235,True,1,2,1109,2026-10-08T09:23:06.963965+09:00,2026-10-01T00:00:00+09:00,2026-10-08T09:12:32+09:00
2026-10-03,56,monthly_trace,12624691,noteと遊ぶ あん,aging_gracefully,https://note.com/aging_gracefully,True,1,2,1615,2026-10-08T09:23:06.963965+09:00,2026-10-01T00:00:00+09:00,2026-10-08T09:12:32+09:00
2026-10-03,57,monthly_trace,12589788,ういろう,tsubakinu,https://note.com/tsubakinu,True,1,2,791,2026-10-08T09:23:06.963965+09:00,2026-10-01T00:00:00+09:00,2026-10-08T09:12:32+09:00
2026-10-03,58,monthly_trace,12025079,けー虎 | AIマンガであなたのココロゆるませます！,solo_diary,https://note.com/solo_diary,True,1,2,681,2026-10-08T09:23:06.963965+09:00,2026-10-01T00:00:00+09:00,2026-10-08T09:12:32+09:00
2026-10-03,59,monthly_trace,13777980,しげちーSS,shjgechy,https://note.com/shjgechy,True,1,2,733,2026-10-08T09:23:06.963965+09:00,2026-10-01T00:00:00+09:00,2026-10-08T09:12:32+09:00
2026-10-03,60,monthly_trace,12789134,とり,tori2323,https://note.com/tori2323,True,1,2,3755,2026-10-08T09:23:06.963965+09:00,2026-10-01T00:00:00+09:00,2026-10-08T09:12:32+09:00
2026-10-03,61,monthly_trace,12235137,ねんころ@AIクリエイター,nenkoro_life,https://note.com/nenkoro_life,True,1,2,2021,2026-10-08T09:23:06.963965+09:00,2026-10-01T00:00:00+09:00,2026-10-08T09:12:32+09:00
2026-10-03,62,monthly_trace,10827166,コンパス みき✨️好きのタネ🌱‬‪を育てる案内人,compass_m360,https://note.com/compass_m360,True,1,2,2047,2026-10-08T09:23:06.963965+09:00,2026-10-01T00:00:00+09:00,2026-10-08T09:12:32+09:00
2026-10-03,63,monthly_trace,14093852,仲元さとる｜元保険代理店・証券仲介業経営者の本音,nakamoto_hoken,https://note.com/nakamoto_hoken,True,1,2,175,2026-10-08T09:23:06.963965+09:00,2026-10-01T00:00:00+09:00,2026-10-08T09:12:32+09:00
2026-10-03,64,monthly_trace,11930127,沙夜-𝕊𝕒𝕪𝕠- 沙夜学園🌠,sayo_official,https://note.com/sayo_official,True,1,2,533,2026-10-08T09:23:06.963965+09:00,2026-10-01T00:00:00+09:00,2026-10-08T09:12:32+09:00
2026-10-03,65,monthly_trace,13043888,空手家パパ,gentle_curlew322,https://note.com/gentle_curlew322,True,1,2,1172,2026-10-08T09:23:06.963965+09:00,2026-10-01T00:00:00+09:00,2026-10-08T09:12:32+09:00
2026-10-03,66,monthly_trace,12235051,青井透子｜日常の過剰解釈屋,crisp_chimp0823,https://note.com/crisp_chimp0823,True,1,2,481,2026-10-08T09:23:06.963965+09:00,2026-10-01T00:00:00+09:00,2026-10-08T09:12:32+09:00
2026-10-03,67,monthly_trace,13991022,麻乃颯月|卒婚を決めたアラ還主婦,satuki_asano501,https://note.com/satuki_asano501,True,1,2,523,2026-10-08T09:23:06.963965+09:00,2026-10-01T00:00:00+09:00,2026-10-08T09:12:32+09:00
2026-10-03,68,monthly_trace,14025235,Aily｜AI美女で月10万を自動化,ailyxtokyo,https://note.com/ailyxtokyo,True,0,2,167,2026-10-08T09:23:06.963965+09:00,2026-10-01T00:00:00+09:00,2026-10-08T09:12:32+09:00
2026-10-03,69,monthly_trace,14820938,Labo.,futurelnve5r,https://note.com/futurelnve5r,True,0,2,1811,2026-10-08T09:23:06.963965+09:00,2026-10-01T00:00:00+09:00,2026-10-08T09:12:32+09:00
2026-10-03,70,monthly_trace,13718195,きいるか,yellowdolphin,https://note.com/yellowdolphin,True,0,2,43,2026-10-08T09:23:06.963965+09:00,2026-10-01T00:00:00+09:00,2026-10-08T09:12:32+09:00
2026-10-03,71,monthly_trace,13231653,エビちり,open_eel2077,https://note.com/open_eel2077,True,0,2,410,2026-10-08T09:23:06.963965+09:00,2026-10-01T00:00:00+09:00,2026-10-08T09:12:32+09:00
2026-10-03,72,monthly_trace,14689807,カタうさ,katasumi_bs,https://note.com/katasumi_bs,True,0,2,335,2026-10-08T09:23:06.963965+09:00,2026-10-01T00:00:00+09:00,2026-10-08T09:12:32+09:00
2026-10-03,73,monthly_trace,15573007,コタロウ｜40代、SNS×AIに全振り,kotarozero,https://note.com/kotarozero,True,0,2,242,2026-10-08T09:23:06.963965+09:00,2026-10-01T00:00:00+09:00,2026-10-08T09:12:32+09:00
2026-10-03,74,monthly_trace,14567125,メモ魔┃AI×4コマ漫画,memoma_ai,https://note.com/memoma_ai,True,0,2,150,2026-10-08T09:23:06.963965+09:00,2026-10-01T00:00:00+09:00,2026-10-08T09:12:32+09:00
2026-10-03,75,monthly_trace,15151979,経営士M × AIオーケストレーション,advanciel02,https://note.com/advanciel02,True,0,2,871,2026-10-08T09:23:06.963965+09:00,2026-10-01T00:00:00+09:00,2026-10-08T09:12:32+09:00
2026-10-03,76,monthly_trace,15236773,47歳　元営業部長　脳出血から仕事復帰へ Tomo,pure_hebe635,https://note.com/pure_hebe635,True,1,1,928,2026-10-08T09:23:06.963965+09:00,2026-10-01T00:00:00+09:00,2026-10-08T09:12:32+09:00
2026-10-03,77,monthly_trace,265106,KENBO：技術と経験を次へつなぐ｜AIと半導体エンジニア兼複業クリエイター,kenbo1929,https://note.com/kenbo1929,True,1,1,685,2026-10-08T09:23:06.963965+09:00,2026-10-01T00:00:00+09:00,2026-10-08T09:12:32+09:00
2026-10-03,78,monthly_trace,13713057,Keptyの旅ログ🚲️,kepcharitabi,https://note.com/kepcharitabi,True,1,1,574,2026-10-08T09:23:06.963965+09:00,2026-10-01T00:00:00+09:00,2026-10-08T09:12:32+09:00
2026-10-03,79,monthly_trace,12862447,SilentTaker@しずかちゃん,real_egret9710,https://note.com/real_egret9710,True,1,1,233,2026-10-08T09:23:06.963965+09:00,2026-10-01T00:00:00+09:00,2026-10-08T09:12:32+09:00
2026-10-03,80,monthly_trace,15484996,amanoha｜編集×AI,amanoha_ai,https://note.com/amanoha_ai,True,1,1,66,2026-10-08T09:23:06.963965+09:00,2026-10-01T00:00:00+09:00,2026-10-08T09:12:32+09:00
2026-10-03,81,monthly_trace,14884158,kazuma,kazuma3924,https://note.com/kazuma3924,True,1,1,234,2026-10-08T09:23:06.963965+09:00,2026-10-01T00:00:00+09:00,2026-10-08T09:12:32+09:00
2026-10-03,82,monthly_trace,10526244,kinose / note美容師,kino0905,https://note.com/kino0905,True,1,1,792,2026-10-08T09:23:06.963965+09:00,2026-10-01T00:00:00+09:00,2026-10-08T09:12:32+09:00
2026-10-03,83,monthly_trace,12715352,tadapiyo,rosy_gnu3023,https://note.com/rosy_gnu3023,True,1,1,105,2026-10-08T09:23:06.963965+09:00,2026-10-01T00:00:00+09:00,2026-10-08T09:12:32+09:00
2026-10-03,84,monthly_trace,4721164,あい,nanatsunoko3,https://note.com/nanatsunoko3,True,1,1,515,2026-10-08T09:23:06.963965+09:00,2026-10-01T00:00:00+09:00,2026-10-08T09:12:32+09:00
2026-10-03,85,monthly_trace,14430145,あっきー｜漫画チラシ・AIイラスト制作,keen_violet2415,https://note.com/keen_violet2415,True,1,1,10,2026-10-08T09:23:06.963965+09:00,2026-10-01T00:00:00+09:00,2026-10-08T09:12:32+09:00
2026-10-03,86,monthly_trace,11281870,きおう ろん,xdh0002,https://note.com/xdh0002,True,1,1,667,2026-10-08T09:23:06.963965+09:00,2026-10-01T00:00:00+09:00,2026-10-08T09:12:32+09:00
2026-10-03,87,monthly_trace,12014165,くまのひとみ│note界のアイドル発達凸凹っ子アララのママ,tanupop,https://note.com/tanupop,True,1,1,666,2026-10-08T09:23:06.963965+09:00,2026-10-01T00:00:00+09:00,2026-10-08T09:12:32+09:00
2026-10-03,88,monthly_trace,1580107,ぐれんの　おにぎり@ あなたを人生の主人公にする心理家,selcject,https://note.com/selcject,True,1,1,3430,2026-10-08T09:23:06.963965+09:00,2026-10-01T00:00:00+09:00,2026-10-08T09:12:32+09:00
2026-10-03,89,monthly_trace,13163455,こたや｜KOTAYA,kotaya_log,https://note.com/kotaya_log,True,1,1,3658,2026-10-08T09:23:06.963965+09:00,2026-10-01T00:00:00+09:00,2026-10-08T09:12:32+09:00
2026-10-03,90,monthly_trace,6790420,ひろのすけ | ごんぶとUSPプロデューサー,kocoroodoru,https://note.com/kocoroodoru,True,1,1,31,2026-10-08T09:23:06.963965+09:00,2026-10-01T00:00:00+09:00,2026-10-08T09:12:32+09:00
2026-10-03,91,monthly_trace,3330412,やまと　たける,0011naporeonn,https://note.com/0011naporeonn,True,1,1,5044,2026-10-08T09:23:06.963965+09:00,2026-10-01T00:00:00+09:00,2026-10-08T09:12:32+09:00
2026-10-03,92,monthly_trace,13156049,らっく,sakusakurakku,https://note.com/sakusakurakku,True,1,1,0,2026-10-08T09:23:06.963965+09:00,2026-10-01T00:00:00+09:00,2026-10-08T09:12:32+09:00
2026-10-03,93,monthly_trace,9731407,ろぺこ,ropeko_7,https://note.com/ropeko_7,True,1,1,41,2026-10-08T09:23:06.963965+09:00,2026-10-01T00:00:00+09:00,2026-10-08T09:12:32+09:00
2026-10-03,94,monthly_trace,12730552,エリカが好き勝手に語るチャンネル,erikakataru,https://note.com/erikakataru,True,1,1,333,2026-10-08T09:23:06.963965+09:00,2026-10-01T00:00:00+09:00,2026-10-08T09:12:32+09:00
2026-10-03,95,monthly_trace,5513805,カナミン｜AIと迷いながら、進む人,kanamin26,https://note.com/kanamin26,True,1,1,1027,2026-10-08T09:23:06.963965+09:00,2026-10-01T00:00:00+09:00,2026-10-08T09:12:32+09:00
2026-10-03,96,monthly_trace,11900590,クセさん｜失敗を資産に変えるnote伴走者,habit_notemaster,https://note.com/habit_notemaster,True,1,1,1475,2026-10-08T09:23:06.963965+09:00,2026-10-01T00:00:00+09:00,2026-10-08T09:12:32+09:00
2026-10-03,97,monthly_trace,13964497,ケア Design,nurse_notion,https://note.com/nurse_notion,True,1,1,320,2026-10-08T09:23:06.963965+09:00,2026-10-01T00:00:00+09:00,2026-10-08T09:12:32+09:00
2026-10-03,98,monthly_trace,13913798,コバユウ＿採用担当の視点,fine_clam7528,https://note.com/fine_clam7528,True,1,1,1355,2026-10-08T09:23:06.963965+09:00,2026-10-01T00:00:00+09:00,2026-10-08T09:12:32+09:00
2026-10-03,99,monthly_trace,14607319,シンシア,quiet_snail9618,https://note.com/quiet_snail9618,True,1,1,22,2026-10-08T09:23:06.963965+09:00,2026-10-01T00:00:00+09:00,2026-10-08T09:12:32+09:00
2026-10-03,100,monthly_trace,7896891,ポンタ,pontanohaha,https://note.com/pontanohaha,True,1,1,1302,2026-10-08T09:23:06.963965+09:00,2026-10-01T00:00:00+09:00,2026-10-08T09:12:32+09:00
2026-10-03,101,monthly_trace,12906286,ミノリ・グルーヴ@Minoriからの転生,open_tulip9172,https://note.com/open_tulip9172,True,1,1,179,2026-10-08T09:23:06.963965+09:00,2026-10-01T00:00:00+09:00,2026-10-08T09:12:32+09:00
2026-10-03,102,monthly_trace,15695723,レン．イケメンM男のCFNM・羞恥の記録,glossy_gnu5519,https://note.com/glossy_gnu5519,True,1,1,33,2026-10-08T09:23:06.963965+09:00,2026-10-01T00:00:00+09:00,2026-10-08T09:12:32+09:00
2026-10-03,103,monthly_trace,10479931,働くメンタルカウンセラー,merry_pipit1562,https://note.com/merry_pipit1562,True,1,1,3678,2026-10-08T09:23:06.963965+09:00,2026-10-01T00:00:00+09:00,2026-10-08T09:12:32+09:00
2026-10-03,104,monthly_trace,10494093,元No.1ホストと女性主導体験,serene_liger429,https://note.com/serene_liger429,True,1,1,2032,2026-10-08T09:23:06.963965+09:00,2026-10-01T00:00:00+09:00,2026-10-08T09:12:32+09:00
2026-10-03,105,monthly_trace,11972332,奇構屋ゴロウ,kyogen_lab,https://note.com/kyogen_lab,True,1,1,378,2026-10-08T09:23:06.963965+09:00,2026-10-01T00:00:00+09:00,2026-10-08T09:12:32+09:00
2026-10-03,106,monthly_trace,9911040,小島すがも,kojima_sugamo,https://note.com/kojima_sugamo,True,1,1,1081,2026-10-08T09:23:06.963965+09:00,2026-10-01T00:00:00+09:00,2026-10-08T09:12:32+09:00
2026-10-03,107,monthly_trace,9282525,建从,fresh_racoon3036,https://note.com/fresh_racoon3036,True,1,1,570,2026-10-08T09:23:06.963965+09:00,2026-10-01T00:00:00+09:00,2026-10-08T09:12:32+09:00
2026-10-03,108,monthly_trace,12106767,惰眠がしたい赤猫さん,lef_works,https://note.com/lef_works,True,1,1,276,2026-10-08T09:23:06.963965+09:00,2026-10-01T00:00:00+09:00,2026-10-08T09:12:32+09:00
2026-10-03,109,monthly_trace,14804559,日常｜星と夜と小さな物語,like_shrew7210,https://note.com/like_shrew7210,True,1,1,531,2026-10-08T09:23:06.963965+09:00,2026-10-01T00:00:00+09:00,2026-10-08T09:12:32+09:00
2026-10-03,110,monthly_trace,12138574,暮らしの整え相談室　ぽんまぁ,ponmaaa,https://note.com/ponmaaa,True,1,1,401,2026-10-08T09:23:06.963965+09:00,2026-10-01T00:00:00+09:00,2026-10-08T09:12:32+09:00
2026-10-03,111,monthly_trace,15729270,木乃 しゃもじ,shamoji_miteru,https://note.com/shamoji_miteru,True,1,1,15,2026-10-08T09:23:06.963965+09:00,2026-10-01T00:00:00+09:00,2026-10-08T09:12:32+09:00
2026-10-03,112,monthly_trace,14926894,渚は今日も遠回り,vivid_stilt8535,https://note.com/vivid_stilt8535,True,1,1,459,2026-10-08T09:23:06.963965+09:00,2026-10-01T00:00:00+09:00,2026-10-08T09:12:32+09:00
2026-10-03,113,monthly_trace,14701958,瑠兎(うゆ/liú tù),ythf,https://note.com/ythf,True,1,1,7,2026-10-08T09:23:06.963965+09:00,2026-10-01T00:00:00+09:00,2026-10-08T09:12:32+09:00
2026-10-03,114,monthly_trace,15707736,生きているだけで偉い,firm_condor91,https://note.com/firm_condor91,True,1,1,73,2026-10-08T09:23:06.963965+09:00,2026-10-01T00:00:00+09:00,2026-10-08T09:12:32+09:00
2026-10-03,115,monthly_trace,11845401,生成AI横並び検証室,yokonarabi_lab,https://note.com/yokonarabi_lab,True,1,1,69,2026-10-08T09:23:06.963965+09:00,2026-10-01T00:00:00+09:00,2026-10-08T09:12:32+09:00
2026-10-03,116,monthly_trace,6562253,隆之@モノづくりの現場を考える,taka_sas_1979,https://note.com/taka_sas_1979,True,1,1,437,2026-10-08T09:23:06.963965+09:00,2026-10-01T00:00:00+09:00,2026-10-08T09:12:32+09:00
2026-10-03,117,monthly_trace,13697762,🐟ニシンナス🍆,nishin_herring,https://note.com/nishin_herring,True,1,1,163,2026-10-08T09:23:06.963965+09:00,2026-10-01T00:00:00+09:00,2026-10-08T09:12:32+09:00
2026-10-03,118,monthly_trace,14555620,54Plants,hiromavich,https://note.com/hiromavich,True,0,1,281,2026-10-08T09:23:06.963965+09:00,2026-10-01T00:00:00+09:00,2026-10-08T09:12:32+09:00
2026-10-03,119,monthly_trace,11703348,AIさとう｜AI動画で収益化を目指す,ai_sato_,https://note.com/ai_sato_,True,0,1,89,2026-10-08T09:23:06.963965+09:00,2026-10-01T00:00:00+09:00,2026-10-08T09:12:32+09:00
2026-10-03,120,monthly_trace,790651,AZUSA KIKUGAWA(相互フォローしてます),sakuracotton,https://note.com/sakuracotton,True,0,1,506,2026-10-08T09:23:06.963965+09:00,2026-10-01T00:00:00+09:00,2026-10-08T09:12:32+09:00
2026-10-03,121,monthly_trace,2862586,EX-FAX-CE｜ロスジェネ氷河期的視点,exfaxce,https://note.com/exfaxce,True,0,1,1861,2026-10-08T09:23:06.963965+09:00,2026-10-01T00:00:00+09:00,2026-10-08T09:12:32+09:00
2026-10-03,122,monthly_trace,11351510,Ejii✦3（えじー）,deft_raven2722,https://note.com/deft_raven2722,True,0,1,297,2026-10-08T09:23:06.963965+09:00,2026-10-01T00:00:00+09:00,2026-10-08T09:12:32+09:00
2026-10-03,123,monthly_trace,12966384,FANTASY-AI JP,mute_hyena5293,https://note.com/mute_hyena5293,True,0,1,237,2026-10-08T09:23:06.963965+09:00,2026-10-01T00:00:00+09:00,2026-10-08T09:12:32+09:00
2026-10-03,124,monthly_trace,15214463,Hanchan,hot_elk6916,https://note.com/hot_elk6916,True,0,1,85,2026-10-08T09:23:06.963965+09:00,2026-10-01T00:00:00+09:00,2026-10-08T09:12:32+09:00
2026-10-03,125,monthly_trace,7580255,Kinu｜AIイラストと発信づくり,kinu885,https://note.com/kinu885,True,0,1,2338,2026-10-08T09:23:06.963965+09:00,2026-10-01T00:00:00+09:00,2026-10-08T09:12:32+09:00
2026-10-03,126,monthly_trace,15001557,Margin Archive,limber_tulip137,https://note.com/limber_tulip137,True,0,1,586,2026-10-08T09:23:06.963965+09:00,2026-10-01T00:00:00+09:00,2026-10-08T09:12:32+09:00
2026-10-03,127,monthly_trace,5330022,Marie | まりーの小さな⚙️歯車⚙️ラボ🔬,marie_222,https://note.com/marie_222,True,0,1,161,2026-10-08T09:23:06.963965+09:00,2026-10-01T00:00:00+09:00,2026-10-08T09:12:32+09:00
2026-10-03,128,monthly_trace,12142452,VCL,verde_combat_lab,https://note.com/verde_combat_lab,True,0,1,749,2026-10-08T09:23:06.963965+09:00,2026-10-01T00:00:00+09:00,2026-10-08T09:12:32+09:00
2026-10-03,129,monthly_trace,14520065,happy-sheep,holy_sheep3944,https://note.com/holy_sheep3944,True,0,1,538,2026-10-08T09:23:06.963965+09:00,2026-10-01T00:00:00+09:00,2026-10-08T09:12:32+09:00
2026-10-03,130,monthly_trace,14642195,vagabond1497,loyal_fox8450,https://note.com/loyal_fox8450,True,0,1,75,2026-10-08T09:23:06.963965+09:00,2026-10-01T00:00:00+09:00,2026-10-08T09:12:32+09:00
2026-10-03,131,monthly_trace,10803734,yaema,syousonankei2523,https://note.com/syousonankei2523,True,0,1,121,2026-10-08T09:23:06.963965+09:00,2026-10-01T00:00:00+09:00,2026-10-08T09:12:32+09:00
2026-10-03,132,monthly_trace,4185124,yukiko 摂食嚥下コンサルタントナース,nanamoto52885,https://note.com/nanamoto52885,True,0,1,338,2026-10-08T09:23:06.963965+09:00,2026-10-01T00:00:00+09:00,2026-10-08T09:12:32+09:00
2026-10-03,133,monthly_trace,14587860,「ポンロボ」ポンコツAIロボ-副業機能付き,kaeritenai,https://note.com/kaeritenai,True,0,1,173,2026-10-08T09:23:06.963965+09:00,2026-10-01T00:00:00+09:00,2026-10-08T09:12:32+09:00
2026-10-03,134,monthly_trace,12580328,あいびより。AIクリエイターの日常🐾,aiby_masuhiyo,https://note.com/aiby_masuhiyo,True,0,1,1575,2026-10-08T09:23:06.963965+09:00,2026-10-01T00:00:00+09:00,2026-10-08T09:12:32+09:00
2026-10-03,135,monthly_trace,10461763,あおい＠30代後半のサイドFIRE実験記録,lifeworkfree,https://note.com/lifeworkfree,True,0,1,485,2026-10-08T09:23:06.963965+09:00,2026-10-01T00:00:00+09:00,2026-10-08T09:12:32+09:00
2026-10-03,136,monthly_trace,15168020,あたくし｜アラフォー女の深淵,_atakushi,https://note.com/_atakushi,True,0,1,408,2026-10-08T09:23:06.963965+09:00,2026-10-01T00:00:00+09:00,2026-10-08T09:12:32+09:00
2026-10-03,137,monthly_trace,12149394,あめ｜AIと言葉の日々,ame_to_ai,https://note.com/ame_to_ai,True,0,1,727,2026-10-08T09:23:06.963965+09:00,2026-10-01T00:00:00+09:00,2026-10-08T09:12:32+09:00
2026-10-03,138,monthly_trace,13878107,うんちゃん｜開運実験,unchan_happy,https://note.com/unchan_happy,True,0,1,848,2026-10-08T09:23:06.963965+09:00,2026-10-01T00:00:00+09:00,2026-10-08T09:12:32+09:00
2026-10-03,139,monthly_trace,11463020,お喋りお兄さん@配信×noteの人,osya_verymuch,https://note.com/osya_verymuch,True,0,1,65,2026-10-08T09:23:06.963965+09:00,2026-10-01T00:00:00+09:00,2026-10-08T09:12:32+09:00
2026-10-03,140,monthly_trace,15730124,こはる,koharu_chy,https://note.com/koharu_chy,True,0,1,10,2026-10-08T09:23:06.963965+09:00,2026-10-01T00:00:00+09:00,2026-10-08T09:12:32+09:00
2026-10-03,141,monthly_trace,14463371,さいとう｜ワーママ管理職｜残業ゼロで成果を出すAI時短術,kind_boar557,https://note.com/kind_boar557,True,0,1,1605,2026-10-08T09:23:06.963965+09:00,2026-10-01T00:00:00+09:00,2026-10-08T09:12:32+09:00
2026-10-03,142,monthly_trace,12521570,しろのある,shirono_aru,https://note.com/shirono_aru,True,0,1,4240,2026-10-08T09:23:06.963965+09:00,2026-10-01T00:00:00+09:00,2026-10-08T09:12:32+09:00
2026-10-03,143,monthly_trace,12848229,そら,flux_water,https://note.com/flux_water,True,0,1,226,2026-10-08T09:23:06.963965+09:00,2026-10-01T00:00:00+09:00,2026-10-08T09:12:32+09:00
2026-10-03,144,monthly_trace,15142635,つぶあん｜不養生な漢方薬剤師,kamponightowl,https://note.com/kamponightowl,True,0,1,117,2026-10-08T09:23:06.963965+09:00,2026-10-01T00:00:00+09:00,2026-10-08T09:12:32+09:00
2026-10-03,145,monthly_trace,13136155,はる｜“書く”を続ける,harublog0038,https://note.com/harublog0038,True,0,1,438,2026-10-08T09:23:06.963965+09:00,2026-10-01T00:00:00+09:00,2026-10-08T09:12:32+09:00
2026-10-03,146,monthly_trace,13366653,ぱぴさん,papi_san,https://note.com/papi_san,True,0,1,534,2026-10-08T09:23:06.963965+09:00,2026-10-01T00:00:00+09:00,2026-10-08T09:12:32+09:00
2026-10-03,147,monthly_trace,12148536,まき@こどもと日々成長中,asobo_kids,https://note.com/asobo_kids,True,0,1,1409,2026-10-08T09:23:06.963965+09:00,2026-10-01T00:00:00+09:00,2026-10-08T09:12:32+09:00
2026-10-03,148,monthly_trace,5828006,まなつ/突出マイノリティ列伝,tosshutsu_m,https://note.com/tosshutsu_m,True,0,1,9794,2026-10-08T09:23:06.963965+09:00,2026-10-01T00:00:00+09:00,2026-10-08T09:12:32+09:00
2026-10-03,149,monthly_trace,12377105,まるよか,yokayoka5103,https://note.com/yokayoka5103,True,0,1,1653,2026-10-08T09:23:06.963965+09:00,2026-10-01T00:00:00+09:00,2026-10-08T09:12:32+09:00
2026-10-03,150,monthly_trace,10501834,みふゆ＆成瀬圭｜AIパートナーとnote実験中｜フォロバ100,kei_mifu,https://note.com/kei_mifu,True,0,1,1267,2026-10-08T09:23:06.963965+09:00,2026-10-01T00:00:00+09:00,2026-10-08T09:12:32+09:00
2026-10-03,151,monthly_trace,11837112,もぐら,mogurabooks,https://note.com/mogurabooks,True,0,1,376,2026-10-08T09:23:06.963965+09:00,2026-10-01T00:00:00+09:00,2026-10-08T09:12:32+09:00
2026-10-03,152,monthly_trace,11968206,もり｜40代の“仕事を軽くする”リスキリング,mori_reskilling,https://note.com/mori_reskilling,True,0,1,520,2026-10-08T09:23:06.963965+09:00,2026-10-01T00:00:00+09:00,2026-10-08T09:12:32+09:00
2026-10-03,153,monthly_trace,1481431,やま,yama_i,https://note.com/yama_i,True,0,1,4,2026-10-08T09:23:06.963965+09:00,2026-10-01T00:00:00+09:00,2026-10-08T09:12:32+09:00
2026-10-03,154,monthly_trace,12924098,やまラボ,yama_lab00,https://note.com/yama_lab00,True,0,1,253,2026-10-08T09:23:06.963965+09:00,2026-10-01T00:00:00+09:00,2026-10-08T09:12:32+09:00
2026-10-03,155,monthly_trace,13854803,アイダ,azulnix,https://note.com/azulnix,True,0,1,15,2026-10-08T09:23:06.963965+09:00,2026-10-01T00:00:00+09:00,2026-10-08T09:12:32+09:00
2026-10-03,156,monthly_trace,15671629,アホクソ,ahokuso,https://note.com/ahokuso,True,0,1,97,2026-10-08T09:23:06.963965+09:00,2026-10-01T00:00:00+09:00,2026-10-08T09:12:32+09:00
2026-10-03,157,monthly_trace,13379754,イシザキ,si_mbam4,https://note.com/si_mbam4,True,0,1,379,2026-10-08T09:23:06.963965+09:00,2026-10-01T00:00:00+09:00,2026-10-08T09:12:32+09:00
2026-10-03,158,monthly_trace,14280635,キャリア採用の現場から,saiyopro,https://note.com/saiyopro,True,0,1,573,2026-10-08T09:23:06.963965+09:00,2026-10-01T00:00:00+09:00,2026-10-08T09:12:32+09:00
2026-10-03,159,monthly_trace,5962262,ジャムボーイ,witty_lotus224,https://note.com/witty_lotus224,True,0,1,2443,2026-10-08T09:23:06.963965+09:00,2026-10-01T00:00:00+09:00,2026-10-08T09:12:32+09:00
2026-10-03,160,monthly_trace,12232616,デジさしみ | IT現場の効率家,digital_sashimi,https://note.com/digital_sashimi,True,0,1,1167,2026-10-08T09:23:06.963965+09:00,2026-10-01T00:00:00+09:00,2026-10-08T09:12:32+09:00
2026-10-03,161,monthly_trace,15248332,ニック｜心と体のサインから生き方を決め直すコーチ,nick47change,https://note.com/nick47change,True,0,1,385,2026-10-08T09:23:06.963965+09:00,2026-10-01T00:00:00+09:00,2026-10-08T09:12:32+09:00
2026-10-03,162,monthly_trace,7830971,ハカセ アイ (Ai-Hakase)🐱YouTube × 記事でトレンドAIを解説する為のnote🐾,ai_hakase,https://note.com/ai_hakase,True,0,1,7813,2026-10-08T09:23:06.963965+09:00,2026-10-01T00:00:00+09:00,2026-10-08T09:12:32+09:00
2026-10-03,163,monthly_trace,15387414,ポラフ｜AI副業ログ,gay_impala1620,https://note.com/gay_impala1620,True,0,1,366,2026-10-08T09:23:06.963965+09:00,2026-10-01T00:00:00+09:00,2026-10-08T09:12:32+09:00
2026-10-03,164,monthly_trace,13806959,ミライダネ,suzuka020825,https://note.com/suzuka020825,True,0,1,994,2026-10-08T09:23:06.963965+09:00,2026-10-01T00:00:00+09:00,2026-10-08T09:12:32+09:00
2026-10-03,165,monthly_trace,13919050,メモ魔┃AIとひとり会社,memoma102,https://note.com/memoma102,True,0,1,186,2026-10-08T09:23:06.963965+09:00,2026-10-01T00:00:00+09:00,2026-10-08T09:12:32+09:00
2026-10-03,166,monthly_trace,12114005,ロト6とロト7で数々の当選実績と高額当選者を輩出している元外資系金融マンのロト攻略法,warrenv,https://note.com/warrenv,True,0,1,1390,2026-10-08T09:23:06.963965+09:00,2026-10-01T00:00:00+09:00,2026-10-08T09:12:32+09:00
2026-10-03,167,monthly_trace,15263154,一人分を超えた日から｜ひとり事務所とAI,hitori_office_ai,https://note.com/hitori_office_ai,True,0,1,1098,2026-10-08T09:23:06.963965+09:00,2026-10-01T00:00:00+09:00,2026-10-08T09:12:32+09:00
2026-10-03,168,monthly_trace,15717145,五月🌙忘却書店🌙,clean_myrtle4703,https://note.com/clean_myrtle4703,True,0,1,17,2026-10-08T09:23:06.963965+09:00,2026-10-01T00:00:00+09:00,2026-10-08T09:12:32+09:00
2026-10-03,169,monthly_trace,12927111,元銀行員のAIお金ノート,ai_money60,https://note.com/ai_money60,True,0,1,784,2026-10-08T09:23:06.963965+09:00,2026-10-01T00:00:00+09:00,2026-10-08T09:12:32+09:00
2026-10-03,170,monthly_trace,12516832,和田雄三｜AI×心理ブランディングデザイナー,glad_dill2129,https://note.com/glad_dill2129,True,0,1,1157,2026-10-08T09:23:06.963965+09:00,2026-10-01T00:00:00+09:00,2026-10-08T09:12:32+09:00
2026-10-03,171,monthly_trace,5738970,営業fafa | note業界No.1営業マン,kohana1112,https://note.com/kohana1112,True,0,1,1868,2026-10-08T09:23:06.963965+09:00,2026-10-01T00:00:00+09:00,2026-10-08T09:12:32+09:00
2026-10-03,172,monthly_trace,14302008,室崎 敬太 【AIテック企業役員×オーナー経営】,murosakikeita,https://note.com/murosakikeita,True,0,1,3489,2026-10-08T09:23:06.963965+09:00,2026-10-01T00:00:00+09:00,2026-10-08T09:12:32+09:00
2026-10-03,173,monthly_trace,455384,庭師ふろんた｜3兄弟パパ,niwashi_fronta,https://note.com/niwashi_fronta,True,0,1,1469,2026-10-08T09:23:06.963965+09:00,2026-10-01T00:00:00+09:00,2026-10-08T09:12:32+09:00
2026-10-03,174,monthly_trace,14531881,採用担当やってます。,saiyotanto,https://note.com/saiyotanto,True,0,1,171,2026-10-08T09:23:06.963965+09:00,2026-10-01T00:00:00+09:00,2026-10-08T09:12:32+09:00
2026-10-03,175,monthly_trace,15624543,文殊 知恵,uiki_monju,https://note.com/uiki_monju,True,0,1,66,2026-10-08T09:23:06.963965+09:00,2026-10-01T00:00:00+09:00,2026-10-08T09:12:32+09:00
2026-10-03,176,monthly_trace,13908776,暮らしのリハ医K,quirky_lotus3945,https://note.com/quirky_lotus3945,True,0,1,37,2026-10-08T09:23:06.963965+09:00,2026-10-01T00:00:00+09:00,2026-10-08T09:12:32+09:00
2026-10-03,177,monthly_trace,13502174,架空彼氏製作所｜AIイラスト,kakuu_kareshi,https://note.com/kakuu_kareshi,True,0,1,391,2026-10-08T09:23:06.963965+09:00,2026-10-01T00:00:00+09:00,2026-10-08T09:12:32+09:00
2026-10-03,178,monthly_trace,6326357,棚島 香帆汰（たなしま かほた）,brave_bee548,https://note.com/brave_bee548,True,0,1,749,2026-10-08T09:23:06.963965+09:00,2026-10-01T00:00:00+09:00,2026-10-08T09:12:32+09:00
2026-10-03,179,monthly_trace,9980809,気まぐれ執事｜AIでキャラの日常をつくる,rapid_mint5831,https://note.com/rapid_mint5831,True,0,1,146,2026-10-08T09:23:06.963965+09:00,2026-10-01T00:00:00+09:00,2026-10-08T09:12:32+09:00
2026-10-03,180,monthly_trace,15288249,永野優作,mute_phlox837,https://note.com/mute_phlox837,True,0,1,920,2026-10-08T09:23:06.963965+09:00,2026-10-01T00:00:00+09:00,2026-10-08T09:12:32+09:00
2026-10-03,181,monthly_trace,5052671,海外３児ママの幸福講義,naruyouni,https://note.com/naruyouni,True,0,1,276,2026-10-08T09:23:06.963965+09:00,2026-10-01T00:00:00+09:00,2026-10-08T09:12:32+09:00
2026-10-03,182,monthly_trace,11058763,濱口貴光@AIとデータサイエンスが好きな薬剤師,pharma_i_cist,https://note.com/pharma_i_cist,True,0,1,1170,2026-10-08T09:23:06.963965+09:00,2026-10-01T00:00:00+09:00,2026-10-08T09:12:32+09:00
2026-10-03,183,monthly_trace,9619867,灰猫はいねこ,nice_pony9719,https://note.com/nice_pony9719,True,0,1,483,2026-10-08T09:23:06.963965+09:00,2026-10-01T00:00:00+09:00,2026-10-08T09:12:32+09:00
2026-10-03,184,monthly_trace,15520714,紡えり🐱　⁂GPT遊びに夢中⁂,00irea00,https://note.com/00irea00,True,0,1,494,2026-10-08T09:23:06.963965+09:00,2026-10-01T00:00:00+09:00,2026-10-08T09:12:32+09:00
2026-10-03,185,monthly_trace,14755738,紬は今日も絶好調！？,tsumu_156,https://note.com/tsumu_156,True,0,1,301,2026-10-08T09:23:06.963965+09:00,2026-10-01T00:00:00+09:00,2026-10-08T09:12:32+09:00
2026-10-03,186,monthly_trace,15729594,羊毛の魔女パレット🐏,novel_woolpallet,https://note.com/novel_woolpallet,True,0,1,25,2026-10-08T09:23:06.963965+09:00,2026-10-01T00:00:00+09:00,2026-10-08T09:12:32+09:00
2026-10-03,187,monthly_trace,3875022,翔太郎,koyayou,https://note.com/koyayou,True,0,1,102,2026-10-08T09:23:06.963965+09:00,2026-10-01T00:00:00+09:00,2026-10-08T09:12:32+09:00
2026-10-03,188,monthly_trace,12751168,翠竜　SUIRYU,huge_cougar215,https://note.com/huge_cougar215,True,0,1,281,2026-10-08T09:23:06.963965+09:00,2026-10-01T00:00:00+09:00,2026-10-08T09:12:32+09:00
2026-10-03,189,monthly_trace,6537962,花まるエレメンタリーミドルスクール,hanamentary,https://note.com/hanamentary,True,0,1,335,2026-10-08T09:23:06.963965+09:00,2026-10-01T00:00:00+09:00,2026-10-08T09:12:32+09:00
2026-10-03,190,monthly_trace,5947863,菅谷健太郎,light_coyote380,https://note.com/light_coyote380,True,0,1,8240,2026-10-08T09:23:06.963965+09:00,2026-10-01T00:00:00+09:00,2026-10-08T09:12:32+09:00
2026-10-03,191,monthly_trace,253443,雪月 音弥,otoya_step,https://note.com/otoya_step,True,0,1,80,2026-10-08T09:23:06.963965+09:00,2026-10-01T00:00:00+09:00,2026-10-08T09:12:32+09:00
2026-10-04,1,monthly_trace,13158712,コヤギ｜静かに暮らす,koyagishizukani,https://note.com/koyagishizukani,True,9,33,268,2026-10-08T09:23:06.963965+09:00,2026-10-01T00:00:00+09:00,2026-10-08T09:12:32+09:00
2026-10-04,2,monthly_trace,13900618,sophie,scribble_1000,https://note.com/scribble_1000,True,2,8,944,2026-10-08T09:23:06.963965+09:00,2026-10-01T00:00:00+09:00,2026-10-08T09:12:32+09:00
2026-10-04,3,monthly_trace,13140757,雪詠｜ゆきよみ,yukiyomi,https://note.com/yukiyomi,True,1,8,1027,2026-10-08T09:23:06.963965+09:00,2026-10-01T00:00:00+09:00,2026-10-08T09:12:32+09:00
2026-10-04,4,monthly_trace,9474730,uchutune,uchutune3131,https://note.com/uchutune3131,True,6,6,242,2026-10-08T09:23:06.963965+09:00,2026-10-01T00:00:00+09:00,2026-10-08T09:12:32+09:00
2026-10-04,5,monthly_trace,14363101,ゆ,yuuwa1046,https://note.com/yuuwa1046,True,2,6,210,2026-10-08T09:23:06.963965+09:00,2026-10-01T00:00:00+09:00,2026-10-08T09:12:32+09:00
2026-10-04,6,monthly_trace,6312735,ピナクル,modern_holly38,https://note.com/modern_holly38,True,2,6,468,2026-10-08T09:23:06.963965+09:00,2026-10-01T00:00:00+09:00,2026-10-08T09:12:32+09:00
2026-10-04,7,monthly_trace,13870436,ママ薬剤師HONO,hospital_ph_hono,https://note.com/hospital_ph_hono,True,1,6,1071,2026-10-08T09:23:06.963965+09:00,2026-10-01T00:00:00+09:00,2026-10-08T09:12:32+09:00
2026-10-04,8,monthly_trace,14239507,ミュリン♪(*´ω`*)✨,star246,https://note.com/star246,True,1,6,1230,2026-10-08T09:23:06.963965+09:00,2026-10-01T00:00:00+09:00,2026-10-08T09:12:32+09:00
2026-10-04,9,monthly_trace,6426263,はるかな,ai_crayon_04,https://note.com/ai_crayon_04,True,0,6,165,2026-10-08T09:23:06.963965+09:00,2026-10-01T00:00:00+09:00,2026-10-08T09:12:32+09:00
2026-10-04,10,monthly_trace,10501834,みふゆ＆成瀬圭｜AIパートナーとnote実験中｜フォロバ100,kei_mifu,https://note.com/kei_mifu,True,4,5,1267,2026-10-08T09:23:06.963965+09:00,2026-10-01T00:00:00+09:00,2026-10-08T09:12:32+09:00
2026-10-04,11,monthly_trace,11807623,Anna,modern_lion2880,https://note.com/modern_lion2880,True,2,5,1044,2026-10-08T09:23:06.963965+09:00,2026-10-01T00:00:00+09:00,2026-10-08T09:12:32+09:00
2026-10-04,12,monthly_trace,564742,ta_kawano,takawano,https://note.com/takawano,True,2,5,140,2026-10-08T09:23:06.963965+09:00,2026-10-01T00:00:00+09:00,2026-10-08T09:12:32+09:00
2026-10-04,13,monthly_trace,13133778,【無名 S note】18日でフォロワー1000名🚨連続収益中！48マガ・13共マガ運営 参加72🙆,ss_yr,https://note.com/ss_yr,True,2,5,2157,2026-10-08T09:23:06.963965+09:00,2026-10-01T00:00:00+09:00,2026-10-08T09:12:32+09:00
2026-10-04,14,monthly_trace,10511593,しれネコ🐾｜迷子の気持ち、 ちょっと軽く,large_hosta3387,https://note.com/large_hosta3387,True,2,5,1126,2026-10-08T09:23:06.963965+09:00,2026-10-01T00:00:00+09:00,2026-10-08T09:12:32+09:00
2026-10-04,15,monthly_trace,10332488,ななな｜もやもや減らし屋,alive_prawn4206,https://note.com/alive_prawn4206,True,2,5,454,2026-10-08T09:23:06.963965+09:00,2026-10-01T00:00:00+09:00,2026-10-08T09:12:32+09:00
2026-10-04,16,monthly_trace,11634537,ナオユキ｜物語と知識のコンシェルジュ,ai_naoyuki,https://note.com/ai_naoyuki,True,2,5,3696,2026-10-08T09:23:06.963965+09:00,2026-10-01T00:00:00+09:00,2026-10-08T09:12:32+09:00
2026-10-04,17,monthly_trace,11870206,椿みきこ🌸季節の花ごよみ,hirata_mikiko60,https://note.com/hirata_mikiko60,True,2,5,1007,2026-10-08T09:23:06.963965+09:00,2026-10-01T00:00:00+09:00,2026-10-08T09:12:32+09:00
2026-10-04,18,monthly_trace,12197172,緑どんぐり,green_donguri,https://note.com/green_donguri,True,2,5,2035,2026-10-08T09:23:06.963965+09:00,2026-10-01T00:00:00+09:00,2026-10-08T09:12:32+09:00
2026-10-04,19,monthly_trace,12158291,考える赤柴｜ハロウィンアート2026応援中,eager_thyme9842,https://note.com/eager_thyme9842,True,2,5,699,2026-10-08T09:23:06.963965+09:00,2026-10-01T00:00:00+09:00,2026-10-08T09:12:32+09:00
2026-10-04,20,monthly_trace,10460304,ちんぱん🐒耳毛〰(˙👄˙)〰,ojisan_chinpan,https://note.com/ojisan_chinpan,True,1,5,1574,2026-10-08T09:23:06.963965+09:00,2026-10-01T00:00:00+09:00,2026-10-08T09:12:32+09:00
2026-10-04,21,monthly_trace,13305460,とりかじ｜研究職パパの家庭DX研究室,like_cosmos1242,https://note.com/like_cosmos1242,True,1,5,159,2026-10-08T09:23:06.963965+09:00,2026-10-01T00:00:00+09:00,2026-10-08T09:12:32+09:00
2026-10-04,22,monthly_trace,3598618,はしゃも｜感情構造エンジニア,hasyamo,https://note.com/hasyamo,True,1,5,736,2026-10-08T09:23:06.963965+09:00,2026-10-01T00:00:00+09:00,2026-10-08T09:12:32+09:00
2026-10-04,23,monthly_trace,11583083,夏目羊,hitsuji_natsume,https://note.com/hitsuji_natsume,True,0,5,2157,2026-10-08T09:23:06.963965+09:00,2026-10-01T00:00:00+09:00,2026-10-08T09:12:32+09:00
2026-10-04,24,monthly_trace,13806959,ミライダネ,suzuka020825,https://note.com/suzuka020825,True,3,4,994,2026-10-08T09:23:06.963965+09:00,2026-10-01T00:00:00+09:00,2026-10-08T09:12:32+09:00
2026-10-04,25,monthly_trace,14820938,Labo.,futurelnve5r,https://note.com/futurelnve5r,True,2,4,1811,2026-10-08T09:23:06.963965+09:00,2026-10-01T00:00:00+09:00,2026-10-08T09:12:32+09:00
2026-10-04,26,monthly_trace,13125356,EARTH🌎,fast_thyme336,https://note.com/fast_thyme336,True,1,4,751,2026-10-08T09:23:06.963965+09:00,2026-10-01T00:00:00+09:00,2026-10-08T09:12:32+09:00
2026-10-04,27,monthly_trace,11178899,KEN 田舎で介護,fit_lion6308,https://note.com/fit_lion6308,True,1,4,614,2026-10-08T09:23:06.963965+09:00,2026-10-01T00:00:00+09:00,2026-10-08T09:12:32+09:00
2026-10-04,28,monthly_trace,12983172,masaya｜テンカラフル,10colorful,https://note.com/10colorful,True,1,4,2289,2026-10-08T09:23:06.963965+09:00,2026-10-01T00:00:00+09:00,2026-10-08T09:12:32+09:00
2026-10-04,29,monthly_trace,13430194,あきまむ｜AIとnoteを楽しむ,fond_shark9221,https://note.com/fond_shark9221,True,1,4,344,2026-10-08T09:23:06.963965+09:00,2026-10-01T00:00:00+09:00,2026-10-08T09:12:32+09:00
2026-10-04,30,monthly_trace,15007270,しま | 日常にそっと英語を,shima_shima03,https://note.com/shima_shima03,True,1,4,84,2026-10-08T09:23:06.963965+09:00,2026-10-01T00:00:00+09:00,2026-10-08T09:12:32+09:00
2026-10-04,31,monthly_trace,2490558,だんだんありがと@めじゅ,dandan_arigato19,https://note.com/dandan_arigato19,True,1,4,781,2026-10-08T09:23:06.963965+09:00,2026-10-01T00:00:00+09:00,2026-10-08T09:12:32+09:00
2026-10-04,32,monthly_trace,13892517,みき＠社労士事務所のしがないパンダ,modern_dill3027,https://note.com/modern_dill3027,True,1,4,277,2026-10-08T09:23:06.963965+09:00,2026-10-01T00:00:00+09:00,2026-10-08T09:12:32+09:00
2026-10-04,33,monthly_trace,13642246,やっさん（yasuda）,large_iguana6415,https://note.com/large_iguana6415,True,1,4,1684,2026-10-08T09:23:06.963965+09:00,2026-10-01T00:00:00+09:00,2026-10-08T09:12:32+09:00
2026-10-04,34,monthly_trace,12301144,ゆぴか｜働きづらさから在宅ワークを模索中☀︎,tasty_quoll5392,https://note.com/tasty_quoll5392,True,1,4,799,2026-10-08T09:23:06.963965+09:00,2026-10-01T00:00:00+09:00,2026-10-08T09:12:32+09:00
2026-10-04,35,monthly_trace,12358153,ハル｜Tokyo Visual Moments,dreamy_quail9288,https://note.com/dreamy_quail9288,True,1,4,544,2026-10-08T09:23:06.963965+09:00,2026-10-01T00:00:00+09:00,2026-10-08T09:12:32+09:00
2026-10-04,36,monthly_trace,15394915,柴犬ゆる暮らし｜柴ゆる,calm_sedum3458,https://note.com/calm_sedum3458,True,1,4,140,2026-10-08T09:23:06.963965+09:00,2026-10-01T00:00:00+09:00,2026-10-08T09:12:32+09:00
2026-10-04,37,monthly_trace,346575,桜星雨夜,squallxxx,https://note.com/squallxxx,True,1,4,89,2026-10-08T09:23:06.963965+09:00,2026-10-01T00:00:00+09:00,2026-10-08T09:12:32+09:00
2026-10-04,38,monthly_trace,12668465,紅茶🫖｜ことばの庭,usagi_no_mimi_,https://note.com/usagi_no_mimi_,True,1,4,293,2026-10-08T09:23:06.963965+09:00,2026-10-01T00:00:00+09:00,2026-10-08T09:12:32+09:00
2026-10-04,39,monthly_trace,14494109,藤｜AIと仕事も遊びも本気,nanamay11023,https://note.com/nanamay11023,True,1,4,308,2026-10-08T09:23:06.963965+09:00,2026-10-01T00:00:00+09:00,2026-10-08T09:12:32+09:00
2026-10-04,40,monthly_trace,1580107,ぐれんの　おにぎり@ あなたを人生の主人公にする心理家,selcject,https://note.com/selcject,True,2,3,3430,2026-10-08T09:23:06.963965+09:00,2026-10-01T00:00:00+09:00,2026-10-08T09:12:32+09:00
2026-10-04,41,monthly_trace,11968206,もり｜40代の“仕事を軽くする”リスキリング,mori_reskilling,https://note.com/mori_reskilling,True,2,3,520,2026-10-08T09:23:06.963965+09:00,2026-10-01T00:00:00+09:00,2026-10-08T09:12:32+09:00
2026-10-04,42,monthly_trace,12025079,けー虎 | AIマンガであなたのココロゆるませます！,solo_diary,https://note.com/solo_diary,True,1,3,681,2026-10-08T09:23:06.963965+09:00,2026-10-01T00:00:00+09:00,2026-10-08T09:12:32+09:00
2026-10-04,43,monthly_trace,13777980,しげちーSS,shjgechy,https://note.com/shjgechy,True,1,3,733,2026-10-08T09:23:06.963965+09:00,2026-10-01T00:00:00+09:00,2026-10-08T09:12:32+09:00
2026-10-04,44,monthly_trace,12235137,ねんころ@AIクリエイター,nenkoro_life,https://note.com/nenkoro_life,True,1,3,2021,2026-10-08T09:23:06.963965+09:00,2026-10-01T00:00:00+09:00,2026-10-08T09:12:32+09:00
2026-10-04,45,monthly_trace,15573007,コタロウ｜40代、SNS×AIに全振り,kotarozero,https://note.com/kotarozero,True,1,3,242,2026-10-08T09:23:06.963965+09:00,2026-10-01T00:00:00+09:00,2026-10-08T09:12:32+09:00
2026-10-04,46,monthly_trace,10827166,コンパス みき✨️好きのタネ🌱‬‪を育てる案内人,compass_m360,https://note.com/compass_m360,True,1,3,2047,2026-10-08T09:23:06.963965+09:00,2026-10-01T00:00:00+09:00,2026-10-08T09:12:32+09:00
2026-10-04,47,monthly_trace,14567125,メモ魔┃AI×4コマ漫画,memoma_ai,https://note.com/memoma_ai,True,1,3,150,2026-10-08T09:23:06.963965+09:00,2026-10-01T00:00:00+09:00,2026-10-08T09:12:32+09:00
2026-10-04,48,monthly_trace,12235051,青井透子｜日常の過剰解釈屋,crisp_chimp0823,https://note.com/crisp_chimp0823,True,1,3,481,2026-10-08T09:23:06.963965+09:00,2026-10-01T00:00:00+09:00,2026-10-08T09:12:32+09:00
2026-10-04,49,monthly_trace,13991022,麻乃颯月|卒婚を決めたアラ還主婦,satuki_asano501,https://note.com/satuki_asano501,True,1,3,523,2026-10-08T09:23:06.963965+09:00,2026-10-01T00:00:00+09:00,2026-10-08T09:12:32+09:00
2026-10-04,50,monthly_trace,15611455,DABOちゃん｜ゴルフ×AI×SNS継続の記録,dabochan_gogo,https://note.com/dabochan_gogo,True,0,3,329,2026-10-08T09:23:06.963965+09:00,2026-10-01T00:00:00+09:00,2026-10-08T09:12:32+09:00
2026-10-04,51,monthly_trace,13259374,Joe Tsukasa,joe2x100,https://note.com/joe2x100,True,0,3,1099,2026-10-08T09:23:06.963965+09:00,2026-10-01T00:00:00+09:00,2026-10-08T09:12:32+09:00
2026-10-04,52,monthly_trace,15290558,pito,hirocho_1125,https://note.com/hirocho_1125,True,0,3,97,2026-10-08T09:23:06.963965+09:00,2026-10-01T00:00:00+09:00,2026-10-08T09:12:32+09:00
2026-10-04,53,monthly_trace,13621165,ごんた,glad_hosta9940,https://note.com/glad_hosta9940,True,0,3,118,2026-10-08T09:23:06.963965+09:00,2026-10-01T00:00:00+09:00,2026-10-08T09:12:32+09:00
2026-10-04,54,monthly_trace,14824580,たける　【日本正義・いのち党】,sane_coot4394,https://note.com/sane_coot4394,True,0,3,353,2026-10-08T09:23:06.963965+09:00,2026-10-01T00:00:00+09:00,2026-10-08T09:12:32+09:00
2026-10-04,55,monthly_trace,14903985,まっちゃ💚AI活用とnote副業ラボ,matcha_aispirit,https://note.com/matcha_aispirit,True,0,3,812,2026-10-08T09:23:06.963965+09:00,2026-10-01T00:00:00+09:00,2026-10-08T09:12:32+09:00
2026-10-04,56,monthly_trace,11877070,アルフレッド(ALFRED),game_system_alex,https://note.com/game_system_alex,True,0,3,4175,2026-10-08T09:23:06.963965+09:00,2026-10-01T00:00:00+09:00,2026-10-08T09:12:32+09:00
2026-10-04,57,monthly_trace,15680481,サンタクラシ🍄,love_chance,https://note.com/love_chance,True,0,3,59,2026-10-08T09:23:06.963965+09:00,2026-10-01T00:00:00+09:00,2026-10-08T09:12:32+09:00
2026-10-04,58,monthly_trace,13628385,ヘクたろー|緑内障でも「面白い」を残したい男,hekutaro_0520,https://note.com/hekutaro_0520,True,0,3,728,2026-10-08T09:23:06.963965+09:00,2026-10-01T00:00:00+09:00,2026-10-08T09:12:32+09:00
2026-10-04,59,monthly_trace,13094187,ミナト汐　＠光と構図のアトリエ,n_kazumai55633,https://note.com/n_kazumai55633,True,0,3,1112,2026-10-08T09:23:06.963965+09:00,2026-10-01T00:00:00+09:00,2026-10-08T09:12:32+09:00
2026-10-04,60,monthly_trace,15069362,安達【筋肉メタル親方】｜Creator’s Notebook,nice_crab5854,https://note.com/nice_crab5854,True,0,3,999,2026-10-08T09:23:06.963965+09:00,2026-10-01T00:00:00+09:00,2026-10-08T09:12:32+09:00
2026-10-04,61,monthly_trace,14414366,碧乃さくら,unique_turkey951,https://note.com/unique_turkey951,True,0,3,959,2026-10-08T09:23:06.963965+09:00,2026-10-01T00:00:00+09:00,2026-10-08T09:12:32+09:00
2026-10-04,62,monthly_trace,14080392,長坂　珠子　│ケアマネ×後見人×投資家,nagasaka_tamako,https://note.com/nagasaka_tamako,True,0,3,324,2026-10-08T09:23:06.963965+09:00,2026-10-01T00:00:00+09:00,2026-10-08T09:12:32+09:00
2026-10-04,63,monthly_trace,4877017,須川元介/情報翻訳家,skagenavi,https://note.com/skagenavi,True,0,3,2729,2026-10-08T09:23:06.963965+09:00,2026-10-01T00:00:00+09:00,2026-10-08T09:12:32+09:00
2026-10-04,64,monthly_trace,10326174,Chill｜人生後半、進化中,chill_2525,https://note.com/chill_2525,True,2,2,2317,2026-10-08T09:23:06.963965+09:00,2026-10-01T00:00:00+09:00,2026-10-08T09:12:32+09:00
2026-10-04,65,monthly_trace,13902670,Intentus｜会社員、AIと世界の観察ログ,intentus_26,https://note.com/intentus_26,True,2,2,415,2026-10-08T09:23:06.963965+09:00,2026-10-01T00:00:00+09:00,2026-10-08T09:12:32+09:00
2026-10-04,66,monthly_trace,13473442,sumica,corvus_754,https://note.com/corvus_754,True,2,2,142,2026-10-08T09:23:06.963965+09:00,2026-10-01T00:00:00+09:00,2026-10-08T09:12:32+09:00
2026-10-04,67,monthly_trace,7547534,メイシン,mei_shin,https://note.com/mei_shin,True,2,2,4284,2026-10-08T09:23:06.963965+09:00,2026-10-01T00:00:00+09:00,2026-10-08T09:12:32+09:00
2026-10-04,68,monthly_trace,12966384,FANTASY-AI JP,mute_hyena5293,https://note.com/mute_hyena5293,True,1,2,237,2026-10-08T09:23:06.963965+09:00,2026-10-01T00:00:00+09:00,2026-10-08T09:12:32+09:00
2026-10-04,69,monthly_trace,14642195,vagabond1497,loyal_fox8450,https://note.com/loyal_fox8450,True,1,2,75,2026-10-08T09:23:06.963965+09:00,2026-10-01T00:00:00+09:00,2026-10-08T09:12:32+09:00
2026-10-04,70,monthly_trace,12848229,そら,flux_water,https://note.com/flux_water,True,1,2,226,2026-10-08T09:23:06.963965+09:00,2026-10-01T00:00:00+09:00,2026-10-08T09:12:32+09:00
2026-10-04,71,monthly_trace,13919050,メモ魔┃AIとひとり会社,memoma102,https://note.com/memoma102,True,1,2,186,2026-10-08T09:23:06.963965+09:00,2026-10-01T00:00:00+09:00,2026-10-08T09:12:32+09:00
2026-10-04,72,monthly_trace,11972332,奇構屋ゴロウ,kyogen_lab,https://note.com/kyogen_lab,True,1,2,378,2026-10-08T09:23:06.963965+09:00,2026-10-01T00:00:00+09:00,2026-10-08T09:12:32+09:00
2026-10-04,73,monthly_trace,455384,庭師ふろんた｜3兄弟パパ,niwashi_fronta,https://note.com/niwashi_fronta,True,1,2,1469,2026-10-08T09:23:06.963965+09:00,2026-10-01T00:00:00+09:00,2026-10-08T09:12:32+09:00
2026-10-04,74,monthly_trace,9282525,建从,fresh_racoon3036,https://note.com/fresh_racoon3036,True,1,2,570,2026-10-08T09:23:06.963965+09:00,2026-10-01T00:00:00+09:00,2026-10-08T09:12:32+09:00
2026-10-04,75,monthly_trace,14804559,日常｜星と夜と小さな物語,like_shrew7210,https://note.com/like_shrew7210,True,1,2,531,2026-10-08T09:23:06.963965+09:00,2026-10-01T00:00:00+09:00,2026-10-08T09:12:32+09:00
2026-10-04,76,monthly_trace,11058763,濱口貴光@AIとデータサイエンスが好きな薬剤師,pharma_i_cist,https://note.com/pharma_i_cist,True,1,2,1170,2026-10-08T09:23:06.963965+09:00,2026-10-01T00:00:00+09:00,2026-10-08T09:12:32+09:00
2026-10-04,77,monthly_trace,14701958,瑠兎(うゆ/liú tù),ythf,https://note.com/ythf,True,1,2,7,2026-10-08T09:23:06.963965+09:00,2026-10-01T00:00:00+09:00,2026-10-08T09:12:32+09:00
2026-10-04,78,monthly_trace,15520714,紡えり🐱　⁂GPT遊びに夢中⁂,00irea00,https://note.com/00irea00,True,1,2,494,2026-10-08T09:23:06.963965+09:00,2026-10-01T00:00:00+09:00,2026-10-08T09:12:32+09:00
2026-10-04,79,monthly_trace,12751168,翠竜　SUIRYU,huge_cougar215,https://note.com/huge_cougar215,True,1,2,281,2026-10-08T09:23:06.963965+09:00,2026-10-01T00:00:00+09:00,2026-10-08T09:12:32+09:00
2026-10-04,80,monthly_trace,14025235,Aily｜AI美女で月10万を自動化,ailyxtokyo,https://note.com/ailyxtokyo,True,0,2,167,2026-10-08T09:23:06.963965+09:00,2026-10-01T00:00:00+09:00,2026-10-08T09:12:32+09:00
2026-10-04,81,monthly_trace,12076418,FumiUmi,lunch_box235,https://note.com/lunch_box235,True,0,2,1109,2026-10-08T09:23:06.963965+09:00,2026-10-01T00:00:00+09:00,2026-10-08T09:12:32+09:00
2026-10-04,82,monthly_trace,12553034,HIROMI@,grand_fowl1887,https://note.com/grand_fowl1887,True,0,2,2534,2026-10-08T09:23:06.963965+09:00,2026-10-01T00:00:00+09:00,2026-10-08T09:12:32+09:00
2026-10-04,83,monthly_trace,15202016,Jota,jotavane,https://note.com/jotavane,True,0,2,402,2026-10-08T09:23:06.963965+09:00,2026-10-01T00:00:00+09:00,2026-10-08T09:12:32+09:00
2026-10-04,84,monthly_trace,12624691,noteと遊ぶ あん,aging_gracefully,https://note.com/aging_gracefully,True,0,2,1615,2026-10-08T09:23:06.963965+09:00,2026-10-01T00:00:00+09:00,2026-10-08T09:12:32+09:00
2026-10-04,85,monthly_trace,12589788,ういろう,tsubakinu,https://note.com/tsubakinu,True,0,2,791,2026-10-08T09:23:06.963965+09:00,2026-10-01T00:00:00+09:00,2026-10-08T09:12:32+09:00
2026-10-04,86,monthly_trace,13718195,きいるか,yellowdolphin,https://note.com/yellowdolphin,True,0,2,43,2026-10-08T09:23:06.963965+09:00,2026-10-01T00:00:00+09:00,2026-10-08T09:12:32+09:00
2026-10-04,87,monthly_trace,12789134,とり,tori2323,https://note.com/tori2323,True,0,2,3755,2026-10-08T09:23:06.963965+09:00,2026-10-01T00:00:00+09:00,2026-10-08T09:12:32+09:00
2026-10-04,88,monthly_trace,14463811,みゆこ｜菜園ティスト🌱　「やってみた」を楽しもう,miyuki1192,https://note.com/miyuki1192,True,0,2,1083,2026-10-08T09:23:06.963965+09:00,2026-10-01T00:00:00+09:00,2026-10-08T09:12:32+09:00
2026-10-04,89,monthly_trace,13231653,エビちり,open_eel2077,https://note.com/open_eel2077,True,0,2,410,2026-10-08T09:23:06.963965+09:00,2026-10-01T00:00:00+09:00,2026-10-08T09:12:32+09:00
2026-10-04,90,monthly_trace,14689807,カタうさ,katasumi_bs,https://note.com/katasumi_bs,True,0,2,335,2026-10-08T09:23:06.963965+09:00,2026-10-01T00:00:00+09:00,2026-10-08T09:12:32+09:00
2026-10-04,91,monthly_trace,12775322,カワムラ｜AI擬人化漫画 | ChatGPTのヨシダ,chatgpt_ysd,https://note.com/chatgpt_ysd,True,0,2,2435,2026-10-08T09:23:06.963965+09:00,2026-10-01T00:00:00+09:00,2026-10-08T09:12:32+09:00
2026-10-04,92,monthly_trace,14093852,仲元さとる｜元保険代理店・証券仲介業経営者の本音,nakamoto_hoken,https://note.com/nakamoto_hoken,True,0,2,175,2026-10-08T09:23:06.963965+09:00,2026-10-01T00:00:00+09:00,2026-10-08T09:12:32+09:00
2026-10-04,93,monthly_trace,15489715,伊藤ポップakaFCS,fcs_homecenter,https://note.com/fcs_homecenter,True,0,2,157,2026-10-08T09:23:06.963965+09:00,2026-10-01T00:00:00+09:00,2026-10-08T09:12:32+09:00
2026-10-04,94,monthly_trace,11930127,沙夜-𝕊𝕒𝕪𝕠- 沙夜学園🌠,sayo_official,https://note.com/sayo_official,True,0,2,533,2026-10-08T09:23:06.963965+09:00,2026-10-01T00:00:00+09:00,2026-10-08T09:12:32+09:00
2026-10-04,95,monthly_trace,13043888,空手家パパ,gentle_curlew322,https://note.com/gentle_curlew322,True,0,2,1172,2026-10-08T09:23:06.963965+09:00,2026-10-01T00:00:00+09:00,2026-10-08T09:12:32+09:00
2026-10-04,96,monthly_trace,15151979,経営士M × AIオーケストレーション,advanciel02,https://note.com/advanciel02,True,0,2,871,2026-10-08T09:23:06.963965+09:00,2026-10-01T00:00:00+09:00,2026-10-08T09:12:32+09:00
2026-10-04,97,monthly_trace,14045656,AIフクロウ｜夜な夜なClaude Code,ai_fukuro,https://note.com/ai_fukuro,True,1,1,703,2026-10-08T09:23:06.963965+09:00,2026-10-01T00:00:00+09:00,2026-10-08T09:12:32+09:00
2026-10-04,98,monthly_trace,12177484,GLOCAL RESEARCH,glocalresearch,https://note.com/glocalresearch,True,1,1,34,2026-10-08T09:23:06.963965+09:00,2026-10-01T00:00:00+09:00,2026-10-08T09:12:32+09:00
2026-10-04,99,monthly_trace,11910247,ITジグソーパズル,itjigsaw_puzzle,https://note.com/itjigsaw_puzzle,True,1,1,774,2026-10-08T09:23:06.963965+09:00,2026-10-01T00:00:00+09:00,2026-10-08T09:12:32+09:00
2026-10-04,100,monthly_trace,14649103,K｜AI遊び人,aio_ky,https://note.com/aio_ky,True,1,1,456,2026-10-08T09:23:06.963965+09:00,2026-10-01T00:00:00+09:00,2026-10-08T09:12:32+09:00
2026-10-04,101,monthly_trace,14875147,NTA,airmj_23tm,https://note.com/airmj_23tm,True,1,1,92,2026-10-08T09:23:06.963965+09:00,2026-10-01T00:00:00+09:00,2026-10-08T09:12:32+09:00
2026-10-04,102,monthly_trace,15691430,TAKA個人開発者,tkkaihatsu,https://note.com/tkkaihatsu,True,1,1,0,2026-10-08T09:23:06.963965+09:00,2026-10-01T00:00:00+09:00,2026-10-08T09:12:32+09:00
2026-10-04,103,monthly_trace,15226073,ruko｜AI×note,rukoo,https://note.com/rukoo,True,1,1,362,2026-10-08T09:23:06.963965+09:00,2026-10-01T00:00:00+09:00,2026-10-08T09:12:32+09:00
2026-10-04,104,monthly_trace,9982982,かにまろ｜ゲーム開発,kanimaro_246,https://note.com/kanimaro_246,True,1,1,294,2026-10-08T09:23:06.963965+09:00,2026-10-01T00:00:00+09:00,2026-10-08T09:12:32+09:00
2026-10-04,105,monthly_trace,15185996,こうたろう,kotaroroom0720,https://note.com/kotaroroom0720,True,1,1,125,2026-10-08T09:23:06.963965+09:00,2026-10-01T00:00:00+09:00,2026-10-08T09:12:32+09:00
2026-10-04,106,monthly_trace,47153,こっぺぱん,masato2855,https://note.com/masato2855,True,1,1,13241,2026-10-08T09:23:06.963965+09:00,2026-10-01T00:00:00+09:00,2026-10-08T09:12:32+09:00
2026-10-04,107,monthly_trace,13047702,ごりごりのおちびさん＠教養としての営業,ggs_little_one,https://note.com/ggs_little_one,True,1,1,1650,2026-10-08T09:23:06.963965+09:00,2026-10-01T00:00:00+09:00,2026-10-08T09:12:32+09:00
2026-10-04,108,monthly_trace,8342960,しぶりん,nice_tulip320,https://note.com/nice_tulip320,True,1,1,154,2026-10-08T09:23:06.963965+09:00,2026-10-01T00:00:00+09:00,2026-10-08T09:12:32+09:00
2026-10-04,109,monthly_trace,13215594,じゅに。,ushidoshi_life,https://note.com/ushidoshi_life,True,1,1,912,2026-10-08T09:23:06.963965+09:00,2026-10-01T00:00:00+09:00,2026-10-08T09:12:32+09:00
2026-10-04,110,monthly_trace,12015881,たろう,mild_crocus384,https://note.com/mild_crocus384,True,1,1,184,2026-10-08T09:23:06.963965+09:00,2026-10-01T00:00:00+09:00,2026-10-08T09:12:32+09:00
2026-10-04,111,monthly_trace,12325142,のっぴ,noppi_note,https://note.com/noppi_note,True,1,1,278,2026-10-08T09:23:06.963965+09:00,2026-10-01T00:00:00+09:00,2026-10-08T09:12:32+09:00
2026-10-04,112,monthly_trace,11828830,みっちぃ|子供と一緒に成長したい2児の父,pure_bear1643,https://note.com/pure_bear1643,True,1,1,480,2026-10-08T09:23:06.963965+09:00,2026-10-01T00:00:00+09:00,2026-10-08T09:12:32+09:00
2026-10-04,113,monthly_trace,15735940,みなみ,mina_o18,https://note.com/mina_o18,True,1,1,6,2026-10-08T09:23:06.963965+09:00,2026-10-01T00:00:00+09:00,2026-10-08T09:12:32+09:00
2026-10-04,114,monthly_trace,8202195,ゆうしん🐹｜デジタルの温もりを届けるAIアートクリエイター,yuushinhalo2025,https://note.com/yuushinhalo2025,True,1,1,716,2026-10-08T09:23:06.963965+09:00,2026-10-01T00:00:00+09:00,2026-10-08T09:12:32+09:00
2026-10-04,115,monthly_trace,5230260,りんくす@AI人格コーディネーター,links_lt,https://note.com/links_lt,True,1,1,17567,2026-10-08T09:23:06.963965+09:00,2026-10-01T00:00:00+09:00,2026-10-08T09:12:32+09:00
2026-10-04,116,monthly_trace,13686942,るみるみ,rumi_rumi369,https://note.com/rumi_rumi369,True,1,1,1689,2026-10-08T09:23:06.963965+09:00,2026-10-01T00:00:00+09:00,2026-10-08T09:12:32+09:00
2026-10-04,117,monthly_trace,13743229,カフェLounge雅,hearty_mint9651,https://note.com/hearty_mint9651,True,1,1,317,2026-10-08T09:23:06.963965+09:00,2026-10-01T00:00:00+09:00,2026-10-08T09:12:32+09:00
2026-10-04,118,monthly_trace,15482288,コナ｜安全品質×AI,kona_ai,https://note.com/kona_ai,True,1,1,118,2026-10-08T09:23:06.963965+09:00,2026-10-01T00:00:00+09:00,2026-10-08T09:12:32+09:00
2026-10-04,119,monthly_trace,14763423,コバヤシ@学生事業家,kobalab_2026,https://note.com/kobalab_2026,True,1,1,441,2026-10-08T09:23:06.963965+09:00,2026-10-01T00:00:00+09:00,2026-10-08T09:12:32+09:00
2026-10-04,120,monthly_trace,382406,サイユ。,sai_yuki,https://note.com/sai_yuki,True,1,1,40,2026-10-08T09:23:06.963965+09:00,2026-10-01T00:00:00+09:00,2026-10-08T09:12:32+09:00
2026-10-04,121,monthly_trace,13065530,ノックスリョウ,ryo_hsl,https://note.com/ryo_hsl,True,1,1,97,2026-10-08T09:23:06.963965+09:00,2026-10-01T00:00:00+09:00,2026-10-08T09:12:32+09:00
2026-10-04,122,monthly_trace,393078,ブラウニー,dic_web,https://note.com/dic_web,True,1,1,2086,2026-10-08T09:23:06.963965+09:00,2026-10-01T00:00:00+09:00,2026-10-08T09:12:32+09:00
2026-10-04,123,monthly_trace,15660019,メモ魔┃AIだけで1円稼げるか,memoma_ichien,https://note.com/memoma_ichien,True,1,1,3,2026-10-08T09:23:06.963965+09:00,2026-10-01T00:00:00+09:00,2026-10-08T09:12:32+09:00
2026-10-04,124,monthly_trace,12773166,モブリンのおかあしゃん,major_minnow7470,https://note.com/major_minnow7470,True,1,1,19,2026-10-08T09:23:06.963965+09:00,2026-10-01T00:00:00+09:00,2026-10-08T09:12:32+09:00
2026-10-04,125,monthly_trace,10071829,動きのラフテル@理学療法,proper_swan3597,https://note.com/proper_swan3597,True,1,1,1712,2026-10-08T09:23:06.963965+09:00,2026-10-01T00:00:00+09:00,2026-10-08T09:12:32+09:00
2026-10-04,126,monthly_trace,15439731,北端 秀行 （Gメン喜多端）,kitabatahideyuki,https://note.com/kitabatahideyuki,True,1,1,104,2026-10-08T09:23:06.963965+09:00,2026-10-01T00:00:00+09:00,2026-10-08T09:12:32+09:00
2026-10-04,127,monthly_trace,14083865,小林＿現役採用担当,coderoute90,https://note.com/coderoute90,True,1,1,941,2026-10-08T09:23:06.963965+09:00,2026-10-01T00:00:00+09:00,2026-10-08T09:12:32+09:00
2026-10-04,128,monthly_trace,12304422,思考のモデラー,thinkinglevel999,https://note.com/thinkinglevel999,True,1,1,135,2026-10-08T09:23:06.963965+09:00,2026-10-01T00:00:00+09:00,2026-10-08T09:12:32+09:00
2026-10-04,129,monthly_trace,10431177,水晶ゆめ🔮当てない占い師×夢を灯す創作家,yume_suisho,https://note.com/yume_suisho,True,1,1,5580,2026-10-08T09:23:06.963965+09:00,2026-10-01T00:00:00+09:00,2026-10-08T09:12:32+09:00
2026-10-04,130,monthly_trace,13162655,無料枠AI探求者,merry_moraea681,https://note.com/merry_moraea681,True,1,1,513,2026-10-08T09:23:06.963965+09:00,2026-10-01T00:00:00+09:00,2026-10-08T09:12:32+09:00
2026-10-04,131,monthly_trace,15050609,真彦🌕辻・Miguelin幸樹【ケネス梓の弟】,magico_keni_az,https://note.com/magico_keni_az,True,1,1,521,2026-10-08T09:23:06.963965+09:00,2026-10-01T00:00:00+09:00,2026-10-08T09:12:32+09:00
2026-10-04,132,monthly_trace,13135350,綿毛,easy_hound4116,https://note.com/easy_hound4116,True,1,1,47,2026-10-08T09:23:06.963965+09:00,2026-10-01T00:00:00+09:00,2026-10-08T09:12:32+09:00
2026-10-04,133,monthly_trace,13674543,許 亜軍｜AI経営の実践者,joinclass,https://note.com/joinclass,True,1,1,35,2026-10-08T09:23:06.963965+09:00,2026-10-01T00:00:00+09:00,2026-10-08T09:12:32+09:00
2026-10-04,134,monthly_trace,6905415,豹子頭 林冲,hyousitou,https://note.com/hyousitou,True,1,1,310,2026-10-08T09:23:06.963965+09:00,2026-10-01T00:00:00+09:00,2026-10-08T09:12:32+09:00
2026-10-04,135,monthly_trace,13188249,転がるじゃがいも,zutto_otaku8626,https://note.com/zutto_otaku8626,True,1,1,85,2026-10-08T09:23:06.963965+09:00,2026-10-01T00:00:00+09:00,2026-10-08T09:12:32+09:00
2026-10-04,136,monthly_trace,14927519,鍵＠ノーコードAI,h_nocode_ai_lab,https://note.com/h_nocode_ai_lab,True,1,1,399,2026-10-08T09:23:06.963965+09:00,2026-10-01T00:00:00+09:00,2026-10-08T09:12:32+09:00
2026-10-04,137,monthly_trace,15236773,47歳　元営業部長　脳出血から仕事復帰へ Tomo,pure_hebe635,https://note.com/pure_hebe635,True,0,1,928,2026-10-08T09:23:06.963965+09:00,2026-10-01T00:00:00+09:00,2026-10-08T09:12:32+09:00
2026-10-04,138,monthly_trace,14555620,54Plants,hiromavich,https://note.com/hiromavich,True,0,1,281,2026-10-08T09:23:06.963965+09:00,2026-10-01T00:00:00+09:00,2026-10-08T09:12:32+09:00
2026-10-04,139,monthly_trace,11703348,AIさとう｜AI動画で収益化を目指す,ai_sato_,https://note.com/ai_sato_,True,0,1,89,2026-10-08T09:23:06.963965+09:00,2026-10-01T00:00:00+09:00,2026-10-08T09:12:32+09:00
2026-10-04,140,monthly_trace,790651,AZUSA KIKUGAWA(相互フォローしてます),sakuracotton,https://note.com/sakuracotton,True,0,1,506,2026-10-08T09:23:06.963965+09:00,2026-10-01T00:00:00+09:00,2026-10-08T09:12:32+09:00
2026-10-04,141,monthly_trace,2862586,EX-FAX-CE｜ロスジェネ氷河期的視点,exfaxce,https://note.com/exfaxce,True,0,1,1861,2026-10-08T09:23:06.963965+09:00,2026-10-01T00:00:00+09:00,2026-10-08T09:12:32+09:00
2026-10-04,142,monthly_trace,11351510,Ejii✦3（えじー）,deft_raven2722,https://note.com/deft_raven2722,True,0,1,297,2026-10-08T09:23:06.963965+09:00,2026-10-01T00:00:00+09:00,2026-10-08T09:12:32+09:00
2026-10-04,143,monthly_trace,15214463,Hanchan,hot_elk6916,https://note.com/hot_elk6916,True,0,1,85,2026-10-08T09:23:06.963965+09:00,2026-10-01T00:00:00+09:00,2026-10-08T09:12:32+09:00
2026-10-04,144,monthly_trace,265106,KENBO：技術と経験を次へつなぐ｜AIと半導体エンジニア兼複業クリエイター,kenbo1929,https://note.com/kenbo1929,True,0,1,685,2026-10-08T09:23:06.963965+09:00,2026-10-01T00:00:00+09:00,2026-10-08T09:12:32+09:00
2026-10-04,145,monthly_trace,13713057,Keptyの旅ログ🚲️,kepcharitabi,https://note.com/kepcharitabi,True,0,1,574,2026-10-08T09:23:06.963965+09:00,2026-10-01T00:00:00+09:00,2026-10-08T09:12:32+09:00
2026-10-04,146,monthly_trace,7580255,Kinu｜AIイラストと発信づくり,kinu885,https://note.com/kinu885,True,0,1,2338,2026-10-08T09:23:06.963965+09:00,2026-10-01T00:00:00+09:00,2026-10-08T09:12:32+09:00
2026-10-04,147,monthly_trace,15001557,Margin Archive,limber_tulip137,https://note.com/limber_tulip137,True,0,1,586,2026-10-08T09:23:06.963965+09:00,2026-10-01T00:00:00+09:00,2026-10-08T09:12:32+09:00
2026-10-04,148,monthly_trace,5330022,Marie | まりーの小さな⚙️歯車⚙️ラボ🔬,marie_222,https://note.com/marie_222,True,0,1,161,2026-10-08T09:23:06.963965+09:00,2026-10-01T00:00:00+09:00,2026-10-08T09:12:32+09:00
2026-10-04,149,monthly_trace,12862447,SilentTaker@しずかちゃん,real_egret9710,https://note.com/real_egret9710,True,0,1,233,2026-10-08T09:23:06.963965+09:00,2026-10-01T00:00:00+09:00,2026-10-08T09:12:32+09:00
2026-10-04,150,monthly_trace,12142452,VCL,verde_combat_lab,https://note.com/verde_combat_lab,True,0,1,749,2026-10-08T09:23:06.963965+09:00,2026-10-01T00:00:00+09:00,2026-10-08T09:12:32+09:00
2026-10-04,151,monthly_trace,15484996,amanoha｜編集×AI,amanoha_ai,https://note.com/amanoha_ai,True,0,1,66,2026-10-08T09:23:06.963965+09:00,2026-10-01T00:00:00+09:00,2026-10-08T09:12:32+09:00
2026-10-04,152,monthly_trace,14520065,happy-sheep,holy_sheep3944,https://note.com/holy_sheep3944,True,0,1,538,2026-10-08T09:23:06.963965+09:00,2026-10-01T00:00:00+09:00,2026-10-08T09:12:32+09:00
2026-10-04,153,monthly_trace,14884158,kazuma,kazuma3924,https://note.com/kazuma3924,True,0,1,234,2026-10-08T09:23:06.963965+09:00,2026-10-01T00:00:00+09:00,2026-10-08T09:12:32+09:00
2026-10-04,154,monthly_trace,10526244,kinose / note美容師,kino0905,https://note.com/kino0905,True,0,1,792,2026-10-08T09:23:06.963965+09:00,2026-10-01T00:00:00+09:00,2026-10-08T09:12:32+09:00
2026-10-04,155,monthly_trace,12715352,tadapiyo,rosy_gnu3023,https://note.com/rosy_gnu3023,True,0,1,105,2026-10-08T09:23:06.963965+09:00,2026-10-01T00:00:00+09:00,2026-10-08T09:12:32+09:00
2026-10-04,156,monthly_trace,10803734,yaema,syousonankei2523,https://note.com/syousonankei2523,True,0,1,121,2026-10-08T09:23:06.963965+09:00,2026-10-01T00:00:00+09:00,2026-10-08T09:12:32+09:00
2026-10-04,157,monthly_trace,4185124,yukiko 摂食嚥下コンサルタントナース,nanamoto52885,https://note.com/nanamoto52885,True,0,1,338,2026-10-08T09:23:06.963965+09:00,2026-10-01T00:00:00+09:00,2026-10-08T09:12:32+09:00
2026-10-04,158,monthly_trace,14587860,「ポンロボ」ポンコツAIロボ-副業機能付き,kaeritenai,https://note.com/kaeritenai,True,0,1,173,2026-10-08T09:23:06.963965+09:00,2026-10-01T00:00:00+09:00,2026-10-08T09:12:32+09:00
2026-10-04,159,monthly_trace,4721164,あい,nanatsunoko3,https://note.com/nanatsunoko3,True,0,1,515,2026-10-08T09:23:06.963965+09:00,2026-10-01T00:00:00+09:00,2026-10-08T09:12:32+09:00
2026-10-04,160,monthly_trace,12580328,あいびより。AIクリエイターの日常🐾,aiby_masuhiyo,https://note.com/aiby_masuhiyo,True,0,1,1575,2026-10-08T09:23:06.963965+09:00,2026-10-01T00:00:00+09:00,2026-10-08T09:12:32+09:00
2026-10-04,161,monthly_trace,10461763,あおい＠30代後半のサイドFIRE実験記録,lifeworkfree,https://note.com/lifeworkfree,True,0,1,485,2026-10-08T09:23:06.963965+09:00,2026-10-01T00:00:00+09:00,2026-10-08T09:12:32+09:00
2026-10-04,162,monthly_trace,15168020,あたくし｜アラフォー女の深淵,_atakushi,https://note.com/_atakushi,True,0,1,408,2026-10-08T09:23:06.963965+09:00,2026-10-01T00:00:00+09:00,2026-10-08T09:12:32+09:00
2026-10-04,163,monthly_trace,14430145,あっきー｜漫画チラシ・AIイラスト制作,keen_violet2415,https://note.com/keen_violet2415,True,0,1,10,2026-10-08T09:23:06.963965+09:00,2026-10-01T00:00:00+09:00,2026-10-08T09:12:32+09:00
2026-10-04,164,monthly_trace,12149394,あめ｜AIと言葉の日々,ame_to_ai,https://note.com/ame_to_ai,True,0,1,727,2026-10-08T09:23:06.963965+09:00,2026-10-01T00:00:00+09:00,2026-10-08T09:12:32+09:00
2026-10-04,165,monthly_trace,13878107,うんちゃん｜開運実験,unchan_happy,https://note.com/unchan_happy,True,0,1,848,2026-10-08T09:23:06.963965+09:00,2026-10-01T00:00:00+09:00,2026-10-08T09:12:32+09:00
2026-10-04,166,monthly_trace,11463020,お喋りお兄さん@配信×noteの人,osya_verymuch,https://note.com/osya_verymuch,True,0,1,65,2026-10-08T09:23:06.963965+09:00,2026-10-01T00:00:00+09:00,2026-10-08T09:12:32+09:00
2026-10-04,167,monthly_trace,11281870,きおう ろん,xdh0002,https://note.com/xdh0002,True,0,1,667,2026-10-08T09:23:06.963965+09:00,2026-10-01T00:00:00+09:00,2026-10-08T09:12:32+09:00
2026-10-04,168,monthly_trace,12014165,くまのひとみ│note界のアイドル発達凸凹っ子アララのママ,tanupop,https://note.com/tanupop,True,0,1,666,2026-10-08T09:23:06.963965+09:00,2026-10-01T00:00:00+09:00,2026-10-08T09:12:32+09:00
2026-10-04,169,monthly_trace,13163455,こたや｜KOTAYA,kotaya_log,https://note.com/kotaya_log,True,0,1,3658,2026-10-08T09:23:06.963965+09:00,2026-10-01T00:00:00+09:00,2026-10-08T09:12:32+09:00
2026-10-04,170,monthly_trace,15730124,こはる,koharu_chy,https://note.com/koharu_chy,True,0,1,10,2026-10-08T09:23:06.963965+09:00,2026-10-01T00:00:00+09:00,2026-10-08T09:12:32+09:00
2026-10-04,171,monthly_trace,14463371,さいとう｜ワーママ管理職｜残業ゼロで成果を出すAI時短術,kind_boar557,https://note.com/kind_boar557,True,0,1,1605,2026-10-08T09:23:06.963965+09:00,2026-10-01T00:00:00+09:00,2026-10-08T09:12:32+09:00
2026-10-04,172,monthly_trace,12521570,しろのある,shirono_aru,https://note.com/shirono_aru,True,0,1,4240,2026-10-08T09:23:06.963965+09:00,2026-10-01T00:00:00+09:00,2026-10-08T09:12:32+09:00
2026-10-04,173,monthly_trace,15142635,つぶあん｜不養生な漢方薬剤師,kamponightowl,https://note.com/kamponightowl,True,0,1,117,2026-10-08T09:23:06.963965+09:00,2026-10-01T00:00:00+09:00,2026-10-08T09:12:32+09:00
2026-10-04,174,monthly_trace,13136155,はる｜“書く”を続ける,harublog0038,https://note.com/harublog0038,True,0,1,438,2026-10-08T09:23:06.963965+09:00,2026-10-01T00:00:00+09:00,2026-10-08T09:12:32+09:00
2026-10-04,175,monthly_trace,13366653,ぱぴさん,papi_san,https://note.com/papi_san,True,0,1,534,2026-10-08T09:23:06.963965+09:00,2026-10-01T00:00:00+09:00,2026-10-08T09:12:32+09:00
2026-10-04,176,monthly_trace,6790420,ひろのすけ | ごんぶとUSPプロデューサー,kocoroodoru,https://note.com/kocoroodoru,True,0,1,31,2026-10-08T09:23:06.963965+09:00,2026-10-01T00:00:00+09:00,2026-10-08T09:12:32+09:00
2026-10-04,177,monthly_trace,12148536,まき@こどもと日々成長中,asobo_kids,https://note.com/asobo_kids,True,0,1,1409,2026-10-08T09:23:06.963965+09:00,2026-10-01T00:00:00+09:00,2026-10-08T09:12:32+09:00
2026-10-04,178,monthly_trace,5828006,まなつ/突出マイノリティ列伝,tosshutsu_m,https://note.com/tosshutsu_m,True,0,1,9794,2026-10-08T09:23:06.963965+09:00,2026-10-01T00:00:00+09:00,2026-10-08T09:12:32+09:00
2026-10-04,179,monthly_trace,12377105,まるよか,yokayoka5103,https://note.com/yokayoka5103,True,0,1,1653,2026-10-08T09:23:06.963965+09:00,2026-10-01T00:00:00+09:00,2026-10-08T09:12:32+09:00
2026-10-04,180,monthly_trace,11837112,もぐら,mogurabooks,https://note.com/mogurabooks,True,0,1,376,2026-10-08T09:23:06.963965+09:00,2026-10-01T00:00:00+09:00,2026-10-08T09:12:32+09:00
2026-10-04,181,monthly_trace,1481431,やま,yama_i,https://note.com/yama_i,True,0,1,4,2026-10-08T09:23:06.963965+09:00,2026-10-01T00:00:00+09:00,2026-10-08T09:12:32+09:00
2026-10-04,182,monthly_trace,3330412,やまと　たける,0011naporeonn,https://note.com/0011naporeonn,True,0,1,5044,2026-10-08T09:23:06.963965+09:00,2026-10-01T00:00:00+09:00,2026-10-08T09:12:32+09:00
2026-10-04,183,monthly_trace,12924098,やまラボ,yama_lab00,https://note.com/yama_lab00,True,0,1,253,2026-10-08T09:23:06.963965+09:00,2026-10-01T00:00:00+09:00,2026-10-08T09:12:32+09:00
2026-10-04,184,monthly_trace,13156049,らっく,sakusakurakku,https://note.com/sakusakurakku,True,0,1,0,2026-10-08T09:23:06.963965+09:00,2026-10-01T00:00:00+09:00,2026-10-08T09:12:32+09:00
2026-10-04,185,monthly_trace,9731407,ろぺこ,ropeko_7,https://note.com/ropeko_7,True,0,1,41,2026-10-08T09:23:06.963965+09:00,2026-10-01T00:00:00+09:00,2026-10-08T09:12:32+09:00
2026-10-04,186,monthly_trace,13854803,アイダ,azulnix,https://note.com/azulnix,True,0,1,15,2026-10-08T09:23:06.963965+09:00,2026-10-01T00:00:00+09:00,2026-10-08T09:12:32+09:00
2026-10-04,187,monthly_trace,15671629,アホクソ,ahokuso,https://note.com/ahokuso,True,0,1,97,2026-10-08T09:23:06.963965+09:00,2026-10-01T00:00:00+09:00,2026-10-08T09:12:32+09:00
2026-10-04,188,monthly_trace,13379754,イシザキ,si_mbam4,https://note.com/si_mbam4,True,0,1,379,2026-10-08T09:23:06.963965+09:00,2026-10-01T00:00:00+09:00,2026-10-08T09:12:32+09:00
2026-10-04,189,monthly_trace,12730552,エリカが好き勝手に語るチャンネル,erikakataru,https://note.com/erikakataru,True,0,1,333,2026-10-08T09:23:06.963965+09:00,2026-10-01T00:00:00+09:00,2026-10-08T09:12:32+09:00
2026-10-04,190,monthly_trace,5513805,カナミン｜AIと迷いながら、進む人,kanamin26,https://note.com/kanamin26,True,0,1,1027,2026-10-08T09:23:06.963965+09:00,2026-10-01T00:00:00+09:00,2026-10-08T09:12:32+09:00
2026-10-04,191,monthly_trace,14280635,キャリア採用の現場から,saiyopro,https://note.com/saiyopro,True,0,1,573,2026-10-08T09:23:06.963965+09:00,2026-10-01T00:00:00+09:00,2026-10-08T09:12:32+09:00
2026-10-04,192,monthly_trace,11900590,クセさん｜失敗を資産に変えるnote伴走者,habit_notemaster,https://note.com/habit_notemaster,True,0,1,1475,2026-10-08T09:23:06.963965+09:00,2026-10-01T00:00:00+09:00,2026-10-08T09:12:32+09:00
2026-10-04,193,monthly_trace,13964497,ケア Design,nurse_notion,https://note.com/nurse_notion,True,0,1,320,2026-10-08T09:23:06.963965+09:00,2026-10-01T00:00:00+09:00,2026-10-08T09:12:32+09:00
2026-10-04,194,monthly_trace,13913798,コバユウ＿採用担当の視点,fine_clam7528,https://note.com/fine_clam7528,True,0,1,1355,2026-10-08T09:23:06.963965+09:00,2026-10-01T00:00:00+09:00,2026-10-08T09:12:32+09:00
2026-10-04,195,monthly_trace,14607319,シンシア,quiet_snail9618,https://note.com/quiet_snail9618,True,0,1,22,2026-10-08T09:23:06.963965+09:00,2026-10-01T00:00:00+09:00,2026-10-08T09:12:32+09:00
2026-10-04,196,monthly_trace,5962262,ジャムボーイ,witty_lotus224,https://note.com/witty_lotus224,True,0,1,2443,2026-10-08T09:23:06.963965+09:00,2026-10-01T00:00:00+09:00,2026-10-08T09:12:32+09:00
2026-10-04,197,monthly_trace,12232616,デジさしみ | IT現場の効率家,digital_sashimi,https://note.com/digital_sashimi,True,0,1,1167,2026-10-08T09:23:06.963965+09:00,2026-10-01T00:00:00+09:00,2026-10-08T09:12:32+09:00
2026-10-04,198,monthly_trace,15248332,ニック｜心と体のサインから生き方を決め直すコーチ,nick47change,https://note.com/nick47change,True,0,1,385,2026-10-08T09:23:06.963965+09:00,2026-10-01T00:00:00+09:00,2026-10-08T09:12:32+09:00
2026-10-04,199,monthly_trace,7830971,ハカセ アイ (Ai-Hakase)🐱YouTube × 記事でトレンドAIを解説する為のnote🐾,ai_hakase,https://note.com/ai_hakase,True,0,1,7813,2026-10-08T09:23:06.963965+09:00,2026-10-01T00:00:00+09:00,2026-10-08T09:12:32+09:00
2026-10-04,200,monthly_trace,15387414,ポラフ｜AI副業ログ,gay_impala1620,https://note.com/gay_impala1620,True,0,1,366,2026-10-08T09:23:06.963965+09:00,2026-10-01T00:00:00+09:00,2026-10-08T09:12:32+09:00
2026-10-04,201,monthly_trace,7896891,ポンタ,pontanohaha,https://note.com/pontanohaha,True,0,1,1302,2026-10-08T09:23:06.963965+09:00,2026-10-01T00:00:00+09:00,2026-10-08T09:12:32+09:00
2026-10-04,202,monthly_trace,12906286,ミノリ・グルーヴ@Minoriからの転生,open_tulip9172,https://note.com/open_tulip9172,True,0,1,179,2026-10-08T09:23:06.963965+09:00,2026-10-01T00:00:00+09:00,2026-10-08T09:12:32+09:00
2026-10-04,203,monthly_trace,15695723,レン．イケメンM男のCFNM・羞恥の記録,glossy_gnu5519,https://note.com/glossy_gnu5519,True,0,1,33,2026-10-08T09:23:06.963965+09:00,2026-10-01T00:00:00+09:00,2026-10-08T09:12:32+09:00
2026-10-04,204,monthly_trace,12114005,ロト6とロト7で数々の当選実績と高額当選者を輩出している元外資系金融マンのロト攻略法,warrenv,https://note.com/warrenv,True,0,1,1390,2026-10-08T09:23:06.963965+09:00,2026-10-01T00:00:00+09:00,2026-10-08T09:12:32+09:00
2026-10-04,205,monthly_trace,15263154,一人分を超えた日から｜ひとり事務所とAI,hitori_office_ai,https://note.com/hitori_office_ai,True,0,1,1098,2026-10-08T09:23:06.963965+09:00,2026-10-01T00:00:00+09:00,2026-10-08T09:12:32+09:00
2026-10-04,206,monthly_trace,15717145,五月🌙忘却書店🌙,clean_myrtle4703,https://note.com/clean_myrtle4703,True,0,1,17,2026-10-08T09:23:06.963965+09:00,2026-10-01T00:00:00+09:00,2026-10-08T09:12:32+09:00
2026-10-04,207,monthly_trace,10479931,働くメンタルカウンセラー,merry_pipit1562,https://note.com/merry_pipit1562,True,0,1,3678,2026-10-08T09:23:06.963965+09:00,2026-10-01T00:00:00+09:00,2026-10-08T09:12:32+09:00
2026-10-04,208,monthly_trace,10494093,元No.1ホストと女性主導体験,serene_liger429,https://note.com/serene_liger429,True,0,1,2032,2026-10-08T09:23:06.963965+09:00,2026-10-01T00:00:00+09:00,2026-10-08T09:12:32+09:00
2026-10-04,209,monthly_trace,12927111,元銀行員のAIお金ノート,ai_money60,https://note.com/ai_money60,True,0,1,784,2026-10-08T09:23:06.963965+09:00,2026-10-01T00:00:00+09:00,2026-10-08T09:12:32+09:00
2026-10-04,210,monthly_trace,12516832,和田雄三｜AI×心理ブランディングデザイナー,glad_dill2129,https://note.com/glad_dill2129,True,0,1,1157,2026-10-08T09:23:06.963965+09:00,2026-10-01T00:00:00+09:00,2026-10-08T09:12:32+09:00
2026-10-04,211,monthly_trace,5738970,営業fafa | note業界No.1営業マン,kohana1112,https://note.com/kohana1112,True,0,1,1868,2026-10-08T09:23:06.963965+09:00,2026-10-01T00:00:00+09:00,2026-10-08T09:12:32+09:00
2026-10-04,212,monthly_trace,14302008,室崎 敬太 【AIテック企業役員×オーナー経営】,murosakikeita,https://note.com/murosakikeita,True,0,1,3489,2026-10-08T09:23:06.963965+09:00,2026-10-01T00:00:00+09:00,2026-10-08T09:12:32+09:00
2026-10-04,213,monthly_trace,9911040,小島すがも,kojima_sugamo,https://note.com/kojima_sugamo,True,0,1,1081,2026-10-08T09:23:06.963965+09:00,2026-10-01T00:00:00+09:00,2026-10-08T09:12:32+09:00
2026-10-04,214,monthly_trace,12106767,惰眠がしたい赤猫さん,lef_works,https://note.com/lef_works,True,0,1,276,2026-10-08T09:23:06.963965+09:00,2026-10-01T00:00:00+09:00,2026-10-08T09:12:32+09:00
2026-10-04,215,monthly_trace,14531881,採用担当やってます。,saiyotanto,https://note.com/saiyotanto,True,0,1,171,2026-10-08T09:23:06.963965+09:00,2026-10-01T00:00:00+09:00,2026-10-08T09:12:32+09:00
2026-10-04,216,monthly_trace,15624543,文殊 知恵,uiki_monju,https://note.com/uiki_monju,True,0,1,66,2026-10-08T09:23:06.963965+09:00,2026-10-01T00:00:00+09:00,2026-10-08T09:12:32+09:00
2026-10-04,217,monthly_trace,13908776,暮らしのリハ医K,quirky_lotus3945,https://note.com/quirky_lotus3945,True,0,1,37,2026-10-08T09:23:06.963965+09:00,2026-10-01T00:00:00+09:00,2026-10-08T09:12:32+09:00
2026-10-04,218,monthly_trace,12138574,暮らしの整え相談室　ぽんまぁ,ponmaaa,https://note.com/ponmaaa,True,0,1,401,2026-10-08T09:23:06.963965+09:00,2026-10-01T00:00:00+09:00,2026-10-08T09:12:32+09:00
2026-10-04,219,monthly_trace,15729270,木乃 しゃもじ,shamoji_miteru,https://note.com/shamoji_miteru,True,0,1,15,2026-10-08T09:23:06.963965+09:00,2026-10-01T00:00:00+09:00,2026-10-08T09:12:32+09:00
2026-10-04,220,monthly_trace,13502174,架空彼氏製作所｜AIイラスト,kakuu_kareshi,https://note.com/kakuu_kareshi,True,0,1,391,2026-10-08T09:23:06.963965+09:00,2026-10-01T00:00:00+09:00,2026-10-08T09:12:32+09:00
2026-10-04,221,monthly_trace,6326357,棚島 香帆汰（たなしま かほた）,brave_bee548,https://note.com/brave_bee548,True,0,1,749,2026-10-08T09:23:06.963965+09:00,2026-10-01T00:00:00+09:00,2026-10-08T09:12:32+09:00
2026-10-04,222,monthly_trace,9980809,気まぐれ執事｜AIでキャラの日常をつくる,rapid_mint5831,https://note.com/rapid_mint5831,True,0,1,146,2026-10-08T09:23:06.963965+09:00,2026-10-01T00:00:00+09:00,2026-10-08T09:12:32+09:00
2026-10-04,223,monthly_trace,15288249,永野優作,mute_phlox837,https://note.com/mute_phlox837,True,0,1,920,2026-10-08T09:23:06.963965+09:00,2026-10-01T00:00:00+09:00,2026-10-08T09:12:32+09:00
2026-10-04,224,monthly_trace,5052671,海外３児ママの幸福講義,naruyouni,https://note.com/naruyouni,True,0,1,276,2026-10-08T09:23:06.963965+09:00,2026-10-01T00:00:00+09:00,2026-10-08T09:12:32+09:00
2026-10-04,225,monthly_trace,14926894,渚は今日も遠回り,vivid_stilt8535,https://note.com/vivid_stilt8535,True,0,1,459,2026-10-08T09:23:06.963965+09:00,2026-10-01T00:00:00+09:00,2026-10-08T09:12:32+09:00
2026-10-04,226,monthly_trace,9619867,灰猫はいねこ,nice_pony9719,https://note.com/nice_pony9719,True,0,1,483,2026-10-08T09:23:06.963965+09:00,2026-10-01T00:00:00+09:00,2026-10-08T09:12:32+09:00
2026-10-04,227,monthly_trace,15707736,生きているだけで偉い,firm_condor91,https://note.com/firm_condor91,True,0,1,73,2026-10-08T09:23:06.963965+09:00,2026-10-01T00:00:00+09:00,2026-10-08T09:12:32+09:00
2026-10-04,228,monthly_trace,11845401,生成AI横並び検証室,yokonarabi_lab,https://note.com/yokonarabi_lab,True,0,1,69,2026-10-08T09:23:06.963965+09:00,2026-10-01T00:00:00+09:00,2026-10-08T09:12:32+09:00
2026-10-04,229,monthly_trace,14755738,紬は今日も絶好調！？,tsumu_156,https://note.com/tsumu_156,True,0,1,301,2026-10-08T09:23:06.963965+09:00,2026-10-01T00:00:00+09:00,2026-10-08T09:12:32+09:00
2026-10-04,230,monthly_trace,15729594,羊毛の魔女パレット🐏,novel_woolpallet,https://note.com/novel_woolpallet,True,0,1,25,2026-10-08T09:23:06.963965+09:00,2026-10-01T00:00:00+09:00,2026-10-08T09:12:32+09:00
2026-10-04,231,monthly_trace,3875022,翔太郎,koyayou,https://note.com/koyayou,True,0,1,102,2026-10-08T09:23:06.963965+09:00,2026-10-01T00:00:00+09:00,2026-10-08T09:12:32+09:00
2026-10-04,232,monthly_trace,6537962,花まるエレメンタリーミドルスクール,hanamentary,https://note.com/hanamentary,True,0,1,335,2026-10-08T09:23:06.963965+09:00,2026-10-01T00:00:00+09:00,2026-10-08T09:12:32+09:00
2026-10-04,233,monthly_trace,5947863,菅谷健太郎,light_coyote380,https://note.com/light_coyote380,True,0,1,8240,2026-10-08T09:23:06.963965+09:00,2026-10-01T00:00:00+09:00,2026-10-08T09:12:32+09:00
2026-10-04,234,monthly_trace,6562253,隆之@モノづくりの現場を考える,taka_sas_1979,https://note.com/taka_sas_1979,True,0,1,437,2026-10-08T09:23:06.963965+09:00,2026-10-01T00:00:00+09:00,2026-10-08T09:12:32+09:00
2026-10-04,235,monthly_trace,253443,雪月 音弥,otoya_step,https://note.com/otoya_step,True,0,1,80,2026-10-08T09:23:06.963965+09:00,2026-10-01T00:00:00+09:00,2026-10-08T09:12:32+09:00
2026-10-04,236,monthly_trace,13697762,🐟ニシンナス🍆,nishin_herring,https://note.com/nishin_herring,True,0,1,163,2026-10-08T09:23:06.963965+09:00,2026-10-01T00:00:00+09:00,2026-10-08T09:12:32+09:00
2026-10-05,1,monthly_trace,13158712,コヤギ｜静かに暮らす,koyagishizukani,https://note.com/koyagishizukani,True,11,44,268,2026-10-08T09:23:06.963965+09:00,2026-10-01T00:00:00+09:00,2026-10-08T09:12:32+09:00
2026-10-05,2,monthly_trace,12668465,紅茶🫖｜ことばの庭,usagi_no_mimi_,https://note.com/usagi_no_mimi_,True,7,11,293,2026-10-08T09:23:06.963965+09:00,2026-10-01T00:00:00+09:00,2026-10-08T09:12:32+09:00
2026-10-05,3,monthly_trace,13900618,sophie,scribble_1000,https://note.com/scribble_1000,True,1,9,944,2026-10-08T09:23:06.963965+09:00,2026-10-01T00:00:00+09:00,2026-10-08T09:12:32+09:00
2026-10-05,4,monthly_trace,13140757,雪詠｜ゆきよみ,yukiyomi,https://note.com/yukiyomi,True,1,9,1027,2026-10-08T09:23:06.963965+09:00,2026-10-01T00:00:00+09:00,2026-10-08T09:12:32+09:00
2026-10-05,5,monthly_trace,14239507,ミュリン♪(*´ω`*)✨,star246,https://note.com/star246,True,2,8,1230,2026-10-08T09:23:06.963965+09:00,2026-10-01T00:00:00+09:00,2026-10-08T09:12:32+09:00
2026-10-05,6,monthly_trace,13305460,とりかじ｜研究職パパの家庭DX研究室,like_cosmos1242,https://note.com/like_cosmos1242,True,2,7,159,2026-10-08T09:23:06.963965+09:00,2026-10-01T00:00:00+09:00,2026-10-08T09:12:32+09:00
2026-10-05,7,monthly_trace,9474730,uchutune,uchutune3131,https://note.com/uchutune3131,True,1,7,242,2026-10-08T09:23:06.963965+09:00,2026-10-01T00:00:00+09:00,2026-10-08T09:12:32+09:00
2026-10-05,8,monthly_trace,6426263,はるかな,ai_crayon_04,https://note.com/ai_crayon_04,True,1,7,165,2026-10-08T09:23:06.963965+09:00,2026-10-01T00:00:00+09:00,2026-10-08T09:12:32+09:00
2026-10-05,9,monthly_trace,6312735,ピナクル,modern_holly38,https://note.com/modern_holly38,True,1,7,468,2026-10-08T09:23:06.963965+09:00,2026-10-01T00:00:00+09:00,2026-10-08T09:12:32+09:00
2026-10-05,10,monthly_trace,13870436,ママ薬剤師HONO,hospital_ph_hono,https://note.com/hospital_ph_hono,True,1,7,1071,2026-10-08T09:23:06.963965+09:00,2026-10-01T00:00:00+09:00,2026-10-08T09:12:32+09:00
2026-10-05,11,monthly_trace,7830971,ハカセ アイ (Ai-Hakase)🐱YouTube × 記事でトレンドAIを解説する為のnote🐾,ai_hakase,https://note.com/ai_hakase,True,5,6,7813,2026-10-08T09:23:06.963965+09:00,2026-10-01T00:00:00+09:00,2026-10-08T09:12:32+09:00
2026-10-05,12,monthly_trace,13430194,あきまむ｜AIとnoteを楽しむ,fond_shark9221,https://note.com/fond_shark9221,True,2,6,344,2026-10-08T09:23:06.963965+09:00,2026-10-01T00:00:00+09:00,2026-10-08T09:12:32+09:00
2026-10-05,13,monthly_trace,2490558,だんだんありがと@めじゅ,dandan_arigato19,https://note.com/dandan_arigato19,True,2,6,781,2026-10-08T09:23:06.963965+09:00,2026-10-01T00:00:00+09:00,2026-10-08T09:12:32+09:00
2026-10-05,14,monthly_trace,13642246,やっさん（yasuda）,large_iguana6415,https://note.com/large_iguana6415,True,2,6,1684,2026-10-08T09:23:06.963965+09:00,2026-10-01T00:00:00+09:00,2026-10-08T09:12:32+09:00
2026-10-05,15,monthly_trace,11807623,Anna,modern_lion2880,https://note.com/modern_lion2880,True,1,6,1044,2026-10-08T09:23:06.963965+09:00,2026-10-01T00:00:00+09:00,2026-10-08T09:12:32+09:00
2026-10-05,16,monthly_trace,564742,ta_kawano,takawano,https://note.com/takawano,True,1,6,140,2026-10-08T09:23:06.963965+09:00,2026-10-01T00:00:00+09:00,2026-10-08T09:12:32+09:00
2026-10-05,17,monthly_trace,13133778,【無名 S note】18日でフォロワー1000名🚨連続収益中！48マガ・13共マガ運営 参加72🙆,ss_yr,https://note.com/ss_yr,True,1,6,2157,2026-10-08T09:23:06.963965+09:00,2026-10-01T00:00:00+09:00,2026-10-08T09:12:32+09:00
2026-10-05,18,monthly_trace,10511593,しれネコ🐾｜迷子の気持ち、 ちょっと軽く,large_hosta3387,https://note.com/large_hosta3387,True,1,6,1126,2026-10-08T09:23:06.963965+09:00,2026-10-01T00:00:00+09:00,2026-10-08T09:12:32+09:00
2026-10-05,19,monthly_trace,10460304,ちんぱん🐒耳毛〰(˙👄˙)〰,ojisan_chinpan,https://note.com/ojisan_chinpan,True,1,6,1574,2026-10-08T09:23:06.963965+09:00,2026-10-01T00:00:00+09:00,2026-10-08T09:12:32+09:00
2026-10-05,20,monthly_trace,3598618,はしゃも｜感情構造エンジニア,hasyamo,https://note.com/hasyamo,True,1,6,736,2026-10-08T09:23:06.963965+09:00,2026-10-01T00:00:00+09:00,2026-10-08T09:12:32+09:00
2026-10-05,21,monthly_trace,11634537,ナオユキ｜物語と知識のコンシェルジュ,ai_naoyuki,https://note.com/ai_naoyuki,True,1,6,3696,2026-10-08T09:23:06.963965+09:00,2026-10-01T00:00:00+09:00,2026-10-08T09:12:32+09:00
2026-10-05,22,monthly_trace,11870206,椿みきこ🌸季節の花ごよみ,hirata_mikiko60,https://note.com/hirata_mikiko60,True,1,6,1007,2026-10-08T09:23:06.963965+09:00,2026-10-01T00:00:00+09:00,2026-10-08T09:12:32+09:00
2026-10-05,23,monthly_trace,12197172,緑どんぐり,green_donguri,https://note.com/green_donguri,True,1,6,2035,2026-10-08T09:23:06.963965+09:00,2026-10-01T00:00:00+09:00,2026-10-08T09:12:32+09:00
2026-10-05,24,monthly_trace,12158291,考える赤柴｜ハロウィンアート2026応援中,eager_thyme9842,https://note.com/eager_thyme9842,True,1,6,699,2026-10-08T09:23:06.963965+09:00,2026-10-01T00:00:00+09:00,2026-10-08T09:12:32+09:00
2026-10-05,25,monthly_trace,14363101,ゆ,yuuwa1046,https://note.com/yuuwa1046,True,0,6,210,2026-10-08T09:23:06.963965+09:00,2026-10-01T00:00:00+09:00,2026-10-08T09:12:32+09:00
2026-10-05,26,monthly_trace,12983172,masaya｜テンカラフル,10colorful,https://note.com/10colorful,True,1,5,2289,2026-10-08T09:23:06.963965+09:00,2026-10-01T00:00:00+09:00,2026-10-08T09:12:32+09:00
2026-10-05,27,monthly_trace,15007270,しま | 日常にそっと英語を,shima_shima03,https://note.com/shima_shima03,True,1,5,84,2026-10-08T09:23:06.963965+09:00,2026-10-01T00:00:00+09:00,2026-10-08T09:12:32+09:00
2026-10-05,28,monthly_trace,13892517,みき＠社労士事務所のしがないパンダ,modern_dill3027,https://note.com/modern_dill3027,True,1,5,277,2026-10-08T09:23:06.963965+09:00,2026-10-01T00:00:00+09:00,2026-10-08T09:12:32+09:00
2026-10-05,29,monthly_trace,346575,桜星雨夜,squallxxx,https://note.com/squallxxx,True,1,5,89,2026-10-08T09:23:06.963965+09:00,2026-10-01T00:00:00+09:00,2026-10-08T09:12:32+09:00
2026-10-05,30,monthly_trace,14494109,藤｜AIと仕事も遊びも本気,nanamay11023,https://note.com/nanamay11023,True,1,5,308,2026-10-08T09:23:06.963965+09:00,2026-10-01T00:00:00+09:00,2026-10-08T09:12:32+09:00
2026-10-05,31,monthly_trace,10332488,ななな｜もやもや減らし屋,alive_prawn4206,https://note.com/alive_prawn4206,True,0,5,454,2026-10-08T09:23:06.963965+09:00,2026-10-01T00:00:00+09:00,2026-10-08T09:12:32+09:00
2026-10-05,32,monthly_trace,10501834,みふゆ＆成瀬圭｜AIパートナーとnote実験中｜フォロバ100,kei_mifu,https://note.com/kei_mifu,True,0,5,1267,2026-10-08T09:23:06.963965+09:00,2026-10-01T00:00:00+09:00,2026-10-08T09:12:32+09:00
2026-10-05,33,monthly_trace,11583083,夏目羊,hitsuji_natsume,https://note.com/hitsuji_natsume,True,0,5,2157,2026-10-08T09:23:06.963965+09:00,2026-10-01T00:00:00+09:00,2026-10-08T09:12:32+09:00
2026-10-05,34,monthly_trace,12966384,FANTASY-AI JP,mute_hyena5293,https://note.com/mute_hyena5293,True,2,4,237,2026-10-08T09:23:06.963965+09:00,2026-10-01T00:00:00+09:00,2026-10-08T09:12:32+09:00
2026-10-05,35,monthly_trace,14642195,vagabond1497,loyal_fox8450,https://note.com/loyal_fox8450,True,2,4,75,2026-10-08T09:23:06.963965+09:00,2026-10-01T00:00:00+09:00,2026-10-08T09:12:32+09:00
2026-10-05,36,monthly_trace,15611455,DABOちゃん｜ゴルフ×AI×SNS継続の記録,dabochan_gogo,https://note.com/dabochan_gogo,True,1,4,329,2026-10-08T09:23:06.963965+09:00,2026-10-01T00:00:00+09:00,2026-10-08T09:12:32+09:00
2026-10-05,37,monthly_trace,12025079,けー虎 | AIマンガであなたのココロゆるませます！,solo_diary,https://note.com/solo_diary,True,1,4,681,2026-10-08T09:23:06.963965+09:00,2026-10-01T00:00:00+09:00,2026-10-08T09:12:32+09:00
2026-10-05,38,monthly_trace,13777980,しげちーSS,shjgechy,https://note.com/shjgechy,True,1,4,733,2026-10-08T09:23:06.963965+09:00,2026-10-01T00:00:00+09:00,2026-10-08T09:12:32+09:00
2026-10-05,39,monthly_trace,10827166,コンパス みき✨️好きのタネ🌱‬‪を育てる案内人,compass_m360,https://note.com/compass_m360,True,1,4,2047,2026-10-08T09:23:06.963965+09:00,2026-10-01T00:00:00+09:00,2026-10-08T09:12:32+09:00
2026-10-05,40,monthly_trace,15680481,サンタクラシ🍄,love_chance,https://note.com/love_chance,True,1,4,59,2026-10-08T09:23:06.963965+09:00,2026-10-01T00:00:00+09:00,2026-10-08T09:12:32+09:00
2026-10-05,41,monthly_trace,13628385,ヘクたろー|緑内障でも「面白い」を残したい男,hekutaro_0520,https://note.com/hekutaro_0520,True,1,4,728,2026-10-08T09:23:06.963965+09:00,2026-10-01T00:00:00+09:00,2026-10-08T09:12:32+09:00
2026-10-05,42,monthly_trace,13094187,ミナト汐　＠光と構図のアトリエ,n_kazumai55633,https://note.com/n_kazumai55633,True,1,4,1112,2026-10-08T09:23:06.963965+09:00,2026-10-01T00:00:00+09:00,2026-10-08T09:12:32+09:00
2026-10-05,43,monthly_trace,14080392,長坂　珠子　│ケアマネ×後見人×投資家,nagasaka_tamako,https://note.com/nagasaka_tamako,True,1,4,324,2026-10-08T09:23:06.963965+09:00,2026-10-01T00:00:00+09:00,2026-10-08T09:12:32+09:00
2026-10-05,44,monthly_trace,4877017,須川元介/情報翻訳家,skagenavi,https://note.com/skagenavi,True,1,4,2729,2026-10-08T09:23:06.963965+09:00,2026-10-01T00:00:00+09:00,2026-10-08T09:12:32+09:00
2026-10-05,45,monthly_trace,13125356,EARTH🌎,fast_thyme336,https://note.com/fast_thyme336,True,0,4,751,2026-10-08T09:23:06.963965+09:00,2026-10-01T00:00:00+09:00,2026-10-08T09:12:32+09:00
2026-10-05,46,monthly_trace,11178899,KEN 田舎で介護,fit_lion6308,https://note.com/fit_lion6308,True,0,4,614,2026-10-08T09:23:06.963965+09:00,2026-10-01T00:00:00+09:00,2026-10-08T09:12:32+09:00
2026-10-05,47,monthly_trace,14820938,Labo.,futurelnve5r,https://note.com/futurelnve5r,True,0,4,1811,2026-10-08T09:23:06.963965+09:00,2026-10-01T00:00:00+09:00,2026-10-08T09:12:32+09:00
2026-10-05,48,monthly_trace,12301144,ゆぴか｜働きづらさから在宅ワークを模索中☀︎,tasty_quoll5392,https://note.com/tasty_quoll5392,True,0,4,799,2026-10-08T09:23:06.963965+09:00,2026-10-01T00:00:00+09:00,2026-10-08T09:12:32+09:00
2026-10-05,49,monthly_trace,12358153,ハル｜Tokyo Visual Moments,dreamy_quail9288,https://note.com/dreamy_quail9288,True,0,4,544,2026-10-08T09:23:06.963965+09:00,2026-10-01T00:00:00+09:00,2026-10-08T09:12:32+09:00
2026-10-05,50,monthly_trace,13806959,ミライダネ,suzuka020825,https://note.com/suzuka020825,True,0,4,994,2026-10-08T09:23:06.963965+09:00,2026-10-01T00:00:00+09:00,2026-10-08T09:12:32+09:00
2026-10-05,51,monthly_trace,15394915,柴犬ゆる暮らし｜柴ゆる,calm_sedum3458,https://note.com/calm_sedum3458,True,0,4,140,2026-10-08T09:23:06.963965+09:00,2026-10-01T00:00:00+09:00,2026-10-08T09:12:32+09:00
2026-10-05,52,monthly_trace,14243034,Admin・K ＆ Ash,drastic_world,https://note.com/drastic_world,True,3,3,36,2026-10-08T09:23:06.963965+09:00,2026-10-01T00:00:00+09:00,2026-10-08T09:12:32+09:00
2026-10-05,53,monthly_trace,12149394,あめ｜AIと言葉の日々,ame_to_ai,https://note.com/ame_to_ai,True,2,3,727,2026-10-08T09:23:06.963965+09:00,2026-10-01T00:00:00+09:00,2026-10-08T09:12:32+09:00
2026-10-05,54,monthly_trace,13878107,うんちゃん｜開運実験,unchan_happy,https://note.com/unchan_happy,True,2,3,848,2026-10-08T09:23:06.963965+09:00,2026-10-01T00:00:00+09:00,2026-10-08T09:12:32+09:00
2026-10-05,55,monthly_trace,12521570,しろのある,shirono_aru,https://note.com/shirono_aru,True,2,3,4240,2026-10-08T09:23:06.963965+09:00,2026-10-01T00:00:00+09:00,2026-10-08T09:12:32+09:00
2026-10-05,56,monthly_trace,13502174,架空彼氏製作所｜AIイラスト,kakuu_kareshi,https://note.com/kakuu_kareshi,True,2,3,391,2026-10-08T09:23:06.963965+09:00,2026-10-01T00:00:00+09:00,2026-10-08T09:12:32+09:00
2026-10-05,57,monthly_trace,12624691,noteと遊ぶ あん,aging_gracefully,https://note.com/aging_gracefully,True,1,3,1615,2026-10-08T09:23:06.963965+09:00,2026-10-01T00:00:00+09:00,2026-10-08T09:12:32+09:00
2026-10-05,58,monthly_trace,12775322,カワムラ｜AI擬人化漫画 | ChatGPTのヨシダ,chatgpt_ysd,https://note.com/chatgpt_ysd,True,1,3,2435,2026-10-08T09:23:06.963965+09:00,2026-10-01T00:00:00+09:00,2026-10-08T09:12:32+09:00
2026-10-05,59,monthly_trace,11058763,濱口貴光@AIとデータサイエンスが好きな薬剤師,pharma_i_cist,https://note.com/pharma_i_cist,True,1,3,1170,2026-10-08T09:23:06.963965+09:00,2026-10-01T00:00:00+09:00,2026-10-08T09:12:32+09:00
2026-10-05,60,monthly_trace,13043888,空手家パパ,gentle_curlew322,https://note.com/gentle_curlew322,True,1,3,1172,2026-10-08T09:23:06.963965+09:00,2026-10-01T00:00:00+09:00,2026-10-08T09:12:32+09:00
2026-10-05,61,monthly_trace,13259374,Joe Tsukasa,joe2x100,https://note.com/joe2x100,True,0,3,1099,2026-10-08T09:23:06.963965+09:00,2026-10-01T00:00:00+09:00,2026-10-08T09:12:32+09:00
2026-10-05,62,monthly_trace,15290558,pito,hirocho_1125,https://note.com/hirocho_1125,True,0,3,97,2026-10-08T09:23:06.963965+09:00,2026-10-01T00:00:00+09:00,2026-10-08T09:12:32+09:00
2026-10-05,63,monthly_trace,1580107,ぐれんの　おにぎり@ あなたを人生の主人公にする心理家,selcject,https://note.com/selcject,True,0,3,3430,2026-10-08T09:23:06.963965+09:00,2026-10-01T00:00:00+09:00,2026-10-08T09:12:32+09:00
2026-10-05,64,monthly_trace,13621165,ごんた,glad_hosta9940,https://note.com/glad_hosta9940,True,0,3,118,2026-10-08T09:23:06.963965+09:00,2026-10-01T00:00:00+09:00,2026-10-08T09:12:32+09:00
2026-10-05,65,monthly_trace,14824580,たける　【日本正義・いのち党】,sane_coot4394,https://note.com/sane_coot4394,True,0,3,353,2026-10-08T09:23:06.963965+09:00,2026-10-01T00:00:00+09:00,2026-10-08T09:12:32+09:00
2026-10-05,66,monthly_trace,12235137,ねんころ@AIクリエイター,nenkoro_life,https://note.com/nenkoro_life,True,0,3,2021,2026-10-08T09:23:06.963965+09:00,2026-10-01T00:00:00+09:00,2026-10-08T09:12:32+09:00
2026-10-05,67,monthly_trace,14903985,まっちゃ💚AI活用とnote副業ラボ,matcha_aispirit,https://note.com/matcha_aispirit,True,0,3,812,2026-10-08T09:23:06.963965+09:00,2026-10-01T00:00:00+09:00,2026-10-08T09:12:32+09:00
2026-10-05,68,monthly_trace,11968206,もり｜40代の“仕事を軽くする”リスキリング,mori_reskilling,https://note.com/mori_reskilling,True,0,3,520,2026-10-08T09:23:06.963965+09:00,2026-10-01T00:00:00+09:00,2026-10-08T09:12:32+09:00
2026-10-05,69,monthly_trace,11877070,アルフレッド(ALFRED),game_system_alex,https://note.com/game_system_alex,True,0,3,4175,2026-10-08T09:23:06.963965+09:00,2026-10-01T00:00:00+09:00,2026-10-08T09:12:32+09:00
2026-10-05,70,monthly_trace,15573007,コタロウ｜40代、SNS×AIに全振り,kotarozero,https://note.com/kotarozero,True,0,3,242,2026-10-08T09:23:06.963965+09:00,2026-10-01T00:00:00+09:00,2026-10-08T09:12:32+09:00
2026-10-05,71,monthly_trace,14567125,メモ魔┃AI×4コマ漫画,memoma_ai,https://note.com/memoma_ai,True,0,3,150,2026-10-08T09:23:06.963965+09:00,2026-10-01T00:00:00+09:00,2026-10-08T09:12:32+09:00
2026-10-05,72,monthly_trace,15069362,安達【筋肉メタル親方】｜Creator’s Notebook,nice_crab5854,https://note.com/nice_crab5854,True,0,3,999,2026-10-08T09:23:06.963965+09:00,2026-10-01T00:00:00+09:00,2026-10-08T09:12:32+09:00
2026-10-05,73,monthly_trace,14414366,碧乃さくら,unique_turkey951,https://note.com/unique_turkey951,True,0,3,959,2026-10-08T09:23:06.963965+09:00,2026-10-01T00:00:00+09:00,2026-10-08T09:12:32+09:00
2026-10-05,74,monthly_trace,12235051,青井透子｜日常の過剰解釈屋,crisp_chimp0823,https://note.com/crisp_chimp0823,True,0,3,481,2026-10-08T09:23:06.963965+09:00,2026-10-01T00:00:00+09:00,2026-10-08T09:12:32+09:00
2026-10-05,75,monthly_trace,13991022,麻乃颯月|卒婚を決めたアラ還主婦,satuki_asano501,https://note.com/satuki_asano501,True,0,3,523,2026-10-08T09:23:06.963965+09:00,2026-10-01T00:00:00+09:00,2026-10-08T09:12:32+09:00
2026-10-05,76,monthly_trace,15690617,clair de lune♪リュミエール♪,cafe2463,https://note.com/cafe2463,True,2,2,28,2026-10-08T09:23:06.963965+09:00,2026-10-01T00:00:00+09:00,2026-10-08T09:12:32+09:00
2026-10-05,77,monthly_trace,15496321,りょうた | Claudeの専門家,ryota_claude,https://note.com/ryota_claude,True,2,2,25,2026-10-08T09:23:06.963965+09:00,2026-10-01T00:00:00+09:00,2026-10-08T09:12:32+09:00
2026-10-05,78,monthly_trace,14024411,ハル｜雑記,cc_dekirukana,https://note.com/cc_dekirukana,True,2,2,510,2026-10-08T09:23:06.963965+09:00,2026-10-01T00:00:00+09:00,2026-10-08T09:12:32+09:00
2026-10-05,79,monthly_trace,14520065,happy-sheep,holy_sheep3944,https://note.com/holy_sheep3944,True,1,2,538,2026-10-08T09:23:06.963965+09:00,2026-10-01T00:00:00+09:00,2026-10-08T09:12:32+09:00
2026-10-05,80,monthly_trace,13215594,じゅに。,ushidoshi_life,https://note.com/ushidoshi_life,True,1,2,912,2026-10-08T09:23:06.963965+09:00,2026-10-01T00:00:00+09:00,2026-10-08T09:12:32+09:00
2026-10-05,81,monthly_trace,13366653,ぱぴさん,papi_san,https://note.com/papi_san,True,1,2,534,2026-10-08T09:23:06.963965+09:00,2026-10-01T00:00:00+09:00,2026-10-08T09:12:32+09:00
2026-10-05,82,monthly_trace,11900590,クセさん｜失敗を資産に変えるnote伴走者,habit_notemaster,https://note.com/habit_notemaster,True,1,2,1475,2026-10-08T09:23:06.963965+09:00,2026-10-01T00:00:00+09:00,2026-10-08T09:12:32+09:00
2026-10-05,83,monthly_trace,12906286,ミノリ・グルーヴ@Minoriからの転生,open_tulip9172,https://note.com/open_tulip9172,True,1,2,179,2026-10-08T09:23:06.963965+09:00,2026-10-01T00:00:00+09:00,2026-10-08T09:12:32+09:00
2026-10-05,84,monthly_trace,12927111,元銀行員のAIお金ノート,ai_money60,https://note.com/ai_money60,True,1,2,784,2026-10-08T09:23:06.963965+09:00,2026-10-01T00:00:00+09:00,2026-10-08T09:12:32+09:00
2026-10-05,85,monthly_trace,5738970,営業fafa | note業界No.1営業マン,kohana1112,https://note.com/kohana1112,True,1,2,1868,2026-10-08T09:23:06.963965+09:00,2026-10-01T00:00:00+09:00,2026-10-08T09:12:32+09:00
2026-10-05,86,monthly_trace,6905415,豹子頭 林冲,hyousitou,https://note.com/hyousitou,True,1,2,310,2026-10-08T09:23:06.963965+09:00,2026-10-01T00:00:00+09:00,2026-10-08T09:12:32+09:00
2026-10-05,87,monthly_trace,253443,雪月 音弥,otoya_step,https://note.com/otoya_step,True,1,2,80,2026-10-08T09:23:06.963965+09:00,2026-10-01T00:00:00+09:00,2026-10-08T09:12:32+09:00
2026-10-05,88,monthly_trace,14025235,Aily｜AI美女で月10万を自動化,ailyxtokyo,https://note.com/ailyxtokyo,True,0,2,167,2026-10-08T09:23:06.963965+09:00,2026-10-01T00:00:00+09:00,2026-10-08T09:12:32+09:00
2026-10-05,89,monthly_trace,10326174,Chill｜人生後半、進化中,chill_2525,https://note.com/chill_2525,True,0,2,2317,2026-10-08T09:23:06.963965+09:00,2026-10-01T00:00:00+09:00,2026-10-08T09:12:32+09:00
2026-10-05,90,monthly_trace,12076418,FumiUmi,lunch_box235,https://note.com/lunch_box235,True,0,2,1109,2026-10-08T09:23:06.963965+09:00,2026-10-01T00:00:00+09:00,2026-10-08T09:12:32+09:00
2026-10-05,91,monthly_trace,12553034,HIROMI@,grand_fowl1887,https://note.com/grand_fowl1887,True,0,2,2534,2026-10-08T09:23:06.963965+09:00,2026-10-01T00:00:00+09:00,2026-10-08T09:12:32+09:00
2026-10-05,92,monthly_trace,13902670,Intentus｜会社員、AIと世界の観察ログ,intentus_26,https://note.com/intentus_26,True,0,2,415,2026-10-08T09:23:06.963965+09:00,2026-10-01T00:00:00+09:00,2026-10-08T09:12:32+09:00
2026-10-05,93,monthly_trace,15202016,Jota,jotavane,https://note.com/jotavane,True,0,2,402,2026-10-08T09:23:06.963965+09:00,2026-10-01T00:00:00+09:00,2026-10-08T09:12:32+09:00
2026-10-05,94,monthly_trace,13473442,sumica,corvus_754,https://note.com/corvus_754,True,0,2,142,2026-10-08T09:23:06.963965+09:00,2026-10-01T00:00:00+09:00,2026-10-08T09:12:32+09:00
2026-10-05,95,monthly_trace,12589788,ういろう,tsubakinu,https://note.com/tsubakinu,True,0,2,791,2026-10-08T09:23:06.963965+09:00,2026-10-01T00:00:00+09:00,2026-10-08T09:12:32+09:00
2026-10-05,96,monthly_trace,13718195,きいるか,yellowdolphin,https://note.com/yellowdolphin,True,0,2,43,2026-10-08T09:23:06.963965+09:00,2026-10-01T00:00:00+09:00,2026-10-08T09:12:32+09:00
2026-10-05,97,monthly_trace,12848229,そら,flux_water,https://note.com/flux_water,True,0,2,226,2026-10-08T09:23:06.963965+09:00,2026-10-01T00:00:00+09:00,2026-10-08T09:12:32+09:00
2026-10-05,98,monthly_trace,12789134,とり,tori2323,https://note.com/tori2323,True,0,2,3755,2026-10-08T09:23:06.963965+09:00,2026-10-01T00:00:00+09:00,2026-10-08T09:12:32+09:00
2026-10-05,99,monthly_trace,14463811,みゆこ｜菜園ティスト🌱　「やってみた」を楽しもう,miyuki1192,https://note.com/miyuki1192,True,0,2,1083,2026-10-08T09:23:06.963965+09:00,2026-10-01T00:00:00+09:00,2026-10-08T09:12:32+09:00
2026-10-05,100,monthly_trace,13231653,エビちり,open_eel2077,https://note.com/open_eel2077,True,0,2,410,2026-10-08T09:23:06.963965+09:00,2026-10-01T00:00:00+09:00,2026-10-08T09:12:32+09:00
2026-10-05,101,monthly_trace,14689807,カタうさ,katasumi_bs,https://note.com/katasumi_bs,True,0,2,335,2026-10-08T09:23:06.963965+09:00,2026-10-01T00:00:00+09:00,2026-10-08T09:12:32+09:00
2026-10-05,102,monthly_trace,7547534,メイシン,mei_shin,https://note.com/mei_shin,True,0,2,4284,2026-10-08T09:23:06.963965+09:00,2026-10-01T00:00:00+09:00,2026-10-08T09:12:32+09:00
2026-10-05,103,monthly_trace,13919050,メモ魔┃AIとひとり会社,memoma102,https://note.com/memoma102,True,0,2,186,2026-10-08T09:23:06.963965+09:00,2026-10-01T00:00:00+09:00,2026-10-08T09:12:32+09:00
2026-10-05,104,monthly_trace,14093852,仲元さとる｜元保険代理店・証券仲介業経営者の本音,nakamoto_hoken,https://note.com/nakamoto_hoken,True,0,2,175,2026-10-08T09:23:06.963965+09:00,2026-10-01T00:00:00+09:00,2026-10-08T09:12:32+09:00
2026-10-05,105,monthly_trace,15489715,伊藤ポップakaFCS,fcs_homecenter,https://note.com/fcs_homecenter,True,0,2,157,2026-10-08T09:23:06.963965+09:00,2026-10-01T00:00:00+09:00,2026-10-08T09:12:32+09:00
2026-10-05,106,monthly_trace,11972332,奇構屋ゴロウ,kyogen_lab,https://note.com/kyogen_lab,True,0,2,378,2026-10-08T09:23:06.963965+09:00,2026-10-01T00:00:00+09:00,2026-10-08T09:12:32+09:00
2026-10-05,107,monthly_trace,455384,庭師ふろんた｜3兄弟パパ,niwashi_fronta,https://note.com/niwashi_fronta,True,0,2,1469,2026-10-08T09:23:06.963965+09:00,2026-10-01T00:00:00+09:00,2026-10-08T09:12:32+09:00
2026-10-05,108,monthly_trace,9282525,建从,fresh_racoon3036,https://note.com/fresh_racoon3036,True,0,2,570,2026-10-08T09:23:06.963965+09:00,2026-10-01T00:00:00+09:00,2026-10-08T09:12:32+09:00
2026-10-05,109,monthly_trace,14804559,日常｜星と夜と小さな物語,like_shrew7210,https://note.com/like_shrew7210,True,0,2,531,2026-10-08T09:23:06.963965+09:00,2026-10-01T00:00:00+09:00,2026-10-08T09:12:32+09:00
2026-10-05,110,monthly_trace,11930127,沙夜-𝕊𝕒𝕪𝕠- 沙夜学園🌠,sayo_official,https://note.com/sayo_official,True,0,2,533,2026-10-08T09:23:06.963965+09:00,2026-10-01T00:00:00+09:00,2026-10-08T09:12:32+09:00
2026-10-05,111,monthly_trace,14701958,瑠兎(うゆ/liú tù),ythf,https://note.com/ythf,True,0,2,7,2026-10-08T09:23:06.963965+09:00,2026-10-01T00:00:00+09:00,2026-10-08T09:12:32+09:00
2026-10-05,112,monthly_trace,15520714,紡えり🐱　⁂GPT遊びに夢中⁂,00irea00,https://note.com/00irea00,True,0,2,494,2026-10-08T09:23:06.963965+09:00,2026-10-01T00:00:00+09:00,2026-10-08T09:12:32+09:00
2026-10-05,113,monthly_trace,15151979,経営士M × AIオーケストレーション,advanciel02,https://note.com/advanciel02,True,0,2,871,2026-10-08T09:23:06.963965+09:00,2026-10-01T00:00:00+09:00,2026-10-08T09:12:32+09:00
2026-10-05,114,monthly_trace,12751168,翠竜　SUIRYU,huge_cougar215,https://note.com/huge_cougar215,True,0,2,281,2026-10-08T09:23:06.963965+09:00,2026-10-01T00:00:00+09:00,2026-10-08T09:12:32+09:00
2026-10-05,115,monthly_trace,13157217,A'me,witty_briony2440,https://note.com/witty_briony2440,True,1,1,341,2026-10-08T09:23:06.963965+09:00,2026-10-01T00:00:00+09:00,2026-10-08T09:12:32+09:00
2026-10-05,116,monthly_trace,12983758,K.I Lyrics,ki_lyrics,https://note.com/ki_lyrics,True,1,1,624,2026-10-08T09:23:06.963965+09:00,2026-10-01T00:00:00+09:00,2026-10-08T09:12:32+09:00
2026-10-05,117,monthly_trace,14490242,Mind Log,mindlog_mapai,https://note.com/mindlog_mapai,True,1,1,5731,2026-10-08T09:23:06.963965+09:00,2026-10-01T00:00:00+09:00,2026-10-08T09:12:32+09:00
2026-10-05,118,monthly_trace,11579186,NEKØ:CODE  (ネココード)｜AIと紡ぐ物語と音楽,nekocode,https://note.com/nekocode,True,1,1,321,2026-10-08T09:23:06.963965+09:00,2026-10-01T00:00:00+09:00,2026-10-08T09:12:32+09:00
2026-10-05,119,monthly_trace,11859415,NENE｜noteフリーランス,nene_note_room,https://note.com/nene_note_room,True,1,1,642,2026-10-08T09:23:06.963965+09:00,2026-10-01T00:00:00+09:00,2026-10-08T09:12:32+09:00
2026-10-05,120,monthly_trace,10236283,PTW  妄想族東京支部8代目総長a.k.a影帽子,satoru_5963,https://note.com/satoru_5963,True,1,1,157,2026-10-08T09:23:06.963965+09:00,2026-10-01T00:00:00+09:00,2026-10-08T09:12:32+09:00
2026-10-05,121,monthly_trace,15192513,Pajama de mama*4歳娘ママ,mama_ca,https://note.com/mama_ca,True,1,1,793,2026-10-08T09:23:06.963965+09:00,2026-10-01T00:00:00+09:00,2026-10-08T09:12:32+09:00
2026-10-05,122,monthly_trace,11939901,Smatoy（スマトイ）,smatoylab,https://note.com/smatoylab,True,1,1,664,2026-10-08T09:23:06.963965+09:00,2026-10-01T00:00:00+09:00,2026-10-08T09:12:32+09:00
2026-10-05,123,monthly_trace,15253881,Zelanis,zelanis,https://note.com/zelanis,True,1,1,43,2026-10-08T09:23:06.963965+09:00,2026-10-01T00:00:00+09:00,2026-10-08T09:12:32+09:00
2026-10-05,124,monthly_trace,15474105,ai_airesu,ai_airesu,https://note.com/ai_airesu,True,1,1,30,2026-10-08T09:23:06.963965+09:00,2026-10-01T00:00:00+09:00,2026-10-08T09:12:32+09:00
2026-10-05,125,monthly_trace,10353496,furikakemen,furikakemen,https://note.com/furikakemen,True,1,1,324,2026-10-08T09:23:06.963965+09:00,2026-10-01T00:00:00+09:00,2026-10-08T09:12:32+09:00
2026-10-05,126,monthly_trace,13977135,mrtomo0229_sub,mrtomo0229_sub,https://note.com/mrtomo0229_sub,True,1,1,25,2026-10-08T09:23:06.963965+09:00,2026-10-01T00:00:00+09:00,2026-10-08T09:12:32+09:00
2026-10-05,127,monthly_trace,15743656,note収益化 プロジェクト,apt_ibis2749,https://note.com/apt_ibis2749,True,1,1,32,2026-10-08T09:23:06.963965+09:00,2026-10-01T00:00:00+09:00,2026-10-08T09:12:32+09:00
2026-10-05,128,monthly_trace,13888851,yoyoyo,yoshi_play,https://note.com/yoshi_play,True,1,1,368,2026-10-08T09:23:06.963965+09:00,2026-10-01T00:00:00+09:00,2026-10-08T09:12:32+09:00
2026-10-05,129,monthly_trace,1549396,yuyu,wazze,https://note.com/wazze,True,1,1,153,2026-10-08T09:23:06.963965+09:00,2026-10-01T00:00:00+09:00,2026-10-08T09:12:32+09:00
2026-10-05,130,monthly_trace,11121667,"あいさん💗Iカウンセリングルーム セラピスト／ 臨床心理士×公認心理師｜支援歴16年・2,000名超",joyful_zebra1701,https://note.com/joyful_zebra1701,True,1,1,9018,2026-10-08T09:23:06.963965+09:00,2026-10-01T00:00:00+09:00,2026-10-08T09:12:32+09:00
2026-10-05,131,monthly_trace,13247108,おーい淑女!,super_liger8087,https://note.com/super_liger8087,True,1,1,6,2026-10-08T09:23:06.963965+09:00,2026-10-01T00:00:00+09:00,2026-10-08T09:12:32+09:00
2026-10-05,132,monthly_trace,15450109,かおり ブログ運営,kaori_blog82,https://note.com/kaori_blog82,True,1,1,6,2026-10-08T09:23:06.963965+09:00,2026-10-01T00:00:00+09:00,2026-10-08T09:12:32+09:00
2026-10-05,133,monthly_trace,12961457,からすま けい,karasumakei,https://note.com/karasumakei,True,1,1,141,2026-10-08T09:23:06.963965+09:00,2026-10-01T00:00:00+09:00,2026-10-08T09:12:32+09:00
2026-10-05,134,monthly_trace,14163081,きっこ,clear_sloth1257,https://note.com/clear_sloth1257,True,1,1,176,2026-10-08T09:23:06.963965+09:00,2026-10-01T00:00:00+09:00,2026-10-08T09:12:32+09:00
2026-10-05,135,monthly_trace,3358934,けせら,kesera_,https://note.com/kesera_,True,1,1,1604,2026-10-08T09:23:06.963965+09:00,2026-10-01T00:00:00+09:00,2026-10-08T09:12:32+09:00
2026-10-05,136,monthly_trace,12055224,こあら🌻@AIイラストプロンプト,aibento,https://note.com/aibento,True,1,1,2129,2026-10-08T09:23:06.963965+09:00,2026-10-01T00:00:00+09:00,2026-10-08T09:12:32+09:00
2026-10-05,137,monthly_trace,4229873,こうすけ　【楽しく生きるために必要なこと】 フォロバ100,kokokosukekeke,https://note.com/kokokosukekeke,True,1,1,4082,2026-10-08T09:23:06.963965+09:00,2026-10-01T00:00:00+09:00,2026-10-08T09:12:32+09:00
2026-10-05,138,monthly_trace,12498736,ことのは👁‍🗨知識収集家,kotonoha_bridge,https://note.com/kotonoha_bridge,True,1,1,1231,2026-10-08T09:23:06.963965+09:00,2026-10-01T00:00:00+09:00,2026-10-08T09:12:32+09:00
2026-10-05,139,monthly_trace,14953389,さくら,sakura0505,https://note.com/sakura0505,True,1,1,148,2026-10-08T09:23:06.963965+09:00,2026-10-01T00:00:00+09:00,2026-10-08T09:12:32+09:00
2026-10-05,140,monthly_trace,11879120,しおね,mafuyu_manimani,https://note.com/mafuyu_manimani,True,1,1,107,2026-10-08T09:23:06.963965+09:00,2026-10-01T00:00:00+09:00,2026-10-08T09:12:32+09:00
2026-10-05,141,monthly_trace,15185770,しおり,shiori0807,https://note.com/shiori0807,True,1,1,123,2026-10-08T09:23:06.963965+09:00,2026-10-01T00:00:00+09:00,2026-10-08T09:12:32+09:00
2026-10-05,142,monthly_trace,14845316,じωん,brave_whale6178,https://note.com/brave_whale6178,True,1,1,49,2026-10-08T09:23:06.963965+09:00,2026-10-01T00:00:00+09:00,2026-10-08T09:12:32+09:00
2026-10-05,143,monthly_trace,12417301,すみれ,genial_wren230,https://note.com/genial_wren230,True,1,1,472,2026-10-08T09:23:06.963965+09:00,2026-10-01T00:00:00+09:00,2026-10-08T09:12:32+09:00
2026-10-05,144,monthly_trace,9873229,ちっぷ@アパレル主婦,chip_apparel,https://note.com/chip_apparel,True,1,1,925,2026-10-08T09:23:06.963965+09:00,2026-10-01T00:00:00+09:00,2026-10-08T09:12:32+09:00
2026-10-05,145,monthly_trace,13911087,ちっぷのこころ🎡,lovely_stork7575,https://note.com/lovely_stork7575,True,1,1,529,2026-10-08T09:23:06.963965+09:00,2026-10-01T00:00:00+09:00,2026-10-08T09:12:32+09:00
2026-10-05,146,monthly_trace,13963243,ちゃんまー｜パパエンジニア,nguu,https://note.com/nguu,True,1,1,1013,2026-10-08T09:23:06.963965+09:00,2026-10-01T00:00:00+09:00,2026-10-08T09:12:32+09:00
2026-10-05,147,monthly_trace,1663902,ちゃんやま@50代を生きる人,chanyama7,https://note.com/chanyama7,True,1,1,1846,2026-10-08T09:23:06.963965+09:00,2026-10-01T00:00:00+09:00,2026-10-08T09:12:32+09:00
2026-10-05,148,monthly_trace,519006,つっちー🤝結び代表／毎日note投稿中📝,kai8114,https://note.com/kai8114,True,1,1,58,2026-10-08T09:23:06.963965+09:00,2026-10-01T00:00:00+09:00,2026-10-08T09:12:32+09:00
2026-10-05,149,monthly_trace,6524532,はむ吾郎,gifted_moose202,https://note.com/gifted_moose202,True,1,1,15,2026-10-08T09:23:06.963965+09:00,2026-10-01T00:00:00+09:00,2026-10-08T09:12:32+09:00
2026-10-05,150,monthly_trace,14226817,はるまき大臣｜薬剤師,harumakidaizin,https://note.com/harumakidaizin,True,1,1,281,2026-10-08T09:23:06.963965+09:00,2026-10-01T00:00:00+09:00,2026-10-08T09:12:32+09:00
2026-10-05,151,monthly_trace,11574500,ふらつき母ちゃん│脊髄小脳変性症ですが何か⁉️,dear_viper3924,https://note.com/dear_viper3924,True,1,1,1167,2026-10-08T09:23:06.963965+09:00,2026-10-01T00:00:00+09:00,2026-10-08T09:12:32+09:00
2026-10-05,152,monthly_trace,15390139,やと,noted_yatoasuter,https://note.com/noted_yatoasuter,True,1,1,1,2026-10-08T09:23:06.963965+09:00,2026-10-01T00:00:00+09:00,2026-10-08T09:12:32+09:00
2026-10-05,153,monthly_trace,13740766,よし｜AI設計士,hearty_bee3067,https://note.com/hearty_bee3067,True,1,1,891,2026-10-08T09:23:06.963965+09:00,2026-10-01T00:00:00+09:00,2026-10-08T09:12:32+09:00
2026-10-05,154,monthly_trace,15261516,ザリ夫,zario,https://note.com/zario,True,1,1,779,2026-10-08T09:23:06.963965+09:00,2026-10-01T00:00:00+09:00,2026-10-08T09:12:32+09:00
2026-10-05,155,monthly_trace,11304628,シニガミレコーズ｜意味と観測の求道者｜知的ジェットコースターの設計者 ※フォロバ0%,jg1bqz,https://note.com/jg1bqz,True,1,1,951,2026-10-08T09:23:06.963965+09:00,2026-10-01T00:00:00+09:00,2026-10-08T09:12:32+09:00
2026-10-05,156,monthly_trace,13026269,ブライト・ローズ,hip_zebra186,https://note.com/hip_zebra186,True,1,1,921,2026-10-08T09:23:06.963965+09:00,2026-10-01T00:00:00+09:00,2026-10-08T09:12:32+09:00
2026-10-05,157,monthly_trace,15044850,リュウジ👨‍🦰アニメ好きな2児のパパ,koymikoto,https://note.com/koymikoto,True,1,1,218,2026-10-08T09:23:06.963965+09:00,2026-10-01T00:00:00+09:00,2026-10-08T09:12:32+09:00
2026-10-05,158,monthly_trace,13950093,リュウ｜風水でお部屋探し,alive_fowl8384,https://note.com/alive_fowl8384,True,1,1,2020,2026-10-08T09:23:06.963965+09:00,2026-10-01T00:00:00+09:00,2026-10-08T09:12:32+09:00
2026-10-05,159,monthly_trace,11816033,介護筋肉士💪 TETSU｜介護福祉士×ケアマネ｜熱血🔥係長,tetsukaigo,https://note.com/tetsukaigo,True,1,1,1208,2026-10-08T09:23:06.963965+09:00,2026-10-01T00:00:00+09:00,2026-10-08T09:12:32+09:00
2026-10-05,160,monthly_trace,12607742,凹｜鬱クリエイター,boco_u2,https://note.com/boco_u2,True,1,1,411,2026-10-08T09:23:06.963965+09:00,2026-10-01T00:00:00+09:00,2026-10-08T09:12:32+09:00
2026-10-05,161,monthly_trace,11807999,戸部アンソン（トベアンソン・とべあんそん）,31ki,https://note.com/31ki,True,1,1,1658,2026-10-08T09:23:06.963965+09:00,2026-10-01T00:00:00+09:00,2026-10-08T09:12:32+09:00
2026-10-05,162,monthly_trace,12300232,株式会社DAICHU_大中智史,daichu_drum,https://note.com/daichu_drum,True,1,1,712,2026-10-08T09:23:06.963965+09:00,2026-10-01T00:00:00+09:00,2026-10-08T09:12:32+09:00
2026-10-05,163,monthly_trace,10695324,桜木愛子,aikosakuragi,https://note.com/aikosakuragi,True,1,1,277,2026-10-08T09:23:06.963965+09:00,2026-10-01T00:00:00+09:00,2026-10-08T09:12:32+09:00
2026-10-05,164,monthly_trace,13221964,氷河期大家.アパタロウ（1年で資産1億、家賃収入1500万）,chintaigyou,https://note.com/chintaigyou,True,1,1,549,2026-10-08T09:23:06.963965+09:00,2026-10-01T00:00:00+09:00,2026-10-08T09:12:32+09:00
2026-10-05,165,monthly_trace,13993194,灯の旅人｜創作と人の心を観測する人,traveler_light,https://note.com/traveler_light,True,1,1,1185,2026-10-08T09:23:06.963965+09:00,2026-10-01T00:00:00+09:00,2026-10-08T09:12:32+09:00
2026-10-05,166,monthly_trace,13287086,犬神銀,nice_carp6786,https://note.com/nice_carp6786,True,1,1,1043,2026-10-08T09:23:06.963965+09:00,2026-10-01T00:00:00+09:00,2026-10-08T09:12:32+09:00
2026-10-05,167,monthly_trace,13965601,独創薬剤師スガ,shiny_lotus4547,https://note.com/shiny_lotus4547,True,1,1,233,2026-10-08T09:23:06.963965+09:00,2026-10-01T00:00:00+09:00,2026-10-08T09:12:32+09:00
2026-10-05,168,monthly_trace,12871462,田中｜紙→AI→自動化,tanaka_hagatatsu,https://note.com/tanaka_hagatatsu,True,1,1,441,2026-10-08T09:23:06.963965+09:00,2026-10-01T00:00:00+09:00,2026-10-08T09:12:32+09:00
2026-10-05,169,monthly_trace,15660887,紫音ぽんこ🟣｜AI・note初心者｜ほぼ相互フォロー,ponko_ai2026,https://note.com/ponko_ai2026,True,1,1,217,2026-10-08T09:23:06.963965+09:00,2026-10-01T00:00:00+09:00,2026-10-08T09:12:32+09:00
2026-10-05,170,monthly_trace,15050083,謙虚な猫さん,korenannda56,https://note.com/korenannda56,True,1,1,1069,2026-10-08T09:23:06.963965+09:00,2026-10-01T00:00:00+09:00,2026-10-08T09:12:32+09:00
2026-10-05,171,monthly_trace,15654860,鹿恋,lithe_nun9449,https://note.com/lithe_nun9449,True,1,1,39,2026-10-08T09:23:06.963965+09:00,2026-10-01T00:00:00+09:00,2026-10-08T09:12:32+09:00
2026-10-05,172,monthly_trace,15236773,47歳　元営業部長　脳出血から仕事復帰へ Tomo,pure_hebe635,https://note.com/pure_hebe635,True,0,1,928,2026-10-08T09:23:06.963965+09:00,2026-10-01T00:00:00+09:00,2026-10-08T09:12:32+09:00
2026-10-05,173,monthly_trace,14555620,54Plants,hiromavich,https://note.com/hiromavich,True,0,1,281,2026-10-08T09:23:06.963965+09:00,2026-10-01T00:00:00+09:00,2026-10-08T09:12:32+09:00
2026-10-05,174,monthly_trace,11703348,AIさとう｜AI動画で収益化を目指す,ai_sato_,https://note.com/ai_sato_,True,0,1,89,2026-10-08T09:23:06.963965+09:00,2026-10-01T00:00:00+09:00,2026-10-08T09:12:32+09:00
2026-10-05,175,monthly_trace,14045656,AIフクロウ｜夜な夜なClaude Code,ai_fukuro,https://note.com/ai_fukuro,True,0,1,703,2026-10-08T09:23:06.963965+09:00,2026-10-01T00:00:00+09:00,2026-10-08T09:12:32+09:00
2026-10-05,176,monthly_trace,790651,AZUSA KIKUGAWA(相互フォローしてます),sakuracotton,https://note.com/sakuracotton,True,0,1,506,2026-10-08T09:23:06.963965+09:00,2026-10-01T00:00:00+09:00,2026-10-08T09:12:32+09:00
2026-10-05,177,monthly_trace,2862586,EX-FAX-CE｜ロスジェネ氷河期的視点,exfaxce,https://note.com/exfaxce,True,0,1,1861,2026-10-08T09:23:06.963965+09:00,2026-10-01T00:00:00+09:00,2026-10-08T09:12:32+09:00
2026-10-05,178,monthly_trace,11351510,Ejii✦3（えじー）,deft_raven2722,https://note.com/deft_raven2722,True,0,1,297,2026-10-08T09:23:06.963965+09:00,2026-10-01T00:00:00+09:00,2026-10-08T09:12:32+09:00
2026-10-05,179,monthly_trace,12177484,GLOCAL RESEARCH,glocalresearch,https://note.com/glocalresearch,True,0,1,34,2026-10-08T09:23:06.963965+09:00,2026-10-01T00:00:00+09:00,2026-10-08T09:12:32+09:00
2026-10-05,180,monthly_trace,15214463,Hanchan,hot_elk6916,https://note.com/hot_elk6916,True,0,1,85,2026-10-08T09:23:06.963965+09:00,2026-10-01T00:00:00+09:00,2026-10-08T09:12:32+09:00
2026-10-05,181,monthly_trace,11910247,ITジグソーパズル,itjigsaw_puzzle,https://note.com/itjigsaw_puzzle,True,0,1,774,2026-10-08T09:23:06.963965+09:00,2026-10-01T00:00:00+09:00,2026-10-08T09:12:32+09:00
2026-10-05,182,monthly_trace,265106,KENBO：技術と経験を次へつなぐ｜AIと半導体エンジニア兼複業クリエイター,kenbo1929,https://note.com/kenbo1929,True,0,1,685,2026-10-08T09:23:06.963965+09:00,2026-10-01T00:00:00+09:00,2026-10-08T09:12:32+09:00
2026-10-05,183,monthly_trace,13713057,Keptyの旅ログ🚲️,kepcharitabi,https://note.com/kepcharitabi,True,0,1,574,2026-10-08T09:23:06.963965+09:00,2026-10-01T00:00:00+09:00,2026-10-08T09:12:32+09:00
2026-10-05,184,monthly_trace,7580255,Kinu｜AIイラストと発信づくり,kinu885,https://note.com/kinu885,True,0,1,2338,2026-10-08T09:23:06.963965+09:00,2026-10-01T00:00:00+09:00,2026-10-08T09:12:32+09:00
2026-10-05,185,monthly_trace,14649103,K｜AI遊び人,aio_ky,https://note.com/aio_ky,True,0,1,456,2026-10-08T09:23:06.963965+09:00,2026-10-01T00:00:00+09:00,2026-10-08T09:12:32+09:00
2026-10-05,186,monthly_trace,15001557,Margin Archive,limber_tulip137,https://note.com/limber_tulip137,True,0,1,586,2026-10-08T09:23:06.963965+09:00,2026-10-01T00:00:00+09:00,2026-10-08T09:12:32+09:00
2026-10-05,187,monthly_trace,5330022,Marie | まりーの小さな⚙️歯車⚙️ラボ🔬,marie_222,https://note.com/marie_222,True,0,1,161,2026-10-08T09:23:06.963965+09:00,2026-10-01T00:00:00+09:00,2026-10-08T09:12:32+09:00
2026-10-05,188,monthly_trace,14875147,NTA,airmj_23tm,https://note.com/airmj_23tm,True,0,1,92,2026-10-08T09:23:06.963965+09:00,2026-10-01T00:00:00+09:00,2026-10-08T09:12:32+09:00
2026-10-05,189,monthly_trace,12862447,SilentTaker@しずかちゃん,real_egret9710,https://note.com/real_egret9710,True,0,1,233,2026-10-08T09:23:06.963965+09:00,2026-10-01T00:00:00+09:00,2026-10-08T09:12:32+09:00
2026-10-05,190,monthly_trace,15691430,TAKA個人開発者,tkkaihatsu,https://note.com/tkkaihatsu,True,0,1,0,2026-10-08T09:23:06.963965+09:00,2026-10-01T00:00:00+09:00,2026-10-08T09:12:32+09:00
2026-10-05,191,monthly_trace,12142452,VCL,verde_combat_lab,https://note.com/verde_combat_lab,True,0,1,749,2026-10-08T09:23:06.963965+09:00,2026-10-01T00:00:00+09:00,2026-10-08T09:12:32+09:00
2026-10-05,192,monthly_trace,15484996,amanoha｜編集×AI,amanoha_ai,https://note.com/amanoha_ai,True,0,1,66,2026-10-08T09:23:06.963965+09:00,2026-10-01T00:00:00+09:00,2026-10-08T09:12:32+09:00
2026-10-05,193,monthly_trace,14884158,kazuma,kazuma3924,https://note.com/kazuma3924,True,0,1,234,2026-10-08T09:23:06.963965+09:00,2026-10-01T00:00:00+09:00,2026-10-08T09:12:32+09:00
2026-10-05,194,monthly_trace,10526244,kinose / note美容師,kino0905,https://note.com/kino0905,True,0,1,792,2026-10-08T09:23:06.963965+09:00,2026-10-01T00:00:00+09:00,2026-10-08T09:12:32+09:00
2026-10-05,195,monthly_trace,15226073,ruko｜AI×note,rukoo,https://note.com/rukoo,True,0,1,362,2026-10-08T09:23:06.963965+09:00,2026-10-01T00:00:00+09:00,2026-10-08T09:12:32+09:00
2026-10-05,196,monthly_trace,12715352,tadapiyo,rosy_gnu3023,https://note.com/rosy_gnu3023,True,0,1,105,2026-10-08T09:23:06.963965+09:00,2026-10-01T00:00:00+09:00,2026-10-08T09:12:32+09:00
2026-10-05,197,monthly_trace,10803734,yaema,syousonankei2523,https://note.com/syousonankei2523,True,0,1,121,2026-10-08T09:23:06.963965+09:00,2026-10-01T00:00:00+09:00,2026-10-08T09:12:32+09:00
2026-10-05,198,monthly_trace,4185124,yukiko 摂食嚥下コンサルタントナース,nanamoto52885,https://note.com/nanamoto52885,True,0,1,338,2026-10-08T09:23:06.963965+09:00,2026-10-01T00:00:00+09:00,2026-10-08T09:12:32+09:00
2026-10-05,199,monthly_trace,14587860,「ポンロボ」ポンコツAIロボ-副業機能付き,kaeritenai,https://note.com/kaeritenai,True,0,1,173,2026-10-08T09:23:06.963965+09:00,2026-10-01T00:00:00+09:00,2026-10-08T09:12:32+09:00
2026-10-05,200,monthly_trace,4721164,あい,nanatsunoko3,https://note.com/nanatsunoko3,True,0,1,515,2026-10-08T09:23:06.963965+09:00,2026-10-01T00:00:00+09:00,2026-10-08T09:12:32+09:00
2026-10-05,201,monthly_trace,12580328,あいびより。AIクリエイターの日常🐾,aiby_masuhiyo,https://note.com/aiby_masuhiyo,True,0,1,1575,2026-10-08T09:23:06.963965+09:00,2026-10-01T00:00:00+09:00,2026-10-08T09:12:32+09:00
2026-10-05,202,monthly_trace,10461763,あおい＠30代後半のサイドFIRE実験記録,lifeworkfree,https://note.com/lifeworkfree,True,0,1,485,2026-10-08T09:23:06.963965+09:00,2026-10-01T00:00:00+09:00,2026-10-08T09:12:32+09:00
2026-10-05,203,monthly_trace,15168020,あたくし｜アラフォー女の深淵,_atakushi,https://note.com/_atakushi,True,0,1,408,2026-10-08T09:23:06.963965+09:00,2026-10-01T00:00:00+09:00,2026-10-08T09:12:32+09:00
2026-10-05,204,monthly_trace,14430145,あっきー｜漫画チラシ・AIイラスト制作,keen_violet2415,https://note.com/keen_violet2415,True,0,1,10,2026-10-08T09:23:06.963965+09:00,2026-10-01T00:00:00+09:00,2026-10-08T09:12:32+09:00
2026-10-05,205,monthly_trace,11463020,お喋りお兄さん@配信×noteの人,osya_verymuch,https://note.com/osya_verymuch,True,0,1,65,2026-10-08T09:23:06.963965+09:00,2026-10-01T00:00:00+09:00,2026-10-08T09:12:32+09:00
2026-10-05,206,monthly_trace,9982982,かにまろ｜ゲーム開発,kanimaro_246,https://note.com/kanimaro_246,True,0,1,294,2026-10-08T09:23:06.963965+09:00,2026-10-01T00:00:00+09:00,2026-10-08T09:12:32+09:00
2026-10-05,207,monthly_trace,11281870,きおう ろん,xdh0002,https://note.com/xdh0002,True,0,1,667,2026-10-08T09:23:06.963965+09:00,2026-10-01T00:00:00+09:00,2026-10-08T09:12:32+09:00
2026-10-05,208,monthly_trace,12014165,くまのひとみ│note界のアイドル発達凸凹っ子アララのママ,tanupop,https://note.com/tanupop,True,0,1,666,2026-10-08T09:23:06.963965+09:00,2026-10-01T00:00:00+09:00,2026-10-08T09:12:32+09:00
2026-10-05,209,monthly_trace,15185996,こうたろう,kotaroroom0720,https://note.com/kotaroroom0720,True,0,1,125,2026-10-08T09:23:06.963965+09:00,2026-10-01T00:00:00+09:00,2026-10-08T09:12:32+09:00
2026-10-05,210,monthly_trace,13163455,こたや｜KOTAYA,kotaya_log,https://note.com/kotaya_log,True,0,1,3658,2026-10-08T09:23:06.963965+09:00,2026-10-01T00:00:00+09:00,2026-10-08T09:12:32+09:00
2026-10-05,211,monthly_trace,47153,こっぺぱん,masato2855,https://note.com/masato2855,True,0,1,13241,2026-10-08T09:23:06.963965+09:00,2026-10-01T00:00:00+09:00,2026-10-08T09:12:32+09:00
2026-10-05,212,monthly_trace,15730124,こはる,koharu_chy,https://note.com/koharu_chy,True,0,1,10,2026-10-08T09:23:06.963965+09:00,2026-10-01T00:00:00+09:00,2026-10-08T09:12:32+09:00
2026-10-05,213,monthly_trace,13047702,ごりごりのおちびさん＠教養としての営業,ggs_little_one,https://note.com/ggs_little_one,True,0,1,1650,2026-10-08T09:23:06.963965+09:00,2026-10-01T00:00:00+09:00,2026-10-08T09:12:32+09:00
2026-10-05,214,monthly_trace,14463371,さいとう｜ワーママ管理職｜残業ゼロで成果を出すAI時短術,kind_boar557,https://note.com/kind_boar557,True,0,1,1605,2026-10-08T09:23:06.963965+09:00,2026-10-01T00:00:00+09:00,2026-10-08T09:12:32+09:00
2026-10-05,215,monthly_trace,8342960,しぶりん,nice_tulip320,https://note.com/nice_tulip320,True,0,1,154,2026-10-08T09:23:06.963965+09:00,2026-10-01T00:00:00+09:00,2026-10-08T09:12:32+09:00
2026-10-05,216,monthly_trace,12015881,たろう,mild_crocus384,https://note.com/mild_crocus384,True,0,1,184,2026-10-08T09:23:06.963965+09:00,2026-10-01T00:00:00+09:00,2026-10-08T09:12:32+09:00
2026-10-05,217,monthly_trace,15142635,つぶあん｜不養生な漢方薬剤師,kamponightowl,https://note.com/kamponightowl,True,0,1,117,2026-10-08T09:23:06.963965+09:00,2026-10-01T00:00:00+09:00,2026-10-08T09:12:32+09:00
2026-10-05,218,monthly_trace,12325142,のっぴ,noppi_note,https://note.com/noppi_note,True,0,1,278,2026-10-08T09:23:06.963965+09:00,2026-10-01T00:00:00+09:00,2026-10-08T09:12:32+09:00
2026-10-05,219,monthly_trace,13136155,はる｜“書く”を続ける,harublog0038,https://note.com/harublog0038,True,0,1,438,2026-10-08T09:23:06.963965+09:00,2026-10-01T00:00:00+09:00,2026-10-08T09:12:32+09:00
2026-10-05,220,monthly_trace,6790420,ひろのすけ | ごんぶとUSPプロデューサー,kocoroodoru,https://note.com/kocoroodoru,True,0,1,31,2026-10-08T09:23:06.963965+09:00,2026-10-01T00:00:00+09:00,2026-10-08T09:12:32+09:00
2026-10-05,221,monthly_trace,12148536,まき@こどもと日々成長中,asobo_kids,https://note.com/asobo_kids,True,0,1,1409,2026-10-08T09:23:06.963965+09:00,2026-10-01T00:00:00+09:00,2026-10-08T09:12:32+09:00
2026-10-05,222,monthly_trace,5828006,まなつ/突出マイノリティ列伝,tosshutsu_m,https://note.com/tosshutsu_m,True,0,1,9794,2026-10-08T09:23:06.963965+09:00,2026-10-01T00:00:00+09:00,2026-10-08T09:12:32+09:00
2026-10-05,223,monthly_trace,12377105,まるよか,yokayoka5103,https://note.com/yokayoka5103,True,0,1,1653,2026-10-08T09:23:06.963965+09:00,2026-10-01T00:00:00+09:00,2026-10-08T09:12:32+09:00
2026-10-05,224,monthly_trace,11828830,みっちぃ|子供と一緒に成長したい2児の父,pure_bear1643,https://note.com/pure_bear1643,True,0,1,480,2026-10-08T09:23:06.963965+09:00,2026-10-01T00:00:00+09:00,2026-10-08T09:12:32+09:00
2026-10-05,225,monthly_trace,15735940,みなみ,mina_o18,https://note.com/mina_o18,True,0,1,6,2026-10-08T09:23:06.963965+09:00,2026-10-01T00:00:00+09:00,2026-10-08T09:12:32+09:00
2026-10-05,226,monthly_trace,11837112,もぐら,mogurabooks,https://note.com/mogurabooks,True,0,1,376,2026-10-08T09:23:06.963965+09:00,2026-10-01T00:00:00+09:00,2026-10-08T09:12:32+09:00
2026-10-05,227,monthly_trace,1481431,やま,yama_i,https://note.com/yama_i,True,0,1,4,2026-10-08T09:23:06.963965+09:00,2026-10-01T00:00:00+09:00,2026-10-08T09:12:32+09:00
2026-10-05,228,monthly_trace,3330412,やまと　たける,0011naporeonn,https://note.com/0011naporeonn,True,0,1,5044,2026-10-08T09:23:06.963965+09:00,2026-10-01T00:00:00+09:00,2026-10-08T09:12:32+09:00
2026-10-05,229,monthly_trace,12924098,やまラボ,yama_lab00,https://note.com/yama_lab00,True,0,1,253,2026-10-08T09:23:06.963965+09:00,2026-10-01T00:00:00+09:00,2026-10-08T09:12:32+09:00
2026-10-05,230,monthly_trace,8202195,ゆうしん🐹｜デジタルの温もりを届けるAIアートクリエイター,yuushinhalo2025,https://note.com/yuushinhalo2025,True,0,1,716,2026-10-08T09:23:06.963965+09:00,2026-10-01T00:00:00+09:00,2026-10-08T09:12:32+09:00
2026-10-05,231,monthly_trace,13156049,らっく,sakusakurakku,https://note.com/sakusakurakku,True,0,1,0,2026-10-08T09:23:06.963965+09:00,2026-10-01T00:00:00+09:00,2026-10-08T09:12:32+09:00
2026-10-05,232,monthly_trace,5230260,りんくす@AI人格コーディネーター,links_lt,https://note.com/links_lt,True,0,1,17567,2026-10-08T09:23:06.963965+09:00,2026-10-01T00:00:00+09:00,2026-10-08T09:12:32+09:00
2026-10-05,233,monthly_trace,13686942,るみるみ,rumi_rumi369,https://note.com/rumi_rumi369,True,0,1,1689,2026-10-08T09:23:06.963965+09:00,2026-10-01T00:00:00+09:00,2026-10-08T09:12:32+09:00
2026-10-05,234,monthly_trace,9731407,ろぺこ,ropeko_7,https://note.com/ropeko_7,True,0,1,41,2026-10-08T09:23:06.963965+09:00,2026-10-01T00:00:00+09:00,2026-10-08T09:12:32+09:00
2026-10-05,235,monthly_trace,13854803,アイダ,azulnix,https://note.com/azulnix,True,0,1,15,2026-10-08T09:23:06.963965+09:00,2026-10-01T00:00:00+09:00,2026-10-08T09:12:32+09:00
2026-10-05,236,monthly_trace,15671629,アホクソ,ahokuso,https://note.com/ahokuso,True,0,1,97,2026-10-08T09:23:06.963965+09:00,2026-10-01T00:00:00+09:00,2026-10-08T09:12:32+09:00
2026-10-05,237,monthly_trace,13379754,イシザキ,si_mbam4,https://note.com/si_mbam4,True,0,1,379,2026-10-08T09:23:06.963965+09:00,2026-10-01T00:00:00+09:00,2026-10-08T09:12:32+09:00
2026-10-05,238,monthly_trace,12730552,エリカが好き勝手に語るチャンネル,erikakataru,https://note.com/erikakataru,True,0,1,333,2026-10-08T09:23:06.963965+09:00,2026-10-01T00:00:00+09:00,2026-10-08T09:12:32+09:00
2026-10-05,239,monthly_trace,5513805,カナミン｜AIと迷いながら、進む人,kanamin26,https://note.com/kanamin26,True,0,1,1027,2026-10-08T09:23:06.963965+09:00,2026-10-01T00:00:00+09:00,2026-10-08T09:12:32+09:00
2026-10-05,240,monthly_trace,13743229,カフェLounge雅,hearty_mint9651,https://note.com/hearty_mint9651,True,0,1,317,2026-10-08T09:23:06.963965+09:00,2026-10-01T00:00:00+09:00,2026-10-08T09:12:32+09:00
2026-10-05,241,monthly_trace,14280635,キャリア採用の現場から,saiyopro,https://note.com/saiyopro,True,0,1,573,2026-10-08T09:23:06.963965+09:00,2026-10-01T00:00:00+09:00,2026-10-08T09:12:32+09:00
2026-10-05,242,monthly_trace,13964497,ケア Design,nurse_notion,https://note.com/nurse_notion,True,0,1,320,2026-10-08T09:23:06.963965+09:00,2026-10-01T00:00:00+09:00,2026-10-08T09:12:32+09:00
2026-10-05,243,monthly_trace,15482288,コナ｜安全品質×AI,kona_ai,https://note.com/kona_ai,True,0,1,118,2026-10-08T09:23:06.963965+09:00,2026-10-01T00:00:00+09:00,2026-10-08T09:12:32+09:00
2026-10-05,244,monthly_trace,14763423,コバヤシ@学生事業家,kobalab_2026,https://note.com/kobalab_2026,True,0,1,441,2026-10-08T09:23:06.963965+09:00,2026-10-01T00:00:00+09:00,2026-10-08T09:12:32+09:00
2026-10-05,245,monthly_trace,13913798,コバユウ＿採用担当の視点,fine_clam7528,https://note.com/fine_clam7528,True,0,1,1355,2026-10-08T09:23:06.963965+09:00,2026-10-01T00:00:00+09:00,2026-10-08T09:12:32+09:00
2026-10-05,246,monthly_trace,382406,サイユ。,sai_yuki,https://note.com/sai_yuki,True,0,1,40,2026-10-08T09:23:06.963965+09:00,2026-10-01T00:00:00+09:00,2026-10-08T09:12:32+09:00
2026-10-05,247,monthly_trace,14607319,シンシア,quiet_snail9618,https://note.com/quiet_snail9618,True,0,1,22,2026-10-08T09:23:06.963965+09:00,2026-10-01T00:00:00+09:00,2026-10-08T09:12:32+09:00
2026-10-05,248,monthly_trace,5962262,ジャムボーイ,witty_lotus224,https://note.com/witty_lotus224,True,0,1,2443,2026-10-08T09:23:06.963965+09:00,2026-10-01T00:00:00+09:00,2026-10-08T09:12:32+09:00
2026-10-05,249,monthly_trace,12232616,デジさしみ | IT現場の効率家,digital_sashimi,https://note.com/digital_sashimi,True,0,1,1167,2026-10-08T09:23:06.963965+09:00,2026-10-01T00:00:00+09:00,2026-10-08T09:12:32+09:00
2026-10-05,250,monthly_trace,15248332,ニック｜心と体のサインから生き方を決め直すコーチ,nick47change,https://note.com/nick47change,True,0,1,385,2026-10-08T09:23:06.963965+09:00,2026-10-01T00:00:00+09:00,2026-10-08T09:12:32+09:00
2026-10-05,251,monthly_trace,13065530,ノックスリョウ,ryo_hsl,https://note.com/ryo_hsl,True,0,1,97,2026-10-08T09:23:06.963965+09:00,2026-10-01T00:00:00+09:00,2026-10-08T09:12:32+09:00
2026-10-05,252,monthly_trace,393078,ブラウニー,dic_web,https://note.com/dic_web,True,0,1,2086,2026-10-08T09:23:06.963965+09:00,2026-10-01T00:00:00+09:00,2026-10-08T09:12:32+09:00
2026-10-05,253,monthly_trace,15387414,ポラフ｜AI副業ログ,gay_impala1620,https://note.com/gay_impala1620,True,0,1,366,2026-10-08T09:23:06.963965+09:00,2026-10-01T00:00:00+09:00,2026-10-08T09:12:32+09:00
2026-10-05,254,monthly_trace,7896891,ポンタ,pontanohaha,https://note.com/pontanohaha,True,0,1,1302,2026-10-08T09:23:06.963965+09:00,2026-10-01T00:00:00+09:00,2026-10-08T09:12:32+09:00
2026-10-05,255,monthly_trace,15660019,メモ魔┃AIだけで1円稼げるか,memoma_ichien,https://note.com/memoma_ichien,True,0,1,3,2026-10-08T09:23:06.963965+09:00,2026-10-01T00:00:00+09:00,2026-10-08T09:12:32+09:00
2026-10-05,256,monthly_trace,12773166,モブリンのおかあしゃん,major_minnow7470,https://note.com/major_minnow7470,True,0,1,19,2026-10-08T09:23:06.963965+09:00,2026-10-01T00:00:00+09:00,2026-10-08T09:12:32+09:00
2026-10-05,257,monthly_trace,15695723,レン．イケメンM男のCFNM・羞恥の記録,glossy_gnu5519,https://note.com/glossy_gnu5519,True,0,1,33,2026-10-08T09:23:06.963965+09:00,2026-10-01T00:00:00+09:00,2026-10-08T09:12:32+09:00
2026-10-05,258,monthly_trace,12114005,ロト6とロト7で数々の当選実績と高額当選者を輩出している元外資系金融マンのロト攻略法,warrenv,https://note.com/warrenv,True,0,1,1390,2026-10-08T09:23:06.963965+09:00,2026-10-01T00:00:00+09:00,2026-10-08T09:12:32+09:00
2026-10-05,259,monthly_trace,15263154,一人分を超えた日から｜ひとり事務所とAI,hitori_office_ai,https://note.com/hitori_office_ai,True,0,1,1098,2026-10-08T09:23:06.963965+09:00,2026-10-01T00:00:00+09:00,2026-10-08T09:12:32+09:00
2026-10-05,260,monthly_trace,15717145,五月🌙忘却書店🌙,clean_myrtle4703,https://note.com/clean_myrtle4703,True,0,1,17,2026-10-08T09:23:06.963965+09:00,2026-10-01T00:00:00+09:00,2026-10-08T09:12:32+09:00
2026-10-05,261,monthly_trace,10479931,働くメンタルカウンセラー,merry_pipit1562,https://note.com/merry_pipit1562,True,0,1,3678,2026-10-08T09:23:06.963965+09:00,2026-10-01T00:00:00+09:00,2026-10-08T09:12:32+09:00
2026-10-05,262,monthly_trace,10494093,元No.1ホストと女性主導体験,serene_liger429,https://note.com/serene_liger429,True,0,1,2032,2026-10-08T09:23:06.963965+09:00,2026-10-01T00:00:00+09:00,2026-10-08T09:12:32+09:00
2026-10-05,263,monthly_trace,10071829,動きのラフテル@理学療法,proper_swan3597,https://note.com/proper_swan3597,True,0,1,1712,2026-10-08T09:23:06.963965+09:00,2026-10-01T00:00:00+09:00,2026-10-08T09:12:32+09:00
2026-10-05,264,monthly_trace,15439731,北端 秀行 （Gメン喜多端）,kitabatahideyuki,https://note.com/kitabatahideyuki,True,0,1,104,2026-10-08T09:23:06.963965+09:00,2026-10-01T00:00:00+09:00,2026-10-08T09:12:32+09:00
2026-10-05,265,monthly_trace,12516832,和田雄三｜AI×心理ブランディングデザイナー,glad_dill2129,https://note.com/glad_dill2129,True,0,1,1157,2026-10-08T09:23:06.963965+09:00,2026-10-01T00:00:00+09:00,2026-10-08T09:12:32+09:00
2026-10-05,266,monthly_trace,14302008,室崎 敬太 【AIテック企業役員×オーナー経営】,murosakikeita,https://note.com/murosakikeita,True,0,1,3489,2026-10-08T09:23:06.963965+09:00,2026-10-01T00:00:00+09:00,2026-10-08T09:12:32+09:00
2026-10-05,267,monthly_trace,9911040,小島すがも,kojima_sugamo,https://note.com/kojima_sugamo,True,0,1,1081,2026-10-08T09:23:06.963965+09:00,2026-10-01T00:00:00+09:00,2026-10-08T09:12:32+09:00
2026-10-05,268,monthly_trace,14083865,小林＿現役採用担当,coderoute90,https://note.com/coderoute90,True,0,1,941,2026-10-08T09:23:06.963965+09:00,2026-10-01T00:00:00+09:00,2026-10-08T09:12:32+09:00
2026-10-05,269,monthly_trace,12304422,思考のモデラー,thinkinglevel999,https://note.com/thinkinglevel999,True,0,1,135,2026-10-08T09:23:06.963965+09:00,2026-10-01T00:00:00+09:00,2026-10-08T09:12:32+09:00
2026-10-05,270,monthly_trace,12106767,惰眠がしたい赤猫さん,lef_works,https://note.com/lef_works,True,0,1,276,2026-10-08T09:23:06.963965+09:00,2026-10-01T00:00:00+09:00,2026-10-08T09:12:32+09:00
2026-10-05,271,monthly_trace,14531881,採用担当やってます。,saiyotanto,https://note.com/saiyotanto,True,0,1,171,2026-10-08T09:23:06.963965+09:00,2026-10-01T00:00:00+09:00,2026-10-08T09:12:32+09:00
2026-10-05,272,monthly_trace,15624543,文殊 知恵,uiki_monju,https://note.com/uiki_monju,True,0,1,66,2026-10-08T09:23:06.963965+09:00,2026-10-01T00:00:00+09:00,2026-10-08T09:12:32+09:00
2026-10-05,273,monthly_trace,13908776,暮らしのリハ医K,quirky_lotus3945,https://note.com/quirky_lotus3945,True,0,1,37,2026-10-08T09:23:06.963965+09:00,2026-10-01T00:00:00+09:00,2026-10-08T09:12:32+09:00
2026-10-05,274,monthly_trace,12138574,暮らしの整え相談室　ぽんまぁ,ponmaaa,https://note.com/ponmaaa,True,0,1,401,2026-10-08T09:23:06.963965+09:00,2026-10-01T00:00:00+09:00,2026-10-08T09:12:32+09:00
2026-10-05,275,monthly_trace,15729270,木乃 しゃもじ,shamoji_miteru,https://note.com/shamoji_miteru,True,0,1,15,2026-10-08T09:23:06.963965+09:00,2026-10-01T00:00:00+09:00,2026-10-08T09:12:32+09:00
2026-10-05,276,monthly_trace,6326357,棚島 香帆汰（たなしま かほた）,brave_bee548,https://note.com/brave_bee548,True,0,1,749,2026-10-08T09:23:06.963965+09:00,2026-10-01T00:00:00+09:00,2026-10-08T09:12:32+09:00
2026-10-05,277,monthly_trace,9980809,気まぐれ執事｜AIでキャラの日常をつくる,rapid_mint5831,https://note.com/rapid_mint5831,True,0,1,146,2026-10-08T09:23:06.963965+09:00,2026-10-01T00:00:00+09:00,2026-10-08T09:12:32+09:00
2026-10-05,278,monthly_trace,10431177,水晶ゆめ🔮当てない占い師×夢を灯す創作家,yume_suisho,https://note.com/yume_suisho,True,0,1,5580,2026-10-08T09:23:06.963965+09:00,2026-10-01T00:00:00+09:00,2026-10-08T09:12:32+09:00
2026-10-05,279,monthly_trace,15288249,永野優作,mute_phlox837,https://note.com/mute_phlox837,True,0,1,920,2026-10-08T09:23:06.963965+09:00,2026-10-01T00:00:00+09:00,2026-10-08T09:12:32+09:00
2026-10-05,280,monthly_trace,5052671,海外３児ママの幸福講義,naruyouni,https://note.com/naruyouni,True,0,1,276,2026-10-08T09:23:06.963965+09:00,2026-10-01T00:00:00+09:00,2026-10-08T09:12:32+09:00
2026-10-05,281,monthly_trace,14926894,渚は今日も遠回り,vivid_stilt8535,https://note.com/vivid_stilt8535,True,0,1,459,2026-10-08T09:23:06.963965+09:00,2026-10-01T00:00:00+09:00,2026-10-08T09:12:32+09:00
2026-10-05,282,monthly_trace,9619867,灰猫はいねこ,nice_pony9719,https://note.com/nice_pony9719,True,0,1,483,2026-10-08T09:23:06.963965+09:00,2026-10-01T00:00:00+09:00,2026-10-08T09:12:32+09:00
2026-10-05,283,monthly_trace,13162655,無料枠AI探求者,merry_moraea681,https://note.com/merry_moraea681,True,0,1,513,2026-10-08T09:23:06.963965+09:00,2026-10-01T00:00:00+09:00,2026-10-08T09:12:32+09:00
2026-10-05,284,monthly_trace,15707736,生きているだけで偉い,firm_condor91,https://note.com/firm_condor91,True,0,1,73,2026-10-08T09:23:06.963965+09:00,2026-10-01T00:00:00+09:00,2026-10-08T09:12:32+09:00
2026-10-05,285,monthly_trace,11845401,生成AI横並び検証室,yokonarabi_lab,https://note.com/yokonarabi_lab,True,0,1,69,2026-10-08T09:23:06.963965+09:00,2026-10-01T00:00:00+09:00,2026-10-08T09:12:32+09:00
2026-10-05,286,monthly_trace,15050609,真彦🌕辻・Miguelin幸樹【ケネス梓の弟】,magico_keni_az,https://note.com/magico_keni_az,True,0,1,521,2026-10-08T09:23:06.963965+09:00,2026-10-01T00:00:00+09:00,2026-10-08T09:12:32+09:00
2026-10-05,287,monthly_trace,14755738,紬は今日も絶好調！？,tsumu_156,https://note.com/tsumu_156,True,0,1,301,2026-10-08T09:23:06.963965+09:00,2026-10-01T00:00:00+09:00,2026-10-08T09:12:32+09:00
2026-10-05,288,monthly_trace,13135350,綿毛,easy_hound4116,https://note.com/easy_hound4116,True,0,1,47,2026-10-08T09:23:06.963965+09:00,2026-10-01T00:00:00+09:00,2026-10-08T09:12:32+09:00
2026-10-05,289,monthly_trace,15729594,羊毛の魔女パレット🐏,novel_woolpallet,https://note.com/novel_woolpallet,True,0,1,25,2026-10-08T09:23:06.963965+09:00,2026-10-01T00:00:00+09:00,2026-10-08T09:12:32+09:00
2026-10-05,290,monthly_trace,3875022,翔太郎,koyayou,https://note.com/koyayou,True,0,1,102,2026-10-08T09:23:06.963965+09:00,2026-10-01T00:00:00+09:00,2026-10-08T09:12:32+09:00
2026-10-05,291,monthly_trace,6537962,花まるエレメンタリーミドルスクール,hanamentary,https://note.com/hanamentary,True,0,1,335,2026-10-08T09:23:06.963965+09:00,2026-10-01T00:00:00+09:00,2026-10-08T09:12:32+09:00
2026-10-05,292,monthly_trace,5947863,菅谷健太郎,light_coyote380,https://note.com/light_coyote380,True,0,1,8240,2026-10-08T09:23:06.963965+09:00,2026-10-01T00:00:00+09:00,2026-10-08T09:12:32+09:00
2026-10-05,293,monthly_trace,13674543,許 亜軍｜AI経営の実践者,joinclass,https://note.com/joinclass,True,0,1,35,2026-10-08T09:23:06.963965+09:00,2026-10-01T00:00:00+09:00,2026-10-08T09:12:32+09:00
2026-10-05,294,monthly_trace,13188249,転がるじゃがいも,zutto_otaku8626,https://note.com/zutto_otaku8626,True,0,1,85,2026-10-08T09:23:06.963965+09:00,2026-10-01T00:00:00+09:00,2026-10-08T09:12:32+09:00
2026-10-05,295,monthly_trace,14927519,鍵＠ノーコードAI,h_nocode_ai_lab,https://note.com/h_nocode_ai_lab,True,0,1,399,2026-10-08T09:23:06.963965+09:00,2026-10-01T00:00:00+09:00,2026-10-08T09:12:32+09:00
2026-10-05,296,monthly_trace,6562253,隆之@モノづくりの現場を考える,taka_sas_1979,https://note.com/taka_sas_1979,True,0,1,437,2026-10-08T09:23:06.963965+09:00,2026-10-01T00:00:00+09:00,2026-10-08T09:12:32+09:00
2026-10-05,297,monthly_trace,13697762,🐟ニシンナス🍆,nishin_herring,https://note.com/nishin_herring,True,0,1,163,2026-10-08T09:23:06.963965+09:00,2026-10-01T00:00:00+09:00,2026-10-08T09:12:32+09:00
2026-10-06,1,monthly_trace,13158712,コヤギ｜静かに暮らす,koyagishizukani,https://note.com/koyagishizukani,True,3,47,268,2026-10-08T09:23:06.963965+09:00,2026-10-01T00:00:00+09:00,2026-10-08T09:12:32+09:00
2026-10-06,2,monthly_trace,12668465,紅茶🫖｜ことばの庭,usagi_no_mimi_,https://note.com/usagi_no_mimi_,True,1,12,293,2026-10-08T09:23:06.963965+09:00,2026-10-01T00:00:00+09:00,2026-10-08T09:12:32+09:00
2026-10-06,3,monthly_trace,13900618,sophie,scribble_1000,https://note.com/scribble_1000,True,1,10,944,2026-10-08T09:23:06.963965+09:00,2026-10-01T00:00:00+09:00,2026-10-08T09:12:32+09:00
2026-10-06,4,monthly_trace,13140757,雪詠｜ゆきよみ,yukiyomi,https://note.com/yukiyomi,True,1,10,1027,2026-10-08T09:23:06.963965+09:00,2026-10-01T00:00:00+09:00,2026-10-08T09:12:32+09:00
2026-10-06,5,monthly_trace,6426263,はるかな,ai_crayon_04,https://note.com/ai_crayon_04,True,2,9,165,2026-10-08T09:23:06.963965+09:00,2026-10-01T00:00:00+09:00,2026-10-08T09:12:32+09:00
2026-10-06,6,monthly_trace,14239507,ミュリン♪(*´ω`*)✨,star246,https://note.com/star246,True,1,9,1230,2026-10-08T09:23:06.963965+09:00,2026-10-01T00:00:00+09:00,2026-10-08T09:12:32+09:00
2026-10-06,7,monthly_trace,14363101,ゆ,yuuwa1046,https://note.com/yuuwa1046,True,2,8,210,2026-10-08T09:23:06.963965+09:00,2026-10-01T00:00:00+09:00,2026-10-08T09:12:32+09:00
2026-10-06,8,monthly_trace,13305460,とりかじ｜研究職パパの家庭DX研究室,like_cosmos1242,https://note.com/like_cosmos1242,True,1,8,159,2026-10-08T09:23:06.963965+09:00,2026-10-01T00:00:00+09:00,2026-10-08T09:12:32+09:00
2026-10-06,9,monthly_trace,11807623,Anna,modern_lion2880,https://note.com/modern_lion2880,True,1,7,1044,2026-10-08T09:23:06.963965+09:00,2026-10-01T00:00:00+09:00,2026-10-08T09:12:32+09:00
2026-10-06,10,monthly_trace,564742,ta_kawano,takawano,https://note.com/takawano,True,1,7,140,2026-10-08T09:23:06.963965+09:00,2026-10-01T00:00:00+09:00,2026-10-08T09:12:32+09:00
2026-10-06,11,monthly_trace,13133778,【無名 S note】18日でフォロワー1000名🚨連続収益中！48マガ・13共マガ運営 参加72🙆,ss_yr,https://note.com/ss_yr,True,1,7,2157,2026-10-08T09:23:06.963965+09:00,2026-10-01T00:00:00+09:00,2026-10-08T09:12:32+09:00
2026-10-06,12,monthly_trace,13430194,あきまむ｜AIとnoteを楽しむ,fond_shark9221,https://note.com/fond_shark9221,True,1,7,344,2026-10-08T09:23:06.963965+09:00,2026-10-01T00:00:00+09:00,2026-10-08T09:12:32+09:00
2026-10-06,13,monthly_trace,10511593,しれネコ🐾｜迷子の気持ち、 ちょっと軽く,large_hosta3387,https://note.com/large_hosta3387,True,1,7,1126,2026-10-08T09:23:06.963965+09:00,2026-10-01T00:00:00+09:00,2026-10-08T09:12:32+09:00
2026-10-06,14,monthly_trace,2490558,だんだんありがと@めじゅ,dandan_arigato19,https://note.com/dandan_arigato19,True,1,7,781,2026-10-08T09:23:06.963965+09:00,2026-10-01T00:00:00+09:00,2026-10-08T09:12:32+09:00
2026-10-06,15,monthly_trace,10460304,ちんぱん🐒耳毛〰(˙👄˙)〰,ojisan_chinpan,https://note.com/ojisan_chinpan,True,1,7,1574,2026-10-08T09:23:06.963965+09:00,2026-10-01T00:00:00+09:00,2026-10-08T09:12:32+09:00
2026-10-06,16,monthly_trace,3598618,はしゃも｜感情構造エンジニア,hasyamo,https://note.com/hasyamo,True,1,7,736,2026-10-08T09:23:06.963965+09:00,2026-10-01T00:00:00+09:00,2026-10-08T09:12:32+09:00
2026-10-06,17,monthly_trace,13642246,やっさん（yasuda）,large_iguana6415,https://note.com/large_iguana6415,True,1,7,1684,2026-10-08T09:23:06.963965+09:00,2026-10-01T00:00:00+09:00,2026-10-08T09:12:32+09:00
2026-10-06,18,monthly_trace,11870206,椿みきこ🌸季節の花ごよみ,hirata_mikiko60,https://note.com/hirata_mikiko60,True,1,7,1007,2026-10-08T09:23:06.963965+09:00,2026-10-01T00:00:00+09:00,2026-10-08T09:12:32+09:00
2026-10-06,19,monthly_trace,12197172,緑どんぐり,green_donguri,https://note.com/green_donguri,True,1,7,2035,2026-10-08T09:23:06.963965+09:00,2026-10-01T00:00:00+09:00,2026-10-08T09:12:32+09:00
2026-10-06,20,monthly_trace,12158291,考える赤柴｜ハロウィンアート2026応援中,eager_thyme9842,https://note.com/eager_thyme9842,True,1,7,699,2026-10-08T09:23:06.963965+09:00,2026-10-01T00:00:00+09:00,2026-10-08T09:12:32+09:00
2026-10-06,21,monthly_trace,9474730,uchutune,uchutune3131,https://note.com/uchutune3131,True,0,7,242,2026-10-08T09:23:06.963965+09:00,2026-10-01T00:00:00+09:00,2026-10-08T09:12:32+09:00
2026-10-06,22,monthly_trace,6312735,ピナクル,modern_holly38,https://note.com/modern_holly38,True,0,7,468,2026-10-08T09:23:06.963965+09:00,2026-10-01T00:00:00+09:00,2026-10-08T09:12:32+09:00
2026-10-06,23,monthly_trace,13870436,ママ薬剤師HONO,hospital_ph_hono,https://note.com/hospital_ph_hono,True,0,7,1071,2026-10-08T09:23:06.963965+09:00,2026-10-01T00:00:00+09:00,2026-10-08T09:12:32+09:00
2026-10-06,24,monthly_trace,13231653,エビちり,open_eel2077,https://note.com/open_eel2077,True,4,6,410,2026-10-08T09:23:06.963965+09:00,2026-10-01T00:00:00+09:00,2026-10-08T09:12:32+09:00
2026-10-06,25,monthly_trace,14414366,碧乃さくら,unique_turkey951,https://note.com/unique_turkey951,True,3,6,959,2026-10-08T09:23:06.963965+09:00,2026-10-01T00:00:00+09:00,2026-10-08T09:12:32+09:00
2026-10-06,26,monthly_trace,14642195,vagabond1497,loyal_fox8450,https://note.com/loyal_fox8450,True,2,6,75,2026-10-08T09:23:06.963965+09:00,2026-10-01T00:00:00+09:00,2026-10-08T09:12:32+09:00
2026-10-06,27,monthly_trace,10827166,コンパス みき✨️好きのタネ🌱‬‪を育てる案内人,compass_m360,https://note.com/compass_m360,True,2,6,2047,2026-10-08T09:23:06.963965+09:00,2026-10-01T00:00:00+09:00,2026-10-08T09:12:32+09:00
2026-10-06,28,monthly_trace,13094187,ミナト汐　＠光と構図のアトリエ,n_kazumai55633,https://note.com/n_kazumai55633,True,2,6,1112,2026-10-08T09:23:06.963965+09:00,2026-10-01T00:00:00+09:00,2026-10-08T09:12:32+09:00
2026-10-06,29,monthly_trace,12983172,masaya｜テンカラフル,10colorful,https://note.com/10colorful,True,1,6,2289,2026-10-08T09:23:06.963965+09:00,2026-10-01T00:00:00+09:00,2026-10-08T09:12:32+09:00
2026-10-06,30,monthly_trace,15007270,しま | 日常にそっと英語を,shima_shima03,https://note.com/shima_shima03,True,1,6,84,2026-10-08T09:23:06.963965+09:00,2026-10-01T00:00:00+09:00,2026-10-08T09:12:32+09:00
2026-10-06,31,monthly_trace,13892517,みき＠社労士事務所のしがないパンダ,modern_dill3027,https://note.com/modern_dill3027,True,1,6,277,2026-10-08T09:23:06.963965+09:00,2026-10-01T00:00:00+09:00,2026-10-08T09:12:32+09:00
2026-10-06,32,monthly_trace,346575,桜星雨夜,squallxxx,https://note.com/squallxxx,True,1,6,89,2026-10-08T09:23:06.963965+09:00,2026-10-01T00:00:00+09:00,2026-10-08T09:12:32+09:00
2026-10-06,33,monthly_trace,14494109,藤｜AIと仕事も遊びも本気,nanamay11023,https://note.com/nanamay11023,True,1,6,308,2026-10-08T09:23:06.963965+09:00,2026-10-01T00:00:00+09:00,2026-10-08T09:12:32+09:00
2026-10-06,34,monthly_trace,11634537,ナオユキ｜物語と知識のコンシェルジュ,ai_naoyuki,https://note.com/ai_naoyuki,True,0,6,3696,2026-10-08T09:23:06.963965+09:00,2026-10-01T00:00:00+09:00,2026-10-08T09:12:32+09:00
2026-10-06,35,monthly_trace,7830971,ハカセ アイ (Ai-Hakase)🐱YouTube × 記事でトレンドAIを解説する為のnote🐾,ai_hakase,https://note.com/ai_hakase,True,0,6,7813,2026-10-08T09:23:06.963965+09:00,2026-10-01T00:00:00+09:00,2026-10-08T09:12:32+09:00
2026-10-06,36,monthly_trace,15611455,DABOちゃん｜ゴルフ×AI×SNS継続の記録,dabochan_gogo,https://note.com/dabochan_gogo,True,1,5,329,2026-10-08T09:23:06.963965+09:00,2026-10-01T00:00:00+09:00,2026-10-08T09:12:32+09:00
2026-10-06,37,monthly_trace,12025079,けー虎 | AIマンガであなたのココロゆるませます！,solo_diary,https://note.com/solo_diary,True,1,5,681,2026-10-08T09:23:06.963965+09:00,2026-10-01T00:00:00+09:00,2026-10-08T09:12:32+09:00
2026-10-06,38,monthly_trace,13777980,しげちーSS,shjgechy,https://note.com/shjgechy,True,1,5,733,2026-10-08T09:23:06.963965+09:00,2026-10-01T00:00:00+09:00,2026-10-08T09:12:32+09:00
2026-10-06,39,monthly_trace,12301144,ゆぴか｜働きづらさから在宅ワークを模索中☀︎,tasty_quoll5392,https://note.com/tasty_quoll5392,True,1,5,799,2026-10-08T09:23:06.963965+09:00,2026-10-01T00:00:00+09:00,2026-10-08T09:12:32+09:00
2026-10-06,40,monthly_trace,15680481,サンタクラシ🍄,love_chance,https://note.com/love_chance,True,1,5,59,2026-10-08T09:23:06.963965+09:00,2026-10-01T00:00:00+09:00,2026-10-08T09:12:32+09:00
2026-10-06,41,monthly_trace,12358153,ハル｜Tokyo Visual Moments,dreamy_quail9288,https://note.com/dreamy_quail9288,True,1,5,544,2026-10-08T09:23:06.963965+09:00,2026-10-01T00:00:00+09:00,2026-10-08T09:12:32+09:00
2026-10-06,42,monthly_trace,13628385,ヘクたろー|緑内障でも「面白い」を残したい男,hekutaro_0520,https://note.com/hekutaro_0520,True,1,5,728,2026-10-08T09:23:06.963965+09:00,2026-10-01T00:00:00+09:00,2026-10-08T09:12:32+09:00
2026-10-06,43,monthly_trace,15394915,柴犬ゆる暮らし｜柴ゆる,calm_sedum3458,https://note.com/calm_sedum3458,True,1,5,140,2026-10-08T09:23:06.963965+09:00,2026-10-01T00:00:00+09:00,2026-10-08T09:12:32+09:00
2026-10-06,44,monthly_trace,14080392,長坂　珠子　│ケアマネ×後見人×投資家,nagasaka_tamako,https://note.com/nagasaka_tamako,True,1,5,324,2026-10-08T09:23:06.963965+09:00,2026-10-01T00:00:00+09:00,2026-10-08T09:12:32+09:00
2026-10-06,45,monthly_trace,4877017,須川元介/情報翻訳家,skagenavi,https://note.com/skagenavi,True,1,5,2729,2026-10-08T09:23:06.963965+09:00,2026-10-01T00:00:00+09:00,2026-10-08T09:12:32+09:00
2026-10-06,46,monthly_trace,10332488,ななな｜もやもや減らし屋,alive_prawn4206,https://note.com/alive_prawn4206,True,0,5,454,2026-10-08T09:23:06.963965+09:00,2026-10-01T00:00:00+09:00,2026-10-08T09:12:32+09:00
2026-10-06,47,monthly_trace,10501834,みふゆ＆成瀬圭｜AIパートナーとnote実験中｜フォロバ100,kei_mifu,https://note.com/kei_mifu,True,0,5,1267,2026-10-08T09:23:06.963965+09:00,2026-10-01T00:00:00+09:00,2026-10-08T09:12:32+09:00
2026-10-06,48,monthly_trace,11583083,夏目羊,hitsuji_natsume,https://note.com/hitsuji_natsume,True,0,5,2157,2026-10-08T09:23:06.963965+09:00,2026-10-01T00:00:00+09:00,2026-10-08T09:12:32+09:00
2026-10-06,49,monthly_trace,15329238,ラナ🌺,kocori256,https://note.com/kocori256,True,4,4,122,2026-10-08T09:23:06.963965+09:00,2026-10-01T00:00:00+09:00,2026-10-08T09:12:32+09:00
2026-10-06,50,monthly_trace,7547534,メイシン,mei_shin,https://note.com/mei_shin,True,2,4,4284,2026-10-08T09:23:06.963965+09:00,2026-10-01T00:00:00+09:00,2026-10-08T09:12:32+09:00
2026-10-06,51,monthly_trace,12149394,あめ｜AIと言葉の日々,ame_to_ai,https://note.com/ame_to_ai,True,1,4,727,2026-10-08T09:23:06.963965+09:00,2026-10-01T00:00:00+09:00,2026-10-08T09:12:32+09:00
2026-10-06,52,monthly_trace,13878107,うんちゃん｜開運実験,unchan_happy,https://note.com/unchan_happy,True,1,4,848,2026-10-08T09:23:06.963965+09:00,2026-10-01T00:00:00+09:00,2026-10-08T09:12:32+09:00
2026-10-06,53,monthly_trace,1580107,ぐれんの　おにぎり@ あなたを人生の主人公にする心理家,selcject,https://note.com/selcject,True,1,4,3430,2026-10-08T09:23:06.963965+09:00,2026-10-01T00:00:00+09:00,2026-10-08T09:12:32+09:00
2026-10-06,54,monthly_trace,12521570,しろのある,shirono_aru,https://note.com/shirono_aru,True,1,4,4240,2026-10-08T09:23:06.963965+09:00,2026-10-01T00:00:00+09:00,2026-10-08T09:12:32+09:00
2026-10-06,55,monthly_trace,11968206,もり｜40代の“仕事を軽くする”リスキリング,mori_reskilling,https://note.com/mori_reskilling,True,1,4,520,2026-10-08T09:23:06.963965+09:00,2026-10-01T00:00:00+09:00,2026-10-08T09:12:32+09:00
2026-10-06,56,monthly_trace,12775322,カワムラ｜AI擬人化漫画 | ChatGPTのヨシダ,chatgpt_ysd,https://note.com/chatgpt_ysd,True,1,4,2435,2026-10-08T09:23:06.963965+09:00,2026-10-01T00:00:00+09:00,2026-10-08T09:12:32+09:00
2026-10-06,57,monthly_trace,11058763,濱口貴光@AIとデータサイエンスが好きな薬剤師,pharma_i_cist,https://note.com/pharma_i_cist,True,1,4,1170,2026-10-08T09:23:06.963965+09:00,2026-10-01T00:00:00+09:00,2026-10-08T09:12:32+09:00
2026-10-06,58,monthly_trace,13991022,麻乃颯月|卒婚を決めたアラ還主婦,satuki_asano501,https://note.com/satuki_asano501,True,1,4,523,2026-10-08T09:23:06.963965+09:00,2026-10-01T00:00:00+09:00,2026-10-08T09:12:32+09:00
2026-10-06,59,monthly_trace,13125356,EARTH🌎,fast_thyme336,https://note.com/fast_thyme336,True,0,4,751,2026-10-08T09:23:06.963965+09:00,2026-10-01T00:00:00+09:00,2026-10-08T09:12:32+09:00
2026-10-06,60,monthly_trace,12966384,FANTASY-AI JP,mute_hyena5293,https://note.com/mute_hyena5293,True,0,4,237,2026-10-08T09:23:06.963965+09:00,2026-10-01T00:00:00+09:00,2026-10-08T09:12:32+09:00
2026-10-06,61,monthly_trace,11178899,KEN 田舎で介護,fit_lion6308,https://note.com/fit_lion6308,True,0,4,614,2026-10-08T09:23:06.963965+09:00,2026-10-01T00:00:00+09:00,2026-10-08T09:12:32+09:00
2026-10-06,62,monthly_trace,14820938,Labo.,futurelnve5r,https://note.com/futurelnve5r,True,0,4,1811,2026-10-08T09:23:06.963965+09:00,2026-10-01T00:00:00+09:00,2026-10-08T09:12:32+09:00
2026-10-06,63,monthly_trace,13806959,ミライダネ,suzuka020825,https://note.com/suzuka020825,True,0,4,994,2026-10-08T09:23:06.963965+09:00,2026-10-01T00:00:00+09:00,2026-10-08T09:12:32+09:00
2026-10-06,64,monthly_trace,14262349,Moca | note 勉強中,moca_piano,https://note.com/moca_piano,True,3,3,2,2026-10-08T09:23:06.963965+09:00,2026-10-01T00:00:00+09:00,2026-10-08T09:12:32+09:00
2026-10-06,65,monthly_trace,1218500,さくら,sakura_wellness,https://note.com/sakura_wellness,True,3,3,1689,2026-10-08T09:23:06.963965+09:00,2026-10-01T00:00:00+09:00,2026-10-08T09:12:32+09:00
2026-10-06,66,monthly_trace,15691006,しゅうぽん,magic_raven4423,https://note.com/magic_raven4423,True,3,3,17,2026-10-08T09:23:06.963965+09:00,2026-10-01T00:00:00+09:00,2026-10-08T09:12:32+09:00
2026-10-06,67,monthly_trace,14884158,kazuma,kazuma3924,https://note.com/kazuma3924,True,2,3,234,2026-10-08T09:23:06.963965+09:00,2026-10-01T00:00:00+09:00,2026-10-08T09:12:32+09:00
2026-10-06,68,monthly_trace,15261516,ザリ夫,zario,https://note.com/zario,True,2,3,779,2026-10-08T09:23:06.963965+09:00,2026-10-01T00:00:00+09:00,2026-10-08T09:12:32+09:00
2026-10-06,69,monthly_trace,10326174,Chill｜人生後半、進化中,chill_2525,https://note.com/chill_2525,True,1,3,2317,2026-10-08T09:23:06.963965+09:00,2026-10-01T00:00:00+09:00,2026-10-08T09:12:32+09:00
2026-10-06,70,monthly_trace,13473442,sumica,corvus_754,https://note.com/corvus_754,True,1,3,142,2026-10-08T09:23:06.963965+09:00,2026-10-01T00:00:00+09:00,2026-10-08T09:12:32+09:00
2026-10-06,71,monthly_trace,12789134,とり,tori2323,https://note.com/tori2323,True,1,3,3755,2026-10-08T09:23:06.963965+09:00,2026-10-01T00:00:00+09:00,2026-10-08T09:12:32+09:00
2026-10-06,72,monthly_trace,14463811,みゆこ｜菜園ティスト🌱　「やってみた」を楽しもう,miyuki1192,https://note.com/miyuki1192,True,1,3,1083,2026-10-08T09:23:06.963965+09:00,2026-10-01T00:00:00+09:00,2026-10-08T09:12:32+09:00
2026-10-06,73,monthly_trace,12906286,ミノリ・グルーヴ@Minoriからの転生,open_tulip9172,https://note.com/open_tulip9172,True,1,3,179,2026-10-08T09:23:06.963965+09:00,2026-10-01T00:00:00+09:00,2026-10-08T09:12:32+09:00
2026-10-06,74,monthly_trace,5738970,営業fafa | note業界No.1営業マン,kohana1112,https://note.com/kohana1112,True,1,3,1868,2026-10-08T09:23:06.963965+09:00,2026-10-01T00:00:00+09:00,2026-10-08T09:12:32+09:00
2026-10-06,75,monthly_trace,14701958,瑠兎(うゆ/liú tù),ythf,https://note.com/ythf,True,1,3,7,2026-10-08T09:23:06.963965+09:00,2026-10-01T00:00:00+09:00,2026-10-08T09:12:32+09:00
2026-10-06,76,monthly_trace,14243034,Admin・K ＆ Ash,drastic_world,https://note.com/drastic_world,True,0,3,36,2026-10-08T09:23:06.963965+09:00,2026-10-01T00:00:00+09:00,2026-10-08T09:12:32+09:00
2026-10-06,77,monthly_trace,13259374,Joe Tsukasa,joe2x100,https://note.com/joe2x100,True,0,3,1099,2026-10-08T09:23:06.963965+09:00,2026-10-01T00:00:00+09:00,2026-10-08T09:12:32+09:00
2026-10-06,78,monthly_trace,12624691,noteと遊ぶ あん,aging_gracefully,https://note.com/aging_gracefully,True,0,3,1615,2026-10-08T09:23:06.963965+09:00,2026-10-01T00:00:00+09:00,2026-10-08T09:12:32+09:00
2026-10-06,79,monthly_trace,15290558,pito,hirocho_1125,https://note.com/hirocho_1125,True,0,3,97,2026-10-08T09:23:06.963965+09:00,2026-10-01T00:00:00+09:00,2026-10-08T09:12:32+09:00
2026-10-06,80,monthly_trace,13621165,ごんた,glad_hosta9940,https://note.com/glad_hosta9940,True,0,3,118,2026-10-08T09:23:06.963965+09:00,2026-10-01T00:00:00+09:00,2026-10-08T09:12:32+09:00
2026-10-06,81,monthly_trace,14824580,たける　【日本正義・いのち党】,sane_coot4394,https://note.com/sane_coot4394,True,0,3,353,2026-10-08T09:23:06.963965+09:00,2026-10-01T00:00:00+09:00,2026-10-08T09:12:32+09:00
2026-10-06,82,monthly_trace,12235137,ねんころ@AIクリエイター,nenkoro_life,https://note.com/nenkoro_life,True,0,3,2021,2026-10-08T09:23:06.963965+09:00,2026-10-01T00:00:00+09:00,2026-10-08T09:12:32+09:00
2026-10-06,83,monthly_trace,14903985,まっちゃ💚AI活用とnote副業ラボ,matcha_aispirit,https://note.com/matcha_aispirit,True,0,3,812,2026-10-08T09:23:06.963965+09:00,2026-10-01T00:00:00+09:00,2026-10-08T09:12:32+09:00
2026-10-06,84,monthly_trace,11877070,アルフレッド(ALFRED),game_system_alex,https://note.com/game_system_alex,True,0,3,4175,2026-10-08T09:23:06.963965+09:00,2026-10-01T00:00:00+09:00,2026-10-08T09:12:32+09:00
2026-10-06,85,monthly_trace,15573007,コタロウ｜40代、SNS×AIに全振り,kotarozero,https://note.com/kotarozero,True,0,3,242,2026-10-08T09:23:06.963965+09:00,2026-10-01T00:00:00+09:00,2026-10-08T09:12:32+09:00
2026-10-06,86,monthly_trace,14567125,メモ魔┃AI×4コマ漫画,memoma_ai,https://note.com/memoma_ai,True,0,3,150,2026-10-08T09:23:06.963965+09:00,2026-10-01T00:00:00+09:00,2026-10-08T09:12:32+09:00
2026-10-06,87,monthly_trace,15069362,安達【筋肉メタル親方】｜Creator’s Notebook,nice_crab5854,https://note.com/nice_crab5854,True,0,3,999,2026-10-08T09:23:06.963965+09:00,2026-10-01T00:00:00+09:00,2026-10-08T09:12:32+09:00
2026-10-06,88,monthly_trace,13502174,架空彼氏製作所｜AIイラスト,kakuu_kareshi,https://note.com/kakuu_kareshi,True,0,3,391,2026-10-08T09:23:06.963965+09:00,2026-10-01T00:00:00+09:00,2026-10-08T09:12:32+09:00
2026-10-06,89,monthly_trace,13043888,空手家パパ,gentle_curlew322,https://note.com/gentle_curlew322,True,0,3,1172,2026-10-08T09:23:06.963965+09:00,2026-10-01T00:00:00+09:00,2026-10-08T09:12:32+09:00
2026-10-06,90,monthly_trace,12235051,青井透子｜日常の過剰解釈屋,crisp_chimp0823,https://note.com/crisp_chimp0823,True,0,3,481,2026-10-08T09:23:06.963965+09:00,2026-10-01T00:00:00+09:00,2026-10-08T09:12:32+09:00
2026-10-06,91,monthly_trace,10938606,Obi,0bi,https://note.com/0bi,True,2,2,405,2026-10-08T09:23:06.963965+09:00,2026-10-01T00:00:00+09:00,2026-10-08T09:12:32+09:00
2026-10-06,92,monthly_trace,15719489,ぴーこ｜AI編集室,piiko_ai,https://note.com/piiko_ai,True,2,2,67,2026-10-08T09:23:06.963965+09:00,2026-10-01T00:00:00+09:00,2026-10-08T09:12:32+09:00
2026-10-06,93,monthly_trace,14860090,綴（つづり）,ai_works_room,https://note.com/ai_works_room,True,2,2,96,2026-10-08T09:23:06.963965+09:00,2026-10-01T00:00:00+09:00,2026-10-08T09:12:32+09:00
2026-10-06,94,monthly_trace,7987846,花園かれん,happy_otter725,https://note.com/happy_otter725,True,2,2,7,2026-10-08T09:23:06.963965+09:00,2026-10-01T00:00:00+09:00,2026-10-08T09:12:32+09:00
2026-10-06,95,monthly_trace,13279787,颯詩(そうし)| デザインと思想,motan_8823,https://note.com/motan_8823,True,2,2,494,2026-10-08T09:23:06.963965+09:00,2026-10-01T00:00:00+09:00,2026-10-08T09:12:32+09:00
2026-10-06,96,monthly_trace,11703348,AIさとう｜AI動画で収益化を目指す,ai_sato_,https://note.com/ai_sato_,True,1,2,89,2026-10-08T09:23:06.963965+09:00,2026-10-01T00:00:00+09:00,2026-10-08T09:12:32+09:00
2026-10-06,97,monthly_trace,12177484,GLOCAL RESEARCH,glocalresearch,https://note.com/glocalresearch,True,1,2,34,2026-10-08T09:23:06.963965+09:00,2026-10-01T00:00:00+09:00,2026-10-08T09:12:32+09:00
2026-10-06,98,monthly_trace,15214463,Hanchan,hot_elk6916,https://note.com/hot_elk6916,True,1,2,85,2026-10-08T09:23:06.963965+09:00,2026-10-01T00:00:00+09:00,2026-10-08T09:12:32+09:00
2026-10-06,99,monthly_trace,11859415,NENE｜noteフリーランス,nene_note_room,https://note.com/nene_note_room,True,1,2,642,2026-10-08T09:23:06.963965+09:00,2026-10-01T00:00:00+09:00,2026-10-08T09:12:32+09:00
2026-10-06,100,monthly_trace,10353496,furikakemen,furikakemen,https://note.com/furikakemen,True,1,2,324,2026-10-08T09:23:06.963965+09:00,2026-10-01T00:00:00+09:00,2026-10-08T09:12:32+09:00
2026-10-06,101,monthly_trace,10803734,yaema,syousonankei2523,https://note.com/syousonankei2523,True,1,2,121,2026-10-08T09:23:06.963965+09:00,2026-10-01T00:00:00+09:00,2026-10-08T09:12:32+09:00
2026-10-06,102,monthly_trace,4229873,こうすけ　【楽しく生きるために必要なこと】 フォロバ100,kokokosukekeke,https://note.com/kokokosukekeke,True,1,2,4082,2026-10-08T09:23:06.963965+09:00,2026-10-01T00:00:00+09:00,2026-10-08T09:12:32+09:00
2026-10-06,103,monthly_trace,13047702,ごりごりのおちびさん＠教養としての営業,ggs_little_one,https://note.com/ggs_little_one,True,1,2,1650,2026-10-08T09:23:06.963965+09:00,2026-10-01T00:00:00+09:00,2026-10-08T09:12:32+09:00
2026-10-06,104,monthly_trace,11879120,しおね,mafuyu_manimani,https://note.com/mafuyu_manimani,True,1,2,107,2026-10-08T09:23:06.963965+09:00,2026-10-01T00:00:00+09:00,2026-10-08T09:12:32+09:00
2026-10-06,105,monthly_trace,8342960,しぶりん,nice_tulip320,https://note.com/nice_tulip320,True,1,2,154,2026-10-08T09:23:06.963965+09:00,2026-10-01T00:00:00+09:00,2026-10-08T09:12:32+09:00
2026-10-06,106,monthly_trace,8202195,ゆうしん🐹｜デジタルの温もりを届けるAIアートクリエイター,yuushinhalo2025,https://note.com/yuushinhalo2025,True,1,2,716,2026-10-08T09:23:06.963965+09:00,2026-10-01T00:00:00+09:00,2026-10-08T09:12:32+09:00
2026-10-06,107,monthly_trace,13162655,無料枠AI探求者,merry_moraea681,https://note.com/merry_moraea681,True,1,2,513,2026-10-08T09:23:06.963965+09:00,2026-10-01T00:00:00+09:00,2026-10-08T09:12:32+09:00
2026-10-06,108,monthly_trace,13287086,犬神銀,nice_carp6786,https://note.com/nice_carp6786,True,1,2,1043,2026-10-08T09:23:06.963965+09:00,2026-10-01T00:00:00+09:00,2026-10-08T09:12:32+09:00
2026-10-06,109,monthly_trace,15050609,真彦🌕辻・Miguelin幸樹【ケネス梓の弟】,magico_keni_az,https://note.com/magico_keni_az,True,1,2,521,2026-10-08T09:23:06.963965+09:00,2026-10-01T00:00:00+09:00,2026-10-08T09:12:32+09:00
2026-10-06,110,monthly_trace,14755738,紬は今日も絶好調！？,tsumu_156,https://note.com/tsumu_156,True,1,2,301,2026-10-08T09:23:06.963965+09:00,2026-10-01T00:00:00+09:00,2026-10-08T09:12:32+09:00
2026-10-06,111,monthly_trace,14025235,Aily｜AI美女で月10万を自動化,ailyxtokyo,https://note.com/ailyxtokyo,True,0,2,167,2026-10-08T09:23:06.963965+09:00,2026-10-01T00:00:00+09:00,2026-10-08T09:12:32+09:00
2026-10-06,112,monthly_trace,12076418,FumiUmi,lunch_box235,https://note.com/lunch_box235,True,0,2,1109,2026-10-08T09:23:06.963965+09:00,2026-10-01T00:00:00+09:00,2026-10-08T09:12:32+09:00
2026-10-06,113,monthly_trace,12553034,HIROMI@,grand_fowl1887,https://note.com/grand_fowl1887,True,0,2,2534,2026-10-08T09:23:06.963965+09:00,2026-10-01T00:00:00+09:00,2026-10-08T09:12:32+09:00
2026-10-06,114,monthly_trace,13902670,Intentus｜会社員、AIと世界の観察ログ,intentus_26,https://note.com/intentus_26,True,0,2,415,2026-10-08T09:23:06.963965+09:00,2026-10-01T00:00:00+09:00,2026-10-08T09:12:32+09:00
2026-10-06,115,monthly_trace,15202016,Jota,jotavane,https://note.com/jotavane,True,0,2,402,2026-10-08T09:23:06.963965+09:00,2026-10-01T00:00:00+09:00,2026-10-08T09:12:32+09:00
2026-10-06,116,monthly_trace,15690617,clair de lune♪リュミエール♪,cafe2463,https://note.com/cafe2463,True,0,2,28,2026-10-08T09:23:06.963965+09:00,2026-10-01T00:00:00+09:00,2026-10-08T09:12:32+09:00
2026-10-06,117,monthly_trace,14520065,happy-sheep,holy_sheep3944,https://note.com/holy_sheep3944,True,0,2,538,2026-10-08T09:23:06.963965+09:00,2026-10-01T00:00:00+09:00,2026-10-08T09:12:32+09:00
2026-10-06,118,monthly_trace,12589788,ういろう,tsubakinu,https://note.com/tsubakinu,True,0,2,791,2026-10-08T09:23:06.963965+09:00,2026-10-01T00:00:00+09:00,2026-10-08T09:12:32+09:00
2026-10-06,119,monthly_trace,13718195,きいるか,yellowdolphin,https://note.com/yellowdolphin,True,0,2,43,2026-10-08T09:23:06.963965+09:00,2026-10-01T00:00:00+09:00,2026-10-08T09:12:32+09:00
2026-10-06,120,monthly_trace,13215594,じゅに。,ushidoshi_life,https://note.com/ushidoshi_life,True,0,2,912,2026-10-08T09:23:06.963965+09:00,2026-10-01T00:00:00+09:00,2026-10-08T09:12:32+09:00
2026-10-06,121,monthly_trace,12848229,そら,flux_water,https://note.com/flux_water,True,0,2,226,2026-10-08T09:23:06.963965+09:00,2026-10-01T00:00:00+09:00,2026-10-08T09:12:32+09:00
2026-10-06,122,monthly_trace,13366653,ぱぴさん,papi_san,https://note.com/papi_san,True,0,2,534,2026-10-08T09:23:06.963965+09:00,2026-10-01T00:00:00+09:00,2026-10-08T09:12:32+09:00
2026-10-06,123,monthly_trace,15496321,りょうた | Claudeの専門家,ryota_claude,https://note.com/ryota_claude,True,0,2,25,2026-10-08T09:23:06.963965+09:00,2026-10-01T00:00:00+09:00,2026-10-08T09:12:32+09:00
2026-10-06,124,monthly_trace,14689807,カタうさ,katasumi_bs,https://note.com/katasumi_bs,True,0,2,335,2026-10-08T09:23:06.963965+09:00,2026-10-01T00:00:00+09:00,2026-10-08T09:12:32+09:00
2026-10-06,125,monthly_trace,11900590,クセさん｜失敗を資産に変えるnote伴走者,habit_notemaster,https://note.com/habit_notemaster,True,0,2,1475,2026-10-08T09:23:06.963965+09:00,2026-10-01T00:00:00+09:00,2026-10-08T09:12:32+09:00
2026-10-06,126,monthly_trace,14024411,ハル｜雑記,cc_dekirukana,https://note.com/cc_dekirukana,True,0,2,510,2026-10-08T09:23:06.963965+09:00,2026-10-01T00:00:00+09:00,2026-10-08T09:12:32+09:00
2026-10-06,127,monthly_trace,13919050,メモ魔┃AIとひとり会社,memoma102,https://note.com/memoma102,True,0,2,186,2026-10-08T09:23:06.963965+09:00,2026-10-01T00:00:00+09:00,2026-10-08T09:12:32+09:00
2026-10-06,128,monthly_trace,14093852,仲元さとる｜元保険代理店・証券仲介業経営者の本音,nakamoto_hoken,https://note.com/nakamoto_hoken,True,0,2,175,2026-10-08T09:23:06.963965+09:00,2026-10-01T00:00:00+09:00,2026-10-08T09:12:32+09:00
2026-10-06,129,monthly_trace,15489715,伊藤ポップakaFCS,fcs_homecenter,https://note.com/fcs_homecenter,True,0,2,157,2026-10-08T09:23:06.963965+09:00,2026-10-01T00:00:00+09:00,2026-10-08T09:12:32+09:00
2026-10-06,130,monthly_trace,12927111,元銀行員のAIお金ノート,ai_money60,https://note.com/ai_money60,True,0,2,784,2026-10-08T09:23:06.963965+09:00,2026-10-01T00:00:00+09:00,2026-10-08T09:12:32+09:00
2026-10-06,131,monthly_trace,11972332,奇構屋ゴロウ,kyogen_lab,https://note.com/kyogen_lab,True,0,2,378,2026-10-08T09:23:06.963965+09:00,2026-10-01T00:00:00+09:00,2026-10-08T09:12:32+09:00
2026-10-06,132,monthly_trace,455384,庭師ふろんた｜3兄弟パパ,niwashi_fronta,https://note.com/niwashi_fronta,True,0,2,1469,2026-10-08T09:23:06.963965+09:00,2026-10-01T00:00:00+09:00,2026-10-08T09:12:32+09:00
2026-10-06,133,monthly_trace,9282525,建从,fresh_racoon3036,https://note.com/fresh_racoon3036,True,0,2,570,2026-10-08T09:23:06.963965+09:00,2026-10-01T00:00:00+09:00,2026-10-08T09:12:32+09:00
2026-10-06,134,monthly_trace,14804559,日常｜星と夜と小さな物語,like_shrew7210,https://note.com/like_shrew7210,True,0,2,531,2026-10-08T09:23:06.963965+09:00,2026-10-01T00:00:00+09:00,2026-10-08T09:12:32+09:00
2026-10-06,135,monthly_trace,11930127,沙夜-𝕊𝕒𝕪𝕠- 沙夜学園🌠,sayo_official,https://note.com/sayo_official,True,0,2,533,2026-10-08T09:23:06.963965+09:00,2026-10-01T00:00:00+09:00,2026-10-08T09:12:32+09:00
2026-10-06,136,monthly_trace,15520714,紡えり🐱　⁂GPT遊びに夢中⁂,00irea00,https://note.com/00irea00,True,0,2,494,2026-10-08T09:23:06.963965+09:00,2026-10-01T00:00:00+09:00,2026-10-08T09:12:32+09:00
2026-10-06,137,monthly_trace,15151979,経営士M × AIオーケストレーション,advanciel02,https://note.com/advanciel02,True,0,2,871,2026-10-08T09:23:06.963965+09:00,2026-10-01T00:00:00+09:00,2026-10-08T09:12:32+09:00
2026-10-06,138,monthly_trace,12751168,翠竜　SUIRYU,huge_cougar215,https://note.com/huge_cougar215,True,0,2,281,2026-10-08T09:23:06.963965+09:00,2026-10-01T00:00:00+09:00,2026-10-08T09:12:32+09:00
2026-10-06,139,monthly_trace,6905415,豹子頭 林冲,hyousitou,https://note.com/hyousitou,True,0,2,310,2026-10-08T09:23:06.963965+09:00,2026-10-01T00:00:00+09:00,2026-10-08T09:12:32+09:00
2026-10-06,140,monthly_trace,253443,雪月 音弥,otoya_step,https://note.com/otoya_step,True,0,2,80,2026-10-08T09:23:06.963965+09:00,2026-10-01T00:00:00+09:00,2026-10-08T09:12:32+09:00
2026-10-06,141,monthly_trace,8701555,Echo of Moss｜NORI,fit_cougar9763,https://note.com/fit_cougar9763,True,1,1,459,2026-10-08T09:23:06.963965+09:00,2026-10-01T00:00:00+09:00,2026-10-08T09:12:32+09:00
2026-10-06,142,monthly_trace,15527297,Enhance【人生逆転マインド】,fine_lynx4902,https://note.com/fine_lynx4902,True,1,1,5,2026-10-08T09:23:06.963965+09:00,2026-10-01T00:00:00+09:00,2026-10-08T09:12:32+09:00
2026-10-06,143,monthly_trace,13314204,Hiromi,beginners_luck,https://note.com/beginners_luck,True,1,1,583,2026-10-08T09:23:06.963965+09:00,2026-10-01T00:00:00+09:00,2026-10-08T09:12:32+09:00
2026-10-06,144,monthly_trace,14203293,KintoNavi｜kintone＋生成AI,cool_bee1567,https://note.com/cool_bee1567,True,1,1,43,2026-10-08T09:23:06.963965+09:00,2026-10-01T00:00:00+09:00,2026-10-08T09:12:32+09:00
2026-10-06,145,monthly_trace,13415591,Kumaさん,kumasan_no_te,https://note.com/kumasan_no_te,True,1,1,1765,2026-10-08T09:23:06.963965+09:00,2026-10-01T00:00:00+09:00,2026-10-08T09:12:32+09:00
2026-10-06,146,monthly_trace,10069756,Liliscend｜彫刻＠DX・AIハッカー,second__career,https://note.com/second__career,True,1,1,1494,2026-10-08T09:23:06.963965+09:00,2026-10-01T00:00:00+09:00,2026-10-08T09:12:32+09:00
2026-10-06,147,monthly_trace,2351324,MANO@ライフハック/暮らしを豊かに,sskhras,https://note.com/sskhras,True,1,1,1244,2026-10-08T09:23:06.963965+09:00,2026-10-01T00:00:00+09:00,2026-10-08T09:12:32+09:00
2026-10-06,148,monthly_trace,14640793,MM-cats,mamecats,https://note.com/mamecats,True,1,1,43,2026-10-08T09:23:06.963965+09:00,2026-10-01T00:00:00+09:00,2026-10-08T09:12:32+09:00
2026-10-06,149,monthly_trace,12293104,T.S1979,genial_knot756,https://note.com/genial_knot756,True,1,1,1132,2026-10-08T09:23:06.963965+09:00,2026-10-01T00:00:00+09:00,2026-10-08T09:12:32+09:00
2026-10-06,150,monthly_trace,10569223,Yasuhito Morimoto,yasuhitoo,https://note.com/yasuhitoo,True,1,1,3459,2026-10-08T09:23:06.963965+09:00,2026-10-01T00:00:00+09:00,2026-10-08T09:12:32+09:00
2026-10-06,151,monthly_trace,11444542,chikobonitaruburu82,regal_puma7239,https://note.com/regal_puma7239,True,1,1,457,2026-10-08T09:23:06.963965+09:00,2026-10-01T00:00:00+09:00,2026-10-08T09:12:32+09:00
2026-10-06,152,monthly_trace,617483,ken＠夢を叶える起業家,neoken,https://note.com/neoken,True,1,1,292,2026-10-08T09:23:06.963965+09:00,2026-10-01T00:00:00+09:00,2026-10-08T09:12:32+09:00
2026-10-06,153,monthly_trace,10524595,☀️M&AでHSP社長辞めた郎,shachoyametaro,https://note.com/shachoyametaro,True,1,1,497,2026-10-08T09:23:06.963965+09:00,2026-10-01T00:00:00+09:00,2026-10-08T09:12:32+09:00
2026-10-06,154,monthly_trace,11261881,かぜ,bright_pipit5485,https://note.com/bright_pipit5485,True,1,1,273,2026-10-08T09:23:06.963965+09:00,2026-10-01T00:00:00+09:00,2026-10-08T09:12:32+09:00
2026-10-06,155,monthly_trace,13723950,ししまる,sisimaru_note,https://note.com/sisimaru_note,True,1,1,295,2026-10-08T09:23:06.963965+09:00,2026-10-01T00:00:00+09:00,2026-10-08T09:12:32+09:00
2026-10-06,156,monthly_trace,15099768,しらたまうさぎ🐰❤️に寄添うKindle作家,shiratama_usagi,https://note.com/shiratama_usagi,True,1,1,794,2026-10-08T09:23:06.963965+09:00,2026-10-01T00:00:00+09:00,2026-10-08T09:12:32+09:00
2026-10-06,157,monthly_trace,15476285,せどりのともみ,tomomi_91log,https://note.com/tomomi_91log,True,1,1,2,2026-10-08T09:23:06.963965+09:00,2026-10-01T00:00:00+09:00,2026-10-08T09:12:32+09:00
2026-10-06,158,monthly_trace,5705535,たくみっち｜Re:ゼロから始める積層生活,takumicchi,https://note.com/takumicchi,True,1,1,41,2026-10-08T09:23:06.963965+09:00,2026-10-01T00:00:00+09:00,2026-10-08T09:12:32+09:00
2026-10-06,159,monthly_trace,14363026,つむぎ｜アイを知りたい女,kokode_kurasu,https://note.com/kokode_kurasu,True,1,1,1441,2026-10-08T09:23:06.963965+09:00,2026-10-01T00:00:00+09:00,2026-10-08T09:12:32+09:00
2026-10-06,160,monthly_trace,15236891,にゃんちゅう,jazzy_skink5452,https://note.com/jazzy_skink5452,True,1,1,85,2026-10-08T09:23:06.963965+09:00,2026-10-01T00:00:00+09:00,2026-10-08T09:12:32+09:00
2026-10-06,161,monthly_trace,362798,はまだむ | ｜筋トレ文学と身体論,hamadam,https://note.com/hamadam,True,1,1,193,2026-10-08T09:23:06.963965+09:00,2026-10-01T00:00:00+09:00,2026-10-08T09:12:32+09:00
2026-10-06,162,monthly_trace,15185816,はやと,hayato0707,https://note.com/hayato0707,True,1,1,117,2026-10-08T09:23:06.963965+09:00,2026-10-01T00:00:00+09:00,2026-10-08T09:12:32+09:00
2026-10-06,163,monthly_trace,4887086,はんく・シュンタナ🍌『塩化ビニール系女子』AIクリエイター兼プロデューサー,hunk_shuntana,https://note.com/hunk_shuntana,True,1,1,804,2026-10-08T09:23:06.963965+09:00,2026-10-01T00:00:00+09:00,2026-10-08T09:12:32+09:00
2026-10-06,164,monthly_trace,15445213,まさや ブログ運営,masaya_blog45,https://note.com/masaya_blog45,True,1,1,2,2026-10-08T09:23:06.963965+09:00,2026-10-01T00:00:00+09:00,2026-10-08T09:12:32+09:00
2026-10-06,165,monthly_trace,2122931,みけにゃん@小さなしあわせ収集家,1031mike,https://note.com/1031mike,True,1,1,492,2026-10-08T09:23:06.963965+09:00,2026-10-01T00:00:00+09:00,2026-10-08T09:12:32+09:00
2026-10-06,166,monthly_trace,539402,やまざき悠｜40代からの書く副業,yuura142,https://note.com/yuura142,True,1,1,4512,2026-10-08T09:23:06.963965+09:00,2026-10-01T00:00:00+09:00,2026-10-08T09:12:32+09:00
2026-10-06,167,monthly_trace,12880655,アメリ🐈️,mild_sheep8979,https://note.com/mild_sheep8979,True,1,1,109,2026-10-08T09:23:06.963965+09:00,2026-10-01T00:00:00+09:00,2026-10-08T09:12:32+09:00
2026-10-06,168,monthly_trace,14711367,カモミール,clever_hare2654,https://note.com/clever_hare2654,True,1,1,1220,2026-10-08T09:23:06.963965+09:00,2026-10-01T00:00:00+09:00,2026-10-08T09:12:32+09:00
2026-10-06,169,monthly_trace,12066601,ジーニ君｜元夫婦関係修復のサロン運営者3000人以上,hsp_counseling,https://note.com/hsp_counseling,True,1,1,48,2026-10-08T09:23:06.963965+09:00,2026-10-01T00:00:00+09:00,2026-10-08T09:12:32+09:00
2026-10-06,170,monthly_trace,3832706,ハニヲ,haniwo0,https://note.com/haniwo0,True,1,1,137,2026-10-08T09:23:06.963965+09:00,2026-10-01T00:00:00+09:00,2026-10-08T09:12:32+09:00
2026-10-06,171,monthly_trace,15463847,ヒロト５５,glossy_shark1091,https://note.com/glossy_shark1091,True,1,1,68,2026-10-08T09:23:06.963965+09:00,2026-10-01T00:00:00+09:00,2026-10-08T09:12:32+09:00
2026-10-06,172,monthly_trace,3603150,ユユマル_フリーランスイラストレーター,yunyun5569,https://note.com/yunyun5569,True,1,1,224,2026-10-08T09:23:06.963965+09:00,2026-10-01T00:00:00+09:00,2026-10-08T09:12:32+09:00
2026-10-06,173,monthly_trace,15685090,ルーキー｜年収200万からの資産形成,rookiealltrades,https://note.com/rookiealltrades,True,1,1,354,2026-10-08T09:23:06.963965+09:00,2026-10-01T00:00:00+09:00,2026-10-08T09:12:32+09:00
2026-10-06,174,monthly_trace,14144038,ロビ｜経験を言葉と価値に変える人,totkhssimo,https://note.com/totkhssimo,True,1,1,3317,2026-10-08T09:23:06.963965+09:00,2026-10-01T00:00:00+09:00,2026-10-08T09:12:32+09:00
2026-10-06,175,monthly_trace,14922301,中嶋 清貴,kiyo_nakajima,https://note.com/kiyo_nakajima,True,1,1,398,2026-10-08T09:23:06.963965+09:00,2026-10-01T00:00:00+09:00,2026-10-08T09:12:32+09:00
2026-10-06,176,monthly_trace,11796877,儲けの解剖学@mouke_kaibou,mouke_kaibou,https://note.com/mouke_kaibou,True,1,1,1323,2026-10-08T09:23:06.963965+09:00,2026-10-01T00:00:00+09:00,2026-10-08T09:12:32+09:00
2026-10-06,177,monthly_trace,11742994,名前もと　,fresh_loris1944,https://note.com/fresh_loris1944,True,1,1,3585,2026-10-08T09:23:06.963965+09:00,2026-10-01T00:00:00+09:00,2026-10-08T09:12:32+09:00
2026-10-06,178,monthly_trace,10517876,向日葵じまにゃん🌻,jimanyan,https://note.com/jimanyan,True,1,1,2371,2026-10-08T09:23:06.963965+09:00,2026-10-01T00:00:00+09:00,2026-10-08T09:12:32+09:00
2026-10-06,179,monthly_trace,13792780,営業パパ,eigyopapa,https://note.com/eigyopapa,True,1,1,1991,2026-10-08T09:23:06.963965+09:00,2026-10-01T00:00:00+09:00,2026-10-08T09:12:32+09:00
2026-10-06,180,monthly_trace,1712233,峰岸 楓（ソングライター＆シンガー）,fu3minegishi,https://note.com/fu3minegishi,True,1,1,108,2026-10-08T09:23:06.963965+09:00,2026-10-01T00:00:00+09:00,2026-10-08T09:12:32+09:00
2026-10-06,181,monthly_trace,14445040,月凪（つきなぎ）,like_ferret2194,https://note.com/like_ferret2194,True,1,1,1117,2026-10-08T09:23:06.963965+09:00,2026-10-01T00:00:00+09:00,2026-10-08T09:12:32+09:00
2026-10-06,182,monthly_trace,15474390,森乃つきひ,morinotukihi,https://note.com/morinotukihi,True,1,1,92,2026-10-08T09:23:06.963965+09:00,2026-10-01T00:00:00+09:00,2026-10-08T09:12:32+09:00
2026-10-06,183,monthly_trace,13927984,画愛えーあいリテラシー,safe_yeti2010,https://note.com/safe_yeti2010,True,1,1,213,2026-10-08T09:23:06.963965+09:00,2026-10-01T00:00:00+09:00,2026-10-08T09:12:32+09:00
2026-10-06,184,monthly_trace,13613385,羅生門SKY,codex_strategy,https://note.com/codex_strategy,True,1,1,468,2026-10-08T09:23:06.963965+09:00,2026-10-01T00:00:00+09:00,2026-10-08T09:12:32+09:00
2026-10-06,185,monthly_trace,13426415,詩織のAI生成日記,shiori_ai_diary,https://note.com/shiori_ai_diary,True,1,1,152,2026-10-08T09:23:06.963965+09:00,2026-10-01T00:00:00+09:00,2026-10-08T09:12:32+09:00
2026-10-06,186,monthly_trace,2440740,遊流亭（ゆるてい）よたろう,4i1d0m6k,https://note.com/4i1d0m6k,True,1,1,248,2026-10-08T09:23:06.963965+09:00,2026-10-01T00:00:00+09:00,2026-10-08T09:12:32+09:00
2026-10-06,187,monthly_trace,14980481,運気コンシェルジュ　こじまる,gifted_owl2148,https://note.com/gifted_owl2148,True,1,1,431,2026-10-08T09:23:06.963965+09:00,2026-10-01T00:00:00+09:00,2026-10-08T09:12:32+09:00
2026-10-06,188,monthly_trace,11395794,零ぴちゅ。,reipichu,https://note.com/reipichu,True,1,1,5937,2026-10-08T09:23:06.963965+09:00,2026-10-01T00:00:00+09:00,2026-10-08T09:12:32+09:00
2026-10-06,189,monthly_trace,13210403,風船がむ助,gamusuke,https://note.com/gamusuke,True,1,1,322,2026-10-08T09:23:06.963965+09:00,2026-10-01T00:00:00+09:00,2026-10-08T09:12:32+09:00
2026-10-06,190,monthly_trace,6615574,黒狐｜1桁フォロワーで高額を売る専門家,sefish,https://note.com/sefish,True,1,1,128,2026-10-08T09:23:06.963965+09:00,2026-10-01T00:00:00+09:00,2026-10-08T09:12:32+09:00
2026-10-06,191,monthly_trace,1918900,🔥Autorace　Fire🔥,cool_jacana4193,https://note.com/cool_jacana4193,True,1,1,1046,2026-10-08T09:23:06.963965+09:00,2026-10-01T00:00:00+09:00,2026-10-08T09:12:32+09:00
2026-10-06,192,monthly_trace,15236773,47歳　元営業部長　脳出血から仕事復帰へ Tomo,pure_hebe635,https://note.com/pure_hebe635,True,0,1,928,2026-10-08T09:23:06.963965+09:00,2026-10-01T00:00:00+09:00,2026-10-08T09:12:32+09:00
2026-10-06,193,monthly_trace,14555620,54Plants,hiromavich,https://note.com/hiromavich,True,0,1,281,2026-10-08T09:23:06.963965+09:00,2026-10-01T00:00:00+09:00,2026-10-08T09:12:32+09:00
2026-10-06,194,monthly_trace,13157217,A'me,witty_briony2440,https://note.com/witty_briony2440,True,0,1,341,2026-10-08T09:23:06.963965+09:00,2026-10-01T00:00:00+09:00,2026-10-08T09:12:32+09:00
2026-10-06,195,monthly_trace,14045656,AIフクロウ｜夜な夜なClaude Code,ai_fukuro,https://note.com/ai_fukuro,True,0,1,703,2026-10-08T09:23:06.963965+09:00,2026-10-01T00:00:00+09:00,2026-10-08T09:12:32+09:00
2026-10-06,196,monthly_trace,790651,AZUSA KIKUGAWA(相互フォローしてます),sakuracotton,https://note.com/sakuracotton,True,0,1,506,2026-10-08T09:23:06.963965+09:00,2026-10-01T00:00:00+09:00,2026-10-08T09:12:32+09:00
2026-10-06,197,monthly_trace,2862586,EX-FAX-CE｜ロスジェネ氷河期的視点,exfaxce,https://note.com/exfaxce,True,0,1,1861,2026-10-08T09:23:06.963965+09:00,2026-10-01T00:00:00+09:00,2026-10-08T09:12:32+09:00
2026-10-06,198,monthly_trace,11351510,Ejii✦3（えじー）,deft_raven2722,https://note.com/deft_raven2722,True,0,1,297,2026-10-08T09:23:06.963965+09:00,2026-10-01T00:00:00+09:00,2026-10-08T09:12:32+09:00
2026-10-06,199,monthly_trace,11910247,ITジグソーパズル,itjigsaw_puzzle,https://note.com/itjigsaw_puzzle,True,0,1,774,2026-10-08T09:23:06.963965+09:00,2026-10-01T00:00:00+09:00,2026-10-08T09:12:32+09:00
2026-10-06,200,monthly_trace,12983758,K.I Lyrics,ki_lyrics,https://note.com/ki_lyrics,True,0,1,624,2026-10-08T09:23:06.963965+09:00,2026-10-01T00:00:00+09:00,2026-10-08T09:12:32+09:00
2026-10-06,201,monthly_trace,265106,KENBO：技術と経験を次へつなぐ｜AIと半導体エンジニア兼複業クリエイター,kenbo1929,https://note.com/kenbo1929,True,0,1,685,2026-10-08T09:23:06.963965+09:00,2026-10-01T00:00:00+09:00,2026-10-08T09:12:32+09:00
2026-10-06,202,monthly_trace,13713057,Keptyの旅ログ🚲️,kepcharitabi,https://note.com/kepcharitabi,True,0,1,574,2026-10-08T09:23:06.963965+09:00,2026-10-01T00:00:00+09:00,2026-10-08T09:12:32+09:00
2026-10-06,203,monthly_trace,7580255,Kinu｜AIイラストと発信づくり,kinu885,https://note.com/kinu885,True,0,1,2338,2026-10-08T09:23:06.963965+09:00,2026-10-01T00:00:00+09:00,2026-10-08T09:12:32+09:00
2026-10-06,204,monthly_trace,14649103,K｜AI遊び人,aio_ky,https://note.com/aio_ky,True,0,1,456,2026-10-08T09:23:06.963965+09:00,2026-10-01T00:00:00+09:00,2026-10-08T09:12:32+09:00
2026-10-06,205,monthly_trace,15001557,Margin Archive,limber_tulip137,https://note.com/limber_tulip137,True,0,1,586,2026-10-08T09:23:06.963965+09:00,2026-10-01T00:00:00+09:00,2026-10-08T09:12:32+09:00
2026-10-06,206,monthly_trace,5330022,Marie | まりーの小さな⚙️歯車⚙️ラボ🔬,marie_222,https://note.com/marie_222,True,0,1,161,2026-10-08T09:23:06.963965+09:00,2026-10-01T00:00:00+09:00,2026-10-08T09:12:32+09:00
2026-10-06,207,monthly_trace,14490242,Mind Log,mindlog_mapai,https://note.com/mindlog_mapai,True,0,1,5731,2026-10-08T09:23:06.963965+09:00,2026-10-01T00:00:00+09:00,2026-10-08T09:12:32+09:00
2026-10-06,208,monthly_trace,11579186,NEKØ:CODE  (ネココード)｜AIと紡ぐ物語と音楽,nekocode,https://note.com/nekocode,True,0,1,321,2026-10-08T09:23:06.963965+09:00,2026-10-01T00:00:00+09:00,2026-10-08T09:12:32+09:00
2026-10-06,209,monthly_trace,14875147,NTA,airmj_23tm,https://note.com/airmj_23tm,True,0,1,92,2026-10-08T09:23:06.963965+09:00,2026-10-01T00:00:00+09:00,2026-10-08T09:12:32+09:00
2026-10-06,210,monthly_trace,10236283,PTW  妄想族東京支部8代目総長a.k.a影帽子,satoru_5963,https://note.com/satoru_5963,True,0,1,157,2026-10-08T09:23:06.963965+09:00,2026-10-01T00:00:00+09:00,2026-10-08T09:12:32+09:00
2026-10-06,211,monthly_trace,15192513,Pajama de mama*4歳娘ママ,mama_ca,https://note.com/mama_ca,True,0,1,793,2026-10-08T09:23:06.963965+09:00,2026-10-01T00:00:00+09:00,2026-10-08T09:12:32+09:00
2026-10-06,212,monthly_trace,12862447,SilentTaker@しずかちゃん,real_egret9710,https://note.com/real_egret9710,True,0,1,233,2026-10-08T09:23:06.963965+09:00,2026-10-01T00:00:00+09:00,2026-10-08T09:12:32+09:00
2026-10-06,213,monthly_trace,11939901,Smatoy（スマトイ）,smatoylab,https://note.com/smatoylab,True,0,1,664,2026-10-08T09:23:06.963965+09:00,2026-10-01T00:00:00+09:00,2026-10-08T09:12:32+09:00
2026-10-06,214,monthly_trace,15691430,TAKA個人開発者,tkkaihatsu,https://note.com/tkkaihatsu,True,0,1,0,2026-10-08T09:23:06.963965+09:00,2026-10-01T00:00:00+09:00,2026-10-08T09:12:32+09:00
2026-10-06,215,monthly_trace,12142452,VCL,verde_combat_lab,https://note.com/verde_combat_lab,True,0,1,749,2026-10-08T09:23:06.963965+09:00,2026-10-01T00:00:00+09:00,2026-10-08T09:12:32+09:00
2026-10-06,216,monthly_trace,15253881,Zelanis,zelanis,https://note.com/zelanis,True,0,1,43,2026-10-08T09:23:06.963965+09:00,2026-10-01T00:00:00+09:00,2026-10-08T09:12:32+09:00
2026-10-06,217,monthly_trace,15474105,ai_airesu,ai_airesu,https://note.com/ai_airesu,True,0,1,30,2026-10-08T09:23:06.963965+09:00,2026-10-01T00:00:00+09:00,2026-10-08T09:12:32+09:00
2026-10-06,218,monthly_trace,15484996,amanoha｜編集×AI,amanoha_ai,https://note.com/amanoha_ai,True,0,1,66,2026-10-08T09:23:06.963965+09:00,2026-10-01T00:00:00+09:00,2026-10-08T09:12:32+09:00
2026-10-06,219,monthly_trace,10526244,kinose / note美容師,kino0905,https://note.com/kino0905,True,0,1,792,2026-10-08T09:23:06.963965+09:00,2026-10-01T00:00:00+09:00,2026-10-08T09:12:32+09:00
2026-10-06,220,monthly_trace,13977135,mrtomo0229_sub,mrtomo0229_sub,https://note.com/mrtomo0229_sub,True,0,1,25,2026-10-08T09:23:06.963965+09:00,2026-10-01T00:00:00+09:00,2026-10-08T09:12:32+09:00
2026-10-06,221,monthly_trace,15743656,note収益化 プロジェクト,apt_ibis2749,https://note.com/apt_ibis2749,True,0,1,32,2026-10-08T09:23:06.963965+09:00,2026-10-01T00:00:00+09:00,2026-10-08T09:12:32+09:00
2026-10-06,222,monthly_trace,15226073,ruko｜AI×note,rukoo,https://note.com/rukoo,True,0,1,362,2026-10-08T09:23:06.963965+09:00,2026-10-01T00:00:00+09:00,2026-10-08T09:12:32+09:00
2026-10-06,223,monthly_trace,12715352,tadapiyo,rosy_gnu3023,https://note.com/rosy_gnu3023,True,0,1,105,2026-10-08T09:23:06.963965+09:00,2026-10-01T00:00:00+09:00,2026-10-08T09:12:32+09:00
2026-10-06,224,monthly_trace,13888851,yoyoyo,yoshi_play,https://note.com/yoshi_play,True,0,1,368,2026-10-08T09:23:06.963965+09:00,2026-10-01T00:00:00+09:00,2026-10-08T09:12:32+09:00
2026-10-06,225,monthly_trace,4185124,yukiko 摂食嚥下コンサルタントナース,nanamoto52885,https://note.com/nanamoto52885,True,0,1,338,2026-10-08T09:23:06.963965+09:00,2026-10-01T00:00:00+09:00,2026-10-08T09:12:32+09:00
2026-10-06,226,monthly_trace,1549396,yuyu,wazze,https://note.com/wazze,True,0,1,153,2026-10-08T09:23:06.963965+09:00,2026-10-01T00:00:00+09:00,2026-10-08T09:12:32+09:00
2026-10-06,227,monthly_trace,14587860,「ポンロボ」ポンコツAIロボ-副業機能付き,kaeritenai,https://note.com/kaeritenai,True,0,1,173,2026-10-08T09:23:06.963965+09:00,2026-10-01T00:00:00+09:00,2026-10-08T09:12:32+09:00
2026-10-06,228,monthly_trace,4721164,あい,nanatsunoko3,https://note.com/nanatsunoko3,True,0,1,515,2026-10-08T09:23:06.963965+09:00,2026-10-01T00:00:00+09:00,2026-10-08T09:12:32+09:00
2026-10-06,229,monthly_trace,11121667,"あいさん💗Iカウンセリングルーム セラピスト／ 臨床心理士×公認心理師｜支援歴16年・2,000名超",joyful_zebra1701,https://note.com/joyful_zebra1701,True,0,1,9018,2026-10-08T09:23:06.963965+09:00,2026-10-01T00:00:00+09:00,2026-10-08T09:12:32+09:00
2026-10-06,230,monthly_trace,12580328,あいびより。AIクリエイターの日常🐾,aiby_masuhiyo,https://note.com/aiby_masuhiyo,True,0,1,1575,2026-10-08T09:23:06.963965+09:00,2026-10-01T00:00:00+09:00,2026-10-08T09:12:32+09:00
2026-10-06,231,monthly_trace,10461763,あおい＠30代後半のサイドFIRE実験記録,lifeworkfree,https://note.com/lifeworkfree,True,0,1,485,2026-10-08T09:23:06.963965+09:00,2026-10-01T00:00:00+09:00,2026-10-08T09:12:32+09:00
2026-10-06,232,monthly_trace,15168020,あたくし｜アラフォー女の深淵,_atakushi,https://note.com/_atakushi,True,0,1,408,2026-10-08T09:23:06.963965+09:00,2026-10-01T00:00:00+09:00,2026-10-08T09:12:32+09:00
2026-10-06,233,monthly_trace,14430145,あっきー｜漫画チラシ・AIイラスト制作,keen_violet2415,https://note.com/keen_violet2415,True,0,1,10,2026-10-08T09:23:06.963965+09:00,2026-10-01T00:00:00+09:00,2026-10-08T09:12:32+09:00
2026-10-06,234,monthly_trace,13247108,おーい淑女!,super_liger8087,https://note.com/super_liger8087,True,0,1,6,2026-10-08T09:23:06.963965+09:00,2026-10-01T00:00:00+09:00,2026-10-08T09:12:32+09:00
2026-10-06,235,monthly_trace,11463020,お喋りお兄さん@配信×noteの人,osya_verymuch,https://note.com/osya_verymuch,True,0,1,65,2026-10-08T09:23:06.963965+09:00,2026-10-01T00:00:00+09:00,2026-10-08T09:12:32+09:00
2026-10-06,236,monthly_trace,15450109,かおり ブログ運営,kaori_blog82,https://note.com/kaori_blog82,True,0,1,6,2026-10-08T09:23:06.963965+09:00,2026-10-01T00:00:00+09:00,2026-10-08T09:12:32+09:00
2026-10-06,237,monthly_trace,9982982,かにまろ｜ゲーム開発,kanimaro_246,https://note.com/kanimaro_246,True,0,1,294,2026-10-08T09:23:06.963965+09:00,2026-10-01T00:00:00+09:00,2026-10-08T09:12:32+09:00
2026-10-06,238,monthly_trace,12961457,からすま けい,karasumakei,https://note.com/karasumakei,True,0,1,141,2026-10-08T09:23:06.963965+09:00,2026-10-01T00:00:00+09:00,2026-10-08T09:12:32+09:00
2026-10-06,239,monthly_trace,11281870,きおう ろん,xdh0002,https://note.com/xdh0002,True,0,1,667,2026-10-08T09:23:06.963965+09:00,2026-10-01T00:00:00+09:00,2026-10-08T09:12:32+09:00
2026-10-06,240,monthly_trace,14163081,きっこ,clear_sloth1257,https://note.com/clear_sloth1257,True,0,1,176,2026-10-08T09:23:06.963965+09:00,2026-10-01T00:00:00+09:00,2026-10-08T09:12:32+09:00
2026-10-06,241,monthly_trace,12014165,くまのひとみ│note界のアイドル発達凸凹っ子アララのママ,tanupop,https://note.com/tanupop,True,0,1,666,2026-10-08T09:23:06.963965+09:00,2026-10-01T00:00:00+09:00,2026-10-08T09:12:32+09:00
2026-10-06,242,monthly_trace,3358934,けせら,kesera_,https://note.com/kesera_,True,0,1,1604,2026-10-08T09:23:06.963965+09:00,2026-10-01T00:00:00+09:00,2026-10-08T09:12:32+09:00
2026-10-06,243,monthly_trace,12055224,こあら🌻@AIイラストプロンプト,aibento,https://note.com/aibento,True,0,1,2129,2026-10-08T09:23:06.963965+09:00,2026-10-01T00:00:00+09:00,2026-10-08T09:12:32+09:00
2026-10-06,244,monthly_trace,15185996,こうたろう,kotaroroom0720,https://note.com/kotaroroom0720,True,0,1,125,2026-10-08T09:23:06.963965+09:00,2026-10-01T00:00:00+09:00,2026-10-08T09:12:32+09:00
2026-10-06,245,monthly_trace,13163455,こたや｜KOTAYA,kotaya_log,https://note.com/kotaya_log,True,0,1,3658,2026-10-08T09:23:06.963965+09:00,2026-10-01T00:00:00+09:00,2026-10-08T09:12:32+09:00
2026-10-06,246,monthly_trace,47153,こっぺぱん,masato2855,https://note.com/masato2855,True,0,1,13241,2026-10-08T09:23:06.963965+09:00,2026-10-01T00:00:00+09:00,2026-10-08T09:12:32+09:00
2026-10-06,247,monthly_trace,12498736,ことのは👁‍🗨知識収集家,kotonoha_bridge,https://note.com/kotonoha_bridge,True,0,1,1231,2026-10-08T09:23:06.963965+09:00,2026-10-01T00:00:00+09:00,2026-10-08T09:12:32+09:00
2026-10-06,248,monthly_trace,15730124,こはる,koharu_chy,https://note.com/koharu_chy,True,0,1,10,2026-10-08T09:23:06.963965+09:00,2026-10-01T00:00:00+09:00,2026-10-08T09:12:32+09:00
2026-10-06,249,monthly_trace,14463371,さいとう｜ワーママ管理職｜残業ゼロで成果を出すAI時短術,kind_boar557,https://note.com/kind_boar557,True,0,1,1605,2026-10-08T09:23:06.963965+09:00,2026-10-01T00:00:00+09:00,2026-10-08T09:12:32+09:00
2026-10-06,250,monthly_trace,14953389,さくら,sakura0505,https://note.com/sakura0505,True,0,1,148,2026-10-08T09:23:06.963965+09:00,2026-10-01T00:00:00+09:00,2026-10-08T09:12:32+09:00
2026-10-06,251,monthly_trace,15185770,しおり,shiori0807,https://note.com/shiori0807,True,0,1,123,2026-10-08T09:23:06.963965+09:00,2026-10-01T00:00:00+09:00,2026-10-08T09:12:32+09:00
2026-10-06,252,monthly_trace,14845316,じωん,brave_whale6178,https://note.com/brave_whale6178,True,0,1,49,2026-10-08T09:23:06.963965+09:00,2026-10-01T00:00:00+09:00,2026-10-08T09:12:32+09:00
2026-10-06,253,monthly_trace,12417301,すみれ,genial_wren230,https://note.com/genial_wren230,True,0,1,472,2026-10-08T09:23:06.963965+09:00,2026-10-01T00:00:00+09:00,2026-10-08T09:12:32+09:00
2026-10-06,254,monthly_trace,12015881,たろう,mild_crocus384,https://note.com/mild_crocus384,True,0,1,184,2026-10-08T09:23:06.963965+09:00,2026-10-01T00:00:00+09:00,2026-10-08T09:12:32+09:00
2026-10-06,255,monthly_trace,9873229,ちっぷ@アパレル主婦,chip_apparel,https://note.com/chip_apparel,True,0,1,925,2026-10-08T09:23:06.963965+09:00,2026-10-01T00:00:00+09:00,2026-10-08T09:12:32+09:00
2026-10-06,256,monthly_trace,13911087,ちっぷのこころ🎡,lovely_stork7575,https://note.com/lovely_stork7575,True,0,1,529,2026-10-08T09:23:06.963965+09:00,2026-10-01T00:00:00+09:00,2026-10-08T09:12:32+09:00
2026-10-06,257,monthly_trace,13963243,ちゃんまー｜パパエンジニア,nguu,https://note.com/nguu,True,0,1,1013,2026-10-08T09:23:06.963965+09:00,2026-10-01T00:00:00+09:00,2026-10-08T09:12:32+09:00
2026-10-06,258,monthly_trace,1663902,ちゃんやま@50代を生きる人,chanyama7,https://note.com/chanyama7,True,0,1,1846,2026-10-08T09:23:06.963965+09:00,2026-10-01T00:00:00+09:00,2026-10-08T09:12:32+09:00
2026-10-06,259,monthly_trace,519006,つっちー🤝結び代表／毎日note投稿中📝,kai8114,https://note.com/kai8114,True,0,1,58,2026-10-08T09:23:06.963965+09:00,2026-10-01T00:00:00+09:00,2026-10-08T09:12:32+09:00
2026-10-06,260,monthly_trace,15142635,つぶあん｜不養生な漢方薬剤師,kamponightowl,https://note.com/kamponightowl,True,0,1,117,2026-10-08T09:23:06.963965+09:00,2026-10-01T00:00:00+09:00,2026-10-08T09:12:32+09:00
2026-10-06,261,monthly_trace,12325142,のっぴ,noppi_note,https://note.com/noppi_note,True,0,1,278,2026-10-08T09:23:06.963965+09:00,2026-10-01T00:00:00+09:00,2026-10-08T09:12:32+09:00
2026-10-06,262,monthly_trace,6524532,はむ吾郎,gifted_moose202,https://note.com/gifted_moose202,True,0,1,15,2026-10-08T09:23:06.963965+09:00,2026-10-01T00:00:00+09:00,2026-10-08T09:12:32+09:00
2026-10-06,263,monthly_trace,14226817,はるまき大臣｜薬剤師,harumakidaizin,https://note.com/harumakidaizin,True,0,1,281,2026-10-08T09:23:06.963965+09:00,2026-10-01T00:00:00+09:00,2026-10-08T09:12:32+09:00
2026-10-06,264,monthly_trace,13136155,はる｜“書く”を続ける,harublog0038,https://note.com/harublog0038,True,0,1,438,2026-10-08T09:23:06.963965+09:00,2026-10-01T00:00:00+09:00,2026-10-08T09:12:32+09:00
2026-10-06,265,monthly_trace,6790420,ひろのすけ | ごんぶとUSPプロデューサー,kocoroodoru,https://note.com/kocoroodoru,True,0,1,31,2026-10-08T09:23:06.963965+09:00,2026-10-01T00:00:00+09:00,2026-10-08T09:12:32+09:00
2026-10-06,266,monthly_trace,11574500,ふらつき母ちゃん│脊髄小脳変性症ですが何か⁉️,dear_viper3924,https://note.com/dear_viper3924,True,0,1,1167,2026-10-08T09:23:06.963965+09:00,2026-10-01T00:00:00+09:00,2026-10-08T09:12:32+09:00
2026-10-06,267,monthly_trace,12148536,まき@こどもと日々成長中,asobo_kids,https://note.com/asobo_kids,True,0,1,1409,2026-10-08T09:23:06.963965+09:00,2026-10-01T00:00:00+09:00,2026-10-08T09:12:32+09:00
2026-10-06,268,monthly_trace,5828006,まなつ/突出マイノリティ列伝,tosshutsu_m,https://note.com/tosshutsu_m,True,0,1,9794,2026-10-08T09:23:06.963965+09:00,2026-10-01T00:00:00+09:00,2026-10-08T09:12:32+09:00
2026-10-06,269,monthly_trace,12377105,まるよか,yokayoka5103,https://note.com/yokayoka5103,True,0,1,1653,2026-10-08T09:23:06.963965+09:00,2026-10-01T00:00:00+09:00,2026-10-08T09:12:32+09:00
2026-10-06,270,monthly_trace,11828830,みっちぃ|子供と一緒に成長したい2児の父,pure_bear1643,https://note.com/pure_bear1643,True,0,1,480,2026-10-08T09:23:06.963965+09:00,2026-10-01T00:00:00+09:00,2026-10-08T09:12:32+09:00
2026-10-06,271,monthly_trace,15735940,みなみ,mina_o18,https://note.com/mina_o18,True,0,1,6,2026-10-08T09:23:06.963965+09:00,2026-10-01T00:00:00+09:00,2026-10-08T09:12:32+09:00
2026-10-06,272,monthly_trace,11837112,もぐら,mogurabooks,https://note.com/mogurabooks,True,0,1,376,2026-10-08T09:23:06.963965+09:00,2026-10-01T00:00:00+09:00,2026-10-08T09:12:32+09:00
2026-10-06,273,monthly_trace,15390139,やと,noted_yatoasuter,https://note.com/noted_yatoasuter,True,0,1,1,2026-10-08T09:23:06.963965+09:00,2026-10-01T00:00:00+09:00,2026-10-08T09:12:32+09:00
2026-10-06,274,monthly_trace,1481431,やま,yama_i,https://note.com/yama_i,True,0,1,4,2026-10-08T09:23:06.963965+09:00,2026-10-01T00:00:00+09:00,2026-10-08T09:12:32+09:00
2026-10-06,275,monthly_trace,3330412,やまと　たける,0011naporeonn,https://note.com/0011naporeonn,True,0,1,5044,2026-10-08T09:23:06.963965+09:00,2026-10-01T00:00:00+09:00,2026-10-08T09:12:32+09:00
2026-10-06,276,monthly_trace,12924098,やまラボ,yama_lab00,https://note.com/yama_lab00,True,0,1,253,2026-10-08T09:23:06.963965+09:00,2026-10-01T00:00:00+09:00,2026-10-08T09:12:32+09:00
2026-10-06,277,monthly_trace,13740766,よし｜AI設計士,hearty_bee3067,https://note.com/hearty_bee3067,True,0,1,891,2026-10-08T09:23:06.963965+09:00,2026-10-01T00:00:00+09:00,2026-10-08T09:12:32+09:00
2026-10-06,278,monthly_trace,13156049,らっく,sakusakurakku,https://note.com/sakusakurakku,True,0,1,0,2026-10-08T09:23:06.963965+09:00,2026-10-01T00:00:00+09:00,2026-10-08T09:12:32+09:00
2026-10-06,279,monthly_trace,5230260,りんくす@AI人格コーディネーター,links_lt,https://note.com/links_lt,True,0,1,17567,2026-10-08T09:23:06.963965+09:00,2026-10-01T00:00:00+09:00,2026-10-08T09:12:32+09:00
2026-10-06,280,monthly_trace,13686942,るみるみ,rumi_rumi369,https://note.com/rumi_rumi369,True,0,1,1689,2026-10-08T09:23:06.963965+09:00,2026-10-01T00:00:00+09:00,2026-10-08T09:12:32+09:00
2026-10-06,281,monthly_trace,9731407,ろぺこ,ropeko_7,https://note.com/ropeko_7,True,0,1,41,2026-10-08T09:23:06.963965+09:00,2026-10-01T00:00:00+09:00,2026-10-08T09:12:32+09:00
2026-10-06,282,monthly_trace,13854803,アイダ,azulnix,https://note.com/azulnix,True,0,1,15,2026-10-08T09:23:06.963965+09:00,2026-10-01T00:00:00+09:00,2026-10-08T09:12:32+09:00
2026-10-06,283,monthly_trace,15671629,アホクソ,ahokuso,https://note.com/ahokuso,True,0,1,97,2026-10-08T09:23:06.963965+09:00,2026-10-01T00:00:00+09:00,2026-10-08T09:12:32+09:00
2026-10-06,284,monthly_trace,13379754,イシザキ,si_mbam4,https://note.com/si_mbam4,True,0,1,379,2026-10-08T09:23:06.963965+09:00,2026-10-01T00:00:00+09:00,2026-10-08T09:12:32+09:00
2026-10-06,285,monthly_trace,12730552,エリカが好き勝手に語るチャンネル,erikakataru,https://note.com/erikakataru,True,0,1,333,2026-10-08T09:23:06.963965+09:00,2026-10-01T00:00:00+09:00,2026-10-08T09:12:32+09:00
2026-10-06,286,monthly_trace,5513805,カナミン｜AIと迷いながら、進む人,kanamin26,https://note.com/kanamin26,True,0,1,1027,2026-10-08T09:23:06.963965+09:00,2026-10-01T00:00:00+09:00,2026-10-08T09:12:32+09:00
2026-10-06,287,monthly_trace,13743229,カフェLounge雅,hearty_mint9651,https://note.com/hearty_mint9651,True,0,1,317,2026-10-08T09:23:06.963965+09:00,2026-10-01T00:00:00+09:00,2026-10-08T09:12:32+09:00
2026-10-06,288,monthly_trace,14280635,キャリア採用の現場から,saiyopro,https://note.com/saiyopro,True,0,1,573,2026-10-08T09:23:06.963965+09:00,2026-10-01T00:00:00+09:00,2026-10-08T09:12:32+09:00
2026-10-06,289,monthly_trace,13964497,ケア Design,nurse_notion,https://note.com/nurse_notion,True,0,1,320,2026-10-08T09:23:06.963965+09:00,2026-10-01T00:00:00+09:00,2026-10-08T09:12:32+09:00
2026-10-06,290,monthly_trace,15482288,コナ｜安全品質×AI,kona_ai,https://note.com/kona_ai,True,0,1,118,2026-10-08T09:23:06.963965+09:00,2026-10-01T00:00:00+09:00,2026-10-08T09:12:32+09:00
2026-10-06,291,monthly_trace,14763423,コバヤシ@学生事業家,kobalab_2026,https://note.com/kobalab_2026,True,0,1,441,2026-10-08T09:23:06.963965+09:00,2026-10-01T00:00:00+09:00,2026-10-08T09:12:32+09:00
2026-10-06,292,monthly_trace,13913798,コバユウ＿採用担当の視点,fine_clam7528,https://note.com/fine_clam7528,True,0,1,1355,2026-10-08T09:23:06.963965+09:00,2026-10-01T00:00:00+09:00,2026-10-08T09:12:32+09:00
2026-10-06,293,monthly_trace,382406,サイユ。,sai_yuki,https://note.com/sai_yuki,True,0,1,40,2026-10-08T09:23:06.963965+09:00,2026-10-01T00:00:00+09:00,2026-10-08T09:12:32+09:00
2026-10-06,294,monthly_trace,11304628,シニガミレコーズ｜意味と観測の求道者｜知的ジェットコースターの設計者 ※フォロバ0%,jg1bqz,https://note.com/jg1bqz,True,0,1,951,2026-10-08T09:23:06.963965+09:00,2026-10-01T00:00:00+09:00,2026-10-08T09:12:32+09:00
2026-10-06,295,monthly_trace,14607319,シンシア,quiet_snail9618,https://note.com/quiet_snail9618,True,0,1,22,2026-10-08T09:23:06.963965+09:00,2026-10-01T00:00:00+09:00,2026-10-08T09:12:32+09:00
2026-10-06,296,monthly_trace,5962262,ジャムボーイ,witty_lotus224,https://note.com/witty_lotus224,True,0,1,2443,2026-10-08T09:23:06.963965+09:00,2026-10-01T00:00:00+09:00,2026-10-08T09:12:32+09:00
2026-10-06,297,monthly_trace,12232616,デジさしみ | IT現場の効率家,digital_sashimi,https://note.com/digital_sashimi,True,0,1,1167,2026-10-08T09:23:06.963965+09:00,2026-10-01T00:00:00+09:00,2026-10-08T09:12:32+09:00
2026-10-06,298,monthly_trace,15248332,ニック｜心と体のサインから生き方を決め直すコーチ,nick47change,https://note.com/nick47change,True,0,1,385,2026-10-08T09:23:06.963965+09:00,2026-10-01T00:00:00+09:00,2026-10-08T09:12:32+09:00
2026-10-06,299,monthly_trace,13065530,ノックスリョウ,ryo_hsl,https://note.com/ryo_hsl,True,0,1,97,2026-10-08T09:23:06.963965+09:00,2026-10-01T00:00:00+09:00,2026-10-08T09:12:32+09:00
2026-10-06,300,monthly_trace,13026269,ブライト・ローズ,hip_zebra186,https://note.com/hip_zebra186,True,0,1,921,2026-10-08T09:23:06.963965+09:00,2026-10-01T00:00:00+09:00,2026-10-08T09:12:32+09:00
2026-10-06,301,monthly_trace,393078,ブラウニー,dic_web,https://note.com/dic_web,True,0,1,2086,2026-10-08T09:23:06.963965+09:00,2026-10-01T00:00:00+09:00,2026-10-08T09:12:32+09:00
2026-10-06,302,monthly_trace,15387414,ポラフ｜AI副業ログ,gay_impala1620,https://note.com/gay_impala1620,True,0,1,366,2026-10-08T09:23:06.963965+09:00,2026-10-01T00:00:00+09:00,2026-10-08T09:12:32+09:00
2026-10-06,303,monthly_trace,7896891,ポンタ,pontanohaha,https://note.com/pontanohaha,True,0,1,1302,2026-10-08T09:23:06.963965+09:00,2026-10-01T00:00:00+09:00,2026-10-08T09:12:32+09:00
2026-10-06,304,monthly_trace,15660019,メモ魔┃AIだけで1円稼げるか,memoma_ichien,https://note.com/memoma_ichien,True,0,1,3,2026-10-08T09:23:06.963965+09:00,2026-10-01T00:00:00+09:00,2026-10-08T09:12:32+09:00
2026-10-06,305,monthly_trace,12773166,モブリンのおかあしゃん,major_minnow7470,https://note.com/major_minnow7470,True,0,1,19,2026-10-08T09:23:06.963965+09:00,2026-10-01T00:00:00+09:00,2026-10-08T09:12:32+09:00
2026-10-06,306,monthly_trace,15044850,リュウジ👨‍🦰アニメ好きな2児のパパ,koymikoto,https://note.com/koymikoto,True,0,1,218,2026-10-08T09:23:06.963965+09:00,2026-10-01T00:00:00+09:00,2026-10-08T09:12:32+09:00
2026-10-06,307,monthly_trace,13950093,リュウ｜風水でお部屋探し,alive_fowl8384,https://note.com/alive_fowl8384,True,0,1,2020,2026-10-08T09:23:06.963965+09:00,2026-10-01T00:00:00+09:00,2026-10-08T09:12:32+09:00
2026-10-06,308,monthly_trace,15695723,レン．イケメンM男のCFNM・羞恥の記録,glossy_gnu5519,https://note.com/glossy_gnu5519,True,0,1,33,2026-10-08T09:23:06.963965+09:00,2026-10-01T00:00:00+09:00,2026-10-08T09:12:32+09:00
2026-10-06,309,monthly_trace,12114005,ロト6とロト7で数々の当選実績と高額当選者を輩出している元外資系金融マンのロト攻略法,warrenv,https://note.com/warrenv,True,0,1,1390,2026-10-08T09:23:06.963965+09:00,2026-10-01T00:00:00+09:00,2026-10-08T09:12:32+09:00
2026-10-06,310,monthly_trace,15263154,一人分を超えた日から｜ひとり事務所とAI,hitori_office_ai,https://note.com/hitori_office_ai,True,0,1,1098,2026-10-08T09:23:06.963965+09:00,2026-10-01T00:00:00+09:00,2026-10-08T09:12:32+09:00
2026-10-06,311,monthly_trace,15717145,五月🌙忘却書店🌙,clean_myrtle4703,https://note.com/clean_myrtle4703,True,0,1,17,2026-10-08T09:23:06.963965+09:00,2026-10-01T00:00:00+09:00,2026-10-08T09:12:32+09:00
2026-10-06,312,monthly_trace,11816033,介護筋肉士💪 TETSU｜介護福祉士×ケアマネ｜熱血🔥係長,tetsukaigo,https://note.com/tetsukaigo,True,0,1,1208,2026-10-08T09:23:06.963965+09:00,2026-10-01T00:00:00+09:00,2026-10-08T09:12:32+09:00
2026-10-06,313,monthly_trace,10479931,働くメンタルカウンセラー,merry_pipit1562,https://note.com/merry_pipit1562,True,0,1,3678,2026-10-08T09:23:06.963965+09:00,2026-10-01T00:00:00+09:00,2026-10-08T09:12:32+09:00
2026-10-06,314,monthly_trace,10494093,元No.1ホストと女性主導体験,serene_liger429,https://note.com/serene_liger429,True,0,1,2032,2026-10-08T09:23:06.963965+09:00,2026-10-01T00:00:00+09:00,2026-10-08T09:12:32+09:00
2026-10-06,315,monthly_trace,12607742,凹｜鬱クリエイター,boco_u2,https://note.com/boco_u2,True,0,1,411,2026-10-08T09:23:06.963965+09:00,2026-10-01T00:00:00+09:00,2026-10-08T09:12:32+09:00
2026-10-06,316,monthly_trace,10071829,動きのラフテル@理学療法,proper_swan3597,https://note.com/proper_swan3597,True,0,1,1712,2026-10-08T09:23:06.963965+09:00,2026-10-01T00:00:00+09:00,2026-10-08T09:12:32+09:00
2026-10-06,317,monthly_trace,15439731,北端 秀行 （Gメン喜多端）,kitabatahideyuki,https://note.com/kitabatahideyuki,True,0,1,104,2026-10-08T09:23:06.963965+09:00,2026-10-01T00:00:00+09:00,2026-10-08T09:12:32+09:00
2026-10-06,318,monthly_trace,12516832,和田雄三｜AI×心理ブランディングデザイナー,glad_dill2129,https://note.com/glad_dill2129,True,0,1,1157,2026-10-08T09:23:06.963965+09:00,2026-10-01T00:00:00+09:00,2026-10-08T09:12:32+09:00
2026-10-06,319,monthly_trace,14302008,室崎 敬太 【AIテック企業役員×オーナー経営】,murosakikeita,https://note.com/murosakikeita,True,0,1,3489,2026-10-08T09:23:06.963965+09:00,2026-10-01T00:00:00+09:00,2026-10-08T09:12:32+09:00
2026-10-06,320,monthly_trace,9911040,小島すがも,kojima_sugamo,https://note.com/kojima_sugamo,True,0,1,1081,2026-10-08T09:23:06.963965+09:00,2026-10-01T00:00:00+09:00,2026-10-08T09:12:32+09:00
2026-10-06,321,monthly_trace,14083865,小林＿現役採用担当,coderoute90,https://note.com/coderoute90,True,0,1,941,2026-10-08T09:23:06.963965+09:00,2026-10-01T00:00:00+09:00,2026-10-08T09:12:32+09:00
2026-10-06,322,monthly_trace,12304422,思考のモデラー,thinkinglevel999,https://note.com/thinkinglevel999,True,0,1,135,2026-10-08T09:23:06.963965+09:00,2026-10-01T00:00:00+09:00,2026-10-08T09:12:32+09:00
2026-10-06,323,monthly_trace,12106767,惰眠がしたい赤猫さん,lef_works,https://note.com/lef_works,True,0,1,276,2026-10-08T09:23:06.963965+09:00,2026-10-01T00:00:00+09:00,2026-10-08T09:12:32+09:00
2026-10-06,324,monthly_trace,11807999,戸部アンソン（トベアンソン・とべあんそん）,31ki,https://note.com/31ki,True,0,1,1658,2026-10-08T09:23:06.963965+09:00,2026-10-01T00:00:00+09:00,2026-10-08T09:12:32+09:00
2026-10-06,325,monthly_trace,14531881,採用担当やってます。,saiyotanto,https://note.com/saiyotanto,True,0,1,171,2026-10-08T09:23:06.963965+09:00,2026-10-01T00:00:00+09:00,2026-10-08T09:12:32+09:00
2026-10-06,326,monthly_trace,15624543,文殊 知恵,uiki_monju,https://note.com/uiki_monju,True,0,1,66,2026-10-08T09:23:06.963965+09:00,2026-10-01T00:00:00+09:00,2026-10-08T09:12:32+09:00
2026-10-06,327,monthly_trace,13908776,暮らしのリハ医K,quirky_lotus3945,https://note.com/quirky_lotus3945,True,0,1,37,2026-10-08T09:23:06.963965+09:00,2026-10-01T00:00:00+09:00,2026-10-08T09:12:32+09:00
2026-10-06,328,monthly_trace,12138574,暮らしの整え相談室　ぽんまぁ,ponmaaa,https://note.com/ponmaaa,True,0,1,401,2026-10-08T09:23:06.963965+09:00,2026-10-01T00:00:00+09:00,2026-10-08T09:12:32+09:00
2026-10-06,329,monthly_trace,15729270,木乃 しゃもじ,shamoji_miteru,https://note.com/shamoji_miteru,True,0,1,15,2026-10-08T09:23:06.963965+09:00,2026-10-01T00:00:00+09:00,2026-10-08T09:12:32+09:00
2026-10-06,330,monthly_trace,12300232,株式会社DAICHU_大中智史,daichu_drum,https://note.com/daichu_drum,True,0,1,712,2026-10-08T09:23:06.963965+09:00,2026-10-01T00:00:00+09:00,2026-10-08T09:12:32+09:00
2026-10-06,331,monthly_trace,10695324,桜木愛子,aikosakuragi,https://note.com/aikosakuragi,True,0,1,277,2026-10-08T09:23:06.963965+09:00,2026-10-01T00:00:00+09:00,2026-10-08T09:12:32+09:00
2026-10-06,332,monthly_trace,6326357,棚島 香帆汰（たなしま かほた）,brave_bee548,https://note.com/brave_bee548,True,0,1,749,2026-10-08T09:23:06.963965+09:00,2026-10-01T00:00:00+09:00,2026-10-08T09:12:32+09:00
2026-10-06,333,monthly_trace,9980809,気まぐれ執事｜AIでキャラの日常をつくる,rapid_mint5831,https://note.com/rapid_mint5831,True,0,1,146,2026-10-08T09:23:06.963965+09:00,2026-10-01T00:00:00+09:00,2026-10-08T09:12:32+09:00
2026-10-06,334,monthly_trace,10431177,水晶ゆめ🔮当てない占い師×夢を灯す創作家,yume_suisho,https://note.com/yume_suisho,True,0,1,5580,2026-10-08T09:23:06.963965+09:00,2026-10-01T00:00:00+09:00,2026-10-08T09:12:32+09:00
2026-10-06,335,monthly_trace,13221964,氷河期大家.アパタロウ（1年で資産1億、家賃収入1500万）,chintaigyou,https://note.com/chintaigyou,True,0,1,549,2026-10-08T09:23:06.963965+09:00,2026-10-01T00:00:00+09:00,2026-10-08T09:12:32+09:00
2026-10-06,336,monthly_trace,15288249,永野優作,mute_phlox837,https://note.com/mute_phlox837,True,0,1,920,2026-10-08T09:23:06.963965+09:00,2026-10-01T00:00:00+09:00,2026-10-08T09:12:32+09:00
2026-10-06,337,monthly_trace,5052671,海外３児ママの幸福講義,naruyouni,https://note.com/naruyouni,True,0,1,276,2026-10-08T09:23:06.963965+09:00,2026-10-01T00:00:00+09:00,2026-10-08T09:12:32+09:00
2026-10-06,338,monthly_trace,14926894,渚は今日も遠回り,vivid_stilt8535,https://note.com/vivid_stilt8535,True,0,1,459,2026-10-08T09:23:06.963965+09:00,2026-10-01T00:00:00+09:00,2026-10-08T09:12:32+09:00
2026-10-06,339,monthly_trace,13993194,灯の旅人｜創作と人の心を観測する人,traveler_light,https://note.com/traveler_light,True,0,1,1185,2026-10-08T09:23:06.963965+09:00,2026-10-01T00:00:00+09:00,2026-10-08T09:12:32+09:00
2026-10-06,340,monthly_trace,9619867,灰猫はいねこ,nice_pony9719,https://note.com/nice_pony9719,True,0,1,483,2026-10-08T09:23:06.963965+09:00,2026-10-01T00:00:00+09:00,2026-10-08T09:12:32+09:00
2026-10-06,341,monthly_trace,13965601,独創薬剤師スガ,shiny_lotus4547,https://note.com/shiny_lotus4547,True,0,1,233,2026-10-08T09:23:06.963965+09:00,2026-10-01T00:00:00+09:00,2026-10-08T09:12:32+09:00
2026-10-06,342,monthly_trace,15707736,生きているだけで偉い,firm_condor91,https://note.com/firm_condor91,True,0,1,73,2026-10-08T09:23:06.963965+09:00,2026-10-01T00:00:00+09:00,2026-10-08T09:12:32+09:00
2026-10-06,343,monthly_trace,11845401,生成AI横並び検証室,yokonarabi_lab,https://note.com/yokonarabi_lab,True,0,1,69,2026-10-08T09:23:06.963965+09:00,2026-10-01T00:00:00+09:00,2026-10-08T09:12:32+09:00
2026-10-06,344,monthly_trace,12871462,田中｜紙→AI→自動化,tanaka_hagatatsu,https://note.com/tanaka_hagatatsu,True,0,1,441,2026-10-08T09:23:06.963965+09:00,2026-10-01T00:00:00+09:00,2026-10-08T09:12:32+09:00
2026-10-06,345,monthly_trace,15660887,紫音ぽんこ🟣｜AI・note初心者｜ほぼ相互フォロー,ponko_ai2026,https://note.com/ponko_ai2026,True,0,1,217,2026-10-08T09:23:06.963965+09:00,2026-10-01T00:00:00+09:00,2026-10-08T09:12:32+09:00
2026-10-06,346,monthly_trace,13135350,綿毛,easy_hound4116,https://note.com/easy_hound4116,True,0,1,47,2026-10-08T09:23:06.963965+09:00,2026-10-01T00:00:00+09:00,2026-10-08T09:12:32+09:00
2026-10-06,347,monthly_trace,15729594,羊毛の魔女パレット🐏,novel_woolpallet,https://note.com/novel_woolpallet,True,0,1,25,2026-10-08T09:23:06.963965+09:00,2026-10-01T00:00:00+09:00,2026-10-08T09:12:32+09:00
2026-10-06,348,monthly_trace,3875022,翔太郎,koyayou,https://note.com/koyayou,True,0,1,102,2026-10-08T09:23:06.963965+09:00,2026-10-01T00:00:00+09:00,2026-10-08T09:12:32+09:00
2026-10-06,349,monthly_trace,6537962,花まるエレメンタリーミドルスクール,hanamentary,https://note.com/hanamentary,True,0,1,335,2026-10-08T09:23:06.963965+09:00,2026-10-01T00:00:00+09:00,2026-10-08T09:12:32+09:00
2026-10-06,350,monthly_trace,5947863,菅谷健太郎,light_coyote380,https://note.com/light_coyote380,True,0,1,8240,2026-10-08T09:23:06.963965+09:00,2026-10-01T00:00:00+09:00,2026-10-08T09:12:32+09:00
2026-10-06,351,monthly_trace,13674543,許 亜軍｜AI経営の実践者,joinclass,https://note.com/joinclass,True,0,1,35,2026-10-08T09:23:06.963965+09:00,2026-10-01T00:00:00+09:00,2026-10-08T09:12:32+09:00
2026-10-06,352,monthly_trace,15050083,謙虚な猫さん,korenannda56,https://note.com/korenannda56,True,0,1,1069,2026-10-08T09:23:06.963965+09:00,2026-10-01T00:00:00+09:00,2026-10-08T09:12:32+09:00
2026-10-06,353,monthly_trace,13188249,転がるじゃがいも,zutto_otaku8626,https://note.com/zutto_otaku8626,True,0,1,85,2026-10-08T09:23:06.963965+09:00,2026-10-01T00:00:00+09:00,2026-10-08T09:12:32+09:00
2026-10-06,354,monthly_trace,14927519,鍵＠ノーコードAI,h_nocode_ai_lab,https://note.com/h_nocode_ai_lab,True,0,1,399,2026-10-08T09:23:06.963965+09:00,2026-10-01T00:00:00+09:00,2026-10-08T09:12:32+09:00
2026-10-06,355,monthly_trace,6562253,隆之@モノづくりの現場を考える,taka_sas_1979,https://note.com/taka_sas_1979,True,0,1,437,2026-10-08T09:23:06.963965+09:00,2026-10-01T00:00:00+09:00,2026-10-08T09:12:32+09:00
2026-10-06,356,monthly_trace,15654860,鹿恋,lithe_nun9449,https://note.com/lithe_nun9449,True,0,1,39,2026-10-08T09:23:06.963965+09:00,2026-10-01T00:00:00+09:00,2026-10-08T09:12:32+09:00
2026-10-06,357,monthly_trace,13697762,🐟ニシンナス🍆,nishin_herring,https://note.com/nishin_herring,True,0,1,163,2026-10-08T09:23:06.963965+09:00,2026-10-01T00:00:00+09:00,2026-10-08T09:12:32+09:00
2026-10-07,1,monthly_trace,13158712,コヤギ｜静かに暮らす,koyagishizukani,https://note.com/koyagishizukani,True,4,51,268,2026-10-08T09:23:06.963965+09:00,2026-10-01T00:00:00+09:00,2026-10-08T09:12:32+09:00
2026-10-07,2,monthly_trace,12668465,紅茶🫖｜ことばの庭,usagi_no_mimi_,https://note.com/usagi_no_mimi_,True,0,12,293,2026-10-08T09:23:06.963965+09:00,2026-10-01T00:00:00+09:00,2026-10-08T09:12:32+09:00
2026-10-07,3,monthly_trace,13900618,sophie,scribble_1000,https://note.com/scribble_1000,True,1,11,944,2026-10-08T09:23:06.963965+09:00,2026-10-01T00:00:00+09:00,2026-10-08T09:12:32+09:00
2026-10-07,4,monthly_trace,13140757,雪詠｜ゆきよみ,yukiyomi,https://note.com/yukiyomi,True,1,11,1027,2026-10-08T09:23:06.963965+09:00,2026-10-01T00:00:00+09:00,2026-10-08T09:12:32+09:00
2026-10-07,5,monthly_trace,6426263,はるかな,ai_crayon_04,https://note.com/ai_crayon_04,True,1,10,165,2026-10-08T09:23:06.963965+09:00,2026-10-01T00:00:00+09:00,2026-10-08T09:12:32+09:00
2026-10-07,6,monthly_trace,14239507,ミュリン♪(*´ω`*)✨,star246,https://note.com/star246,True,1,10,1230,2026-10-08T09:23:06.963965+09:00,2026-10-01T00:00:00+09:00,2026-10-08T09:12:32+09:00
2026-10-07,7,monthly_trace,9474730,uchutune,uchutune3131,https://note.com/uchutune3131,True,2,9,242,2026-10-08T09:23:06.963965+09:00,2026-10-01T00:00:00+09:00,2026-10-08T09:12:32+09:00
2026-10-07,8,monthly_trace,13305460,とりかじ｜研究職パパの家庭DX研究室,like_cosmos1242,https://note.com/like_cosmos1242,True,1,9,159,2026-10-08T09:23:06.963965+09:00,2026-10-01T00:00:00+09:00,2026-10-08T09:12:32+09:00
2026-10-07,9,monthly_trace,14414366,碧乃さくら,unique_turkey951,https://note.com/unique_turkey951,True,2,8,959,2026-10-08T09:23:06.963965+09:00,2026-10-01T00:00:00+09:00,2026-10-08T09:12:32+09:00
2026-10-07,10,monthly_trace,11807623,Anna,modern_lion2880,https://note.com/modern_lion2880,True,1,8,1044,2026-10-08T09:23:06.963965+09:00,2026-10-01T00:00:00+09:00,2026-10-08T09:12:32+09:00
2026-10-07,11,monthly_trace,564742,ta_kawano,takawano,https://note.com/takawano,True,1,8,140,2026-10-08T09:23:06.963965+09:00,2026-10-01T00:00:00+09:00,2026-10-08T09:12:32+09:00
2026-10-07,12,monthly_trace,10511593,しれネコ🐾｜迷子の気持ち、 ちょっと軽く,large_hosta3387,https://note.com/large_hosta3387,True,1,8,1126,2026-10-08T09:23:06.963965+09:00,2026-10-01T00:00:00+09:00,2026-10-08T09:12:32+09:00
2026-10-07,13,monthly_trace,2490558,だんだんありがと@めじゅ,dandan_arigato19,https://note.com/dandan_arigato19,True,1,8,781,2026-10-08T09:23:06.963965+09:00,2026-10-01T00:00:00+09:00,2026-10-08T09:12:32+09:00
2026-10-07,14,monthly_trace,10460304,ちんぱん🐒耳毛〰(˙👄˙)〰,ojisan_chinpan,https://note.com/ojisan_chinpan,True,1,8,1574,2026-10-08T09:23:06.963965+09:00,2026-10-01T00:00:00+09:00,2026-10-08T09:12:32+09:00
2026-10-07,15,monthly_trace,3598618,はしゃも｜感情構造エンジニア,hasyamo,https://note.com/hasyamo,True,1,8,736,2026-10-08T09:23:06.963965+09:00,2026-10-01T00:00:00+09:00,2026-10-08T09:12:32+09:00
2026-10-07,16,monthly_trace,13642246,やっさん（yasuda）,large_iguana6415,https://note.com/large_iguana6415,True,1,8,1684,2026-10-08T09:23:06.963965+09:00,2026-10-01T00:00:00+09:00,2026-10-08T09:12:32+09:00
2026-10-07,17,monthly_trace,13870436,ママ薬剤師HONO,hospital_ph_hono,https://note.com/hospital_ph_hono,True,1,8,1071,2026-10-08T09:23:06.963965+09:00,2026-10-01T00:00:00+09:00,2026-10-08T09:12:32+09:00
2026-10-07,18,monthly_trace,11870206,椿みきこ🌸季節の花ごよみ,hirata_mikiko60,https://note.com/hirata_mikiko60,True,1,8,1007,2026-10-08T09:23:06.963965+09:00,2026-10-01T00:00:00+09:00,2026-10-08T09:12:32+09:00
2026-10-07,19,monthly_trace,12197172,緑どんぐり,green_donguri,https://note.com/green_donguri,True,1,8,2035,2026-10-08T09:23:06.963965+09:00,2026-10-01T00:00:00+09:00,2026-10-08T09:12:32+09:00
2026-10-07,20,monthly_trace,12158291,考える赤柴｜ハロウィンアート2026応援中,eager_thyme9842,https://note.com/eager_thyme9842,True,1,8,699,2026-10-08T09:23:06.963965+09:00,2026-10-01T00:00:00+09:00,2026-10-08T09:12:32+09:00
2026-10-07,21,monthly_trace,14363101,ゆ,yuuwa1046,https://note.com/yuuwa1046,True,0,8,210,2026-10-08T09:23:06.963965+09:00,2026-10-01T00:00:00+09:00,2026-10-08T09:12:32+09:00
2026-10-07,22,monthly_trace,253443,雪月 音弥,otoya_step,https://note.com/otoya_step,True,5,7,80,2026-10-08T09:23:06.963965+09:00,2026-10-01T00:00:00+09:00,2026-10-08T09:12:32+09:00
2026-10-07,23,monthly_trace,12983172,masaya｜テンカラフル,10colorful,https://note.com/10colorful,True,1,7,2289,2026-10-08T09:23:06.963965+09:00,2026-10-01T00:00:00+09:00,2026-10-08T09:12:32+09:00
2026-10-07,24,monthly_trace,13892517,みき＠社労士事務所のしがないパンダ,modern_dill3027,https://note.com/modern_dill3027,True,1,7,277,2026-10-08T09:23:06.963965+09:00,2026-10-01T00:00:00+09:00,2026-10-08T09:12:32+09:00
2026-10-07,25,monthly_trace,10827166,コンパス みき✨️好きのタネ🌱‬‪を育てる案内人,compass_m360,https://note.com/compass_m360,True,1,7,2047,2026-10-08T09:23:06.963965+09:00,2026-10-01T00:00:00+09:00,2026-10-08T09:12:32+09:00
2026-10-07,26,monthly_trace,7830971,ハカセ アイ (Ai-Hakase)🐱YouTube × 記事でトレンドAIを解説する為のnote🐾,ai_hakase,https://note.com/ai_hakase,True,1,7,7813,2026-10-08T09:23:06.963965+09:00,2026-10-01T00:00:00+09:00,2026-10-08T09:12:32+09:00
2026-10-07,27,monthly_trace,346575,桜星雨夜,squallxxx,https://note.com/squallxxx,True,1,7,89,2026-10-08T09:23:06.963965+09:00,2026-10-01T00:00:00+09:00,2026-10-08T09:12:32+09:00
2026-10-07,28,monthly_trace,14494109,藤｜AIと仕事も遊びも本気,nanamay11023,https://note.com/nanamay11023,True,1,7,308,2026-10-08T09:23:06.963965+09:00,2026-10-01T00:00:00+09:00,2026-10-08T09:12:32+09:00
2026-10-07,29,monthly_trace,13133778,【無名 S note】18日でフォロワー1000名🚨連続収益中！48マガ・13共マガ運営 参加72🙆,ss_yr,https://note.com/ss_yr,True,0,7,2157,2026-10-08T09:23:06.963965+09:00,2026-10-01T00:00:00+09:00,2026-10-08T09:12:32+09:00
2026-10-07,30,monthly_trace,13430194,あきまむ｜AIとnoteを楽しむ,fond_shark9221,https://note.com/fond_shark9221,True,0,7,344,2026-10-08T09:23:06.963965+09:00,2026-10-01T00:00:00+09:00,2026-10-08T09:12:32+09:00
2026-10-07,31,monthly_trace,6312735,ピナクル,modern_holly38,https://note.com/modern_holly38,True,0,7,468,2026-10-08T09:23:06.963965+09:00,2026-10-01T00:00:00+09:00,2026-10-08T09:12:32+09:00
2026-10-07,32,monthly_trace,14820938,Labo.,futurelnve5r,https://note.com/futurelnve5r,True,2,6,1811,2026-10-08T09:23:06.963965+09:00,2026-10-01T00:00:00+09:00,2026-10-08T09:12:32+09:00
2026-10-07,33,monthly_trace,7547534,メイシン,mei_shin,https://note.com/mei_shin,True,2,6,4284,2026-10-08T09:23:06.963965+09:00,2026-10-01T00:00:00+09:00,2026-10-08T09:12:32+09:00
2026-10-07,34,monthly_trace,15611455,DABOちゃん｜ゴルフ×AI×SNS継続の記録,dabochan_gogo,https://note.com/dabochan_gogo,True,1,6,329,2026-10-08T09:23:06.963965+09:00,2026-10-01T00:00:00+09:00,2026-10-08T09:12:32+09:00
2026-10-07,35,monthly_trace,13777980,しげちーSS,shjgechy,https://note.com/shjgechy,True,1,6,733,2026-10-08T09:23:06.963965+09:00,2026-10-01T00:00:00+09:00,2026-10-08T09:12:32+09:00
2026-10-07,36,monthly_trace,10332488,ななな｜もやもや減らし屋,alive_prawn4206,https://note.com/alive_prawn4206,True,1,6,454,2026-10-08T09:23:06.963965+09:00,2026-10-01T00:00:00+09:00,2026-10-08T09:12:32+09:00
2026-10-07,37,monthly_trace,10501834,みふゆ＆成瀬圭｜AIパートナーとnote実験中｜フォロバ100,kei_mifu,https://note.com/kei_mifu,True,1,6,1267,2026-10-08T09:23:06.963965+09:00,2026-10-01T00:00:00+09:00,2026-10-08T09:12:32+09:00
2026-10-07,38,monthly_trace,12358153,ハル｜Tokyo Visual Moments,dreamy_quail9288,https://note.com/dreamy_quail9288,True,1,6,544,2026-10-08T09:23:06.963965+09:00,2026-10-01T00:00:00+09:00,2026-10-08T09:12:32+09:00
2026-10-07,39,monthly_trace,13628385,ヘクたろー|緑内障でも「面白い」を残したい男,hekutaro_0520,https://note.com/hekutaro_0520,True,1,6,728,2026-10-08T09:23:06.963965+09:00,2026-10-01T00:00:00+09:00,2026-10-08T09:12:32+09:00
2026-10-07,40,monthly_trace,14080392,長坂　珠子　│ケアマネ×後見人×投資家,nagasaka_tamako,https://note.com/nagasaka_tamako,True,1,6,324,2026-10-08T09:23:06.963965+09:00,2026-10-01T00:00:00+09:00,2026-10-08T09:12:32+09:00
2026-10-07,41,monthly_trace,14642195,vagabond1497,loyal_fox8450,https://note.com/loyal_fox8450,True,0,6,75,2026-10-08T09:23:06.963965+09:00,2026-10-01T00:00:00+09:00,2026-10-08T09:12:32+09:00
2026-10-07,42,monthly_trace,15007270,しま | 日常にそっと英語を,shima_shima03,https://note.com/shima_shima03,True,0,6,84,2026-10-08T09:23:06.963965+09:00,2026-10-01T00:00:00+09:00,2026-10-08T09:12:32+09:00
2026-10-07,43,monthly_trace,13231653,エビちり,open_eel2077,https://note.com/open_eel2077,True,0,6,410,2026-10-08T09:23:06.963965+09:00,2026-10-01T00:00:00+09:00,2026-10-08T09:12:32+09:00
2026-10-07,44,monthly_trace,11634537,ナオユキ｜物語と知識のコンシェルジュ,ai_naoyuki,https://note.com/ai_naoyuki,True,0,6,3696,2026-10-08T09:23:06.963965+09:00,2026-10-01T00:00:00+09:00,2026-10-08T09:12:32+09:00
2026-10-07,45,monthly_trace,13094187,ミナト汐　＠光と構図のアトリエ,n_kazumai55633,https://note.com/n_kazumai55633,True,0,6,1112,2026-10-08T09:23:06.963965+09:00,2026-10-01T00:00:00+09:00,2026-10-08T09:12:32+09:00
2026-10-07,46,monthly_trace,13259374,Joe Tsukasa,joe2x100,https://note.com/joe2x100,True,2,5,1099,2026-10-08T09:23:06.963965+09:00,2026-10-01T00:00:00+09:00,2026-10-08T09:12:32+09:00
2026-10-07,47,monthly_trace,1218500,さくら,sakura_wellness,https://note.com/sakura_wellness,True,2,5,1689,2026-10-08T09:23:06.963965+09:00,2026-10-01T00:00:00+09:00,2026-10-08T09:12:32+09:00
2026-10-07,48,monthly_trace,12149394,あめ｜AIと言葉の日々,ame_to_ai,https://note.com/ame_to_ai,True,1,5,727,2026-10-08T09:23:06.963965+09:00,2026-10-01T00:00:00+09:00,2026-10-08T09:12:32+09:00
2026-10-07,49,monthly_trace,13878107,うんちゃん｜開運実験,unchan_happy,https://note.com/unchan_happy,True,1,5,848,2026-10-08T09:23:06.963965+09:00,2026-10-01T00:00:00+09:00,2026-10-08T09:12:32+09:00
2026-10-07,50,monthly_trace,1580107,ぐれんの　おにぎり@ あなたを人生の主人公にする心理家,selcject,https://note.com/selcject,True,1,5,3430,2026-10-08T09:23:06.963965+09:00,2026-10-01T00:00:00+09:00,2026-10-08T09:12:32+09:00
2026-10-07,51,monthly_trace,12775322,カワムラ｜AI擬人化漫画 | ChatGPTのヨシダ,chatgpt_ysd,https://note.com/chatgpt_ysd,True,1,5,2435,2026-10-08T09:23:06.963965+09:00,2026-10-01T00:00:00+09:00,2026-10-08T09:12:32+09:00
2026-10-07,52,monthly_trace,13806959,ミライダネ,suzuka020825,https://note.com/suzuka020825,True,1,5,994,2026-10-08T09:23:06.963965+09:00,2026-10-01T00:00:00+09:00,2026-10-08T09:12:32+09:00
2026-10-07,53,monthly_trace,13991022,麻乃颯月|卒婚を決めたアラ還主婦,satuki_asano501,https://note.com/satuki_asano501,True,1,5,523,2026-10-08T09:23:06.963965+09:00,2026-10-01T00:00:00+09:00,2026-10-08T09:12:32+09:00
2026-10-07,54,monthly_trace,12025079,けー虎 | AIマンガであなたのココロゆるませます！,solo_diary,https://note.com/solo_diary,True,0,5,681,2026-10-08T09:23:06.963965+09:00,2026-10-01T00:00:00+09:00,2026-10-08T09:12:32+09:00
2026-10-07,55,monthly_trace,12301144,ゆぴか｜働きづらさから在宅ワークを模索中☀︎,tasty_quoll5392,https://note.com/tasty_quoll5392,True,0,5,799,2026-10-08T09:23:06.963965+09:00,2026-10-01T00:00:00+09:00,2026-10-08T09:12:32+09:00
2026-10-07,56,monthly_trace,15680481,サンタクラシ🍄,love_chance,https://note.com/love_chance,True,0,5,59,2026-10-08T09:23:06.963965+09:00,2026-10-01T00:00:00+09:00,2026-10-08T09:12:32+09:00
2026-10-07,57,monthly_trace,11583083,夏目羊,hitsuji_natsume,https://note.com/hitsuji_natsume,True,0,5,2157,2026-10-08T09:23:06.963965+09:00,2026-10-01T00:00:00+09:00,2026-10-08T09:12:32+09:00
2026-10-07,58,monthly_trace,15394915,柴犬ゆる暮らし｜柴ゆる,calm_sedum3458,https://note.com/calm_sedum3458,True,0,5,140,2026-10-08T09:23:06.963965+09:00,2026-10-01T00:00:00+09:00,2026-10-08T09:12:32+09:00
2026-10-07,59,monthly_trace,4877017,須川元介/情報翻訳家,skagenavi,https://note.com/skagenavi,True,0,5,2729,2026-10-08T09:23:06.963965+09:00,2026-10-01T00:00:00+09:00,2026-10-08T09:12:32+09:00
2026-10-07,60,monthly_trace,2440740,遊流亭（ゆるてい）よたろう,4i1d0m6k,https://note.com/4i1d0m6k,True,3,4,248,2026-10-08T09:23:06.963965+09:00,2026-10-01T00:00:00+09:00,2026-10-08T09:12:32+09:00
2026-10-07,61,monthly_trace,14884158,kazuma,kazuma3924,https://note.com/kazuma3924,True,1,4,234,2026-10-08T09:23:06.963965+09:00,2026-10-01T00:00:00+09:00,2026-10-08T09:12:32+09:00
2026-10-07,62,monthly_trace,12235137,ねんころ@AIクリエイター,nenkoro_life,https://note.com/nenkoro_life,True,1,4,2021,2026-10-08T09:23:06.963965+09:00,2026-10-01T00:00:00+09:00,2026-10-08T09:12:32+09:00
2026-10-07,63,monthly_trace,11877070,アルフレッド(ALFRED),game_system_alex,https://note.com/game_system_alex,True,1,4,4175,2026-10-08T09:23:06.963965+09:00,2026-10-01T00:00:00+09:00,2026-10-08T09:12:32+09:00
2026-10-07,64,monthly_trace,15261516,ザリ夫,zario,https://note.com/zario,True,1,4,779,2026-10-08T09:23:06.963965+09:00,2026-10-01T00:00:00+09:00,2026-10-08T09:12:32+09:00
2026-10-07,65,monthly_trace,14567125,メモ魔┃AI×4コマ漫画,memoma_ai,https://note.com/memoma_ai,True,1,4,150,2026-10-08T09:23:06.963965+09:00,2026-10-01T00:00:00+09:00,2026-10-08T09:12:32+09:00
2026-10-07,66,monthly_trace,13125356,EARTH🌎,fast_thyme336,https://note.com/fast_thyme336,True,0,4,751,2026-10-08T09:23:06.963965+09:00,2026-10-01T00:00:00+09:00,2026-10-08T09:12:32+09:00
2026-10-07,67,monthly_trace,12966384,FANTASY-AI JP,mute_hyena5293,https://note.com/mute_hyena5293,True,0,4,237,2026-10-08T09:23:06.963965+09:00,2026-10-01T00:00:00+09:00,2026-10-08T09:12:32+09:00
2026-10-07,68,monthly_trace,11178899,KEN 田舎で介護,fit_lion6308,https://note.com/fit_lion6308,True,0,4,614,2026-10-08T09:23:06.963965+09:00,2026-10-01T00:00:00+09:00,2026-10-08T09:12:32+09:00
2026-10-07,69,monthly_trace,12521570,しろのある,shirono_aru,https://note.com/shirono_aru,True,0,4,4240,2026-10-08T09:23:06.963965+09:00,2026-10-01T00:00:00+09:00,2026-10-08T09:12:32+09:00
2026-10-07,70,monthly_trace,11968206,もり｜40代の“仕事を軽くする”リスキリング,mori_reskilling,https://note.com/mori_reskilling,True,0,4,520,2026-10-08T09:23:06.963965+09:00,2026-10-01T00:00:00+09:00,2026-10-08T09:12:32+09:00
2026-10-07,71,monthly_trace,15329238,ラナ🌺,kocori256,https://note.com/kocori256,True,0,4,122,2026-10-08T09:23:06.963965+09:00,2026-10-01T00:00:00+09:00,2026-10-08T09:12:32+09:00
2026-10-07,72,monthly_trace,11058763,濱口貴光@AIとデータサイエンスが好きな薬剤師,pharma_i_cist,https://note.com/pharma_i_cist,True,0,4,1170,2026-10-08T09:23:06.963965+09:00,2026-10-01T00:00:00+09:00,2026-10-08T09:12:32+09:00
2026-10-07,73,monthly_trace,5707184,ねこママ｜陽紡 Hitsumugi,nekodamari,https://note.com/nekodamari,True,3,3,594,2026-10-08T09:23:06.963965+09:00,2026-10-01T00:00:00+09:00,2026-10-08T09:12:32+09:00
2026-10-07,74,monthly_trace,14564211,海藻うさぎ猫,fine_worm5368,https://note.com/fine_worm5368,True,3,3,1008,2026-10-08T09:23:06.963965+09:00,2026-10-01T00:00:00+09:00,2026-10-08T09:12:32+09:00
2026-10-07,75,monthly_trace,10803734,yaema,syousonankei2523,https://note.com/syousonankei2523,True,1,3,121,2026-10-08T09:23:06.963965+09:00,2026-10-01T00:00:00+09:00,2026-10-08T09:12:32+09:00
2026-10-07,76,monthly_trace,13215594,じゅに。,ushidoshi_life,https://note.com/ushidoshi_life,True,1,3,912,2026-10-08T09:23:06.963965+09:00,2026-10-01T00:00:00+09:00,2026-10-08T09:12:32+09:00
2026-10-07,77,monthly_trace,14689807,カタうさ,katasumi_bs,https://note.com/katasumi_bs,True,1,3,335,2026-10-08T09:23:06.963965+09:00,2026-10-01T00:00:00+09:00,2026-10-08T09:12:32+09:00
2026-10-07,78,monthly_trace,14804559,日常｜星と夜と小さな物語,like_shrew7210,https://note.com/like_shrew7210,True,1,3,531,2026-10-08T09:23:06.963965+09:00,2026-10-01T00:00:00+09:00,2026-10-08T09:12:32+09:00
2026-10-07,79,monthly_trace,14243034,Admin・K ＆ Ash,drastic_world,https://note.com/drastic_world,True,0,3,36,2026-10-08T09:23:06.963965+09:00,2026-10-01T00:00:00+09:00,2026-10-08T09:12:32+09:00
2026-10-07,80,monthly_trace,10326174,Chill｜人生後半、進化中,chill_2525,https://note.com/chill_2525,True,0,3,2317,2026-10-08T09:23:06.963965+09:00,2026-10-01T00:00:00+09:00,2026-10-08T09:12:32+09:00
2026-10-07,81,monthly_trace,14262349,Moca | note 勉強中,moca_piano,https://note.com/moca_piano,True,0,3,2,2026-10-08T09:23:06.963965+09:00,2026-10-01T00:00:00+09:00,2026-10-08T09:12:32+09:00
2026-10-07,82,monthly_trace,12624691,noteと遊ぶ あん,aging_gracefully,https://note.com/aging_gracefully,True,0,3,1615,2026-10-08T09:23:06.963965+09:00,2026-10-01T00:00:00+09:00,2026-10-08T09:12:32+09:00
2026-10-07,83,monthly_trace,15290558,pito,hirocho_1125,https://note.com/hirocho_1125,True,0,3,97,2026-10-08T09:23:06.963965+09:00,2026-10-01T00:00:00+09:00,2026-10-08T09:12:32+09:00
2026-10-07,84,monthly_trace,13473442,sumica,corvus_754,https://note.com/corvus_754,True,0,3,142,2026-10-08T09:23:06.963965+09:00,2026-10-01T00:00:00+09:00,2026-10-08T09:12:32+09:00
2026-10-07,85,monthly_trace,13621165,ごんた,glad_hosta9940,https://note.com/glad_hosta9940,True,0,3,118,2026-10-08T09:23:06.963965+09:00,2026-10-01T00:00:00+09:00,2026-10-08T09:12:32+09:00
2026-10-07,86,monthly_trace,15691006,しゅうぽん,magic_raven4423,https://note.com/magic_raven4423,True,0,3,17,2026-10-08T09:23:06.963965+09:00,2026-10-01T00:00:00+09:00,2026-10-08T09:12:32+09:00
2026-10-07,87,monthly_trace,14824580,たける　【日本正義・いのち党】,sane_coot4394,https://note.com/sane_coot4394,True,0,3,353,2026-10-08T09:23:06.963965+09:00,2026-10-01T00:00:00+09:00,2026-10-08T09:12:32+09:00
2026-10-07,88,monthly_trace,12789134,とり,tori2323,https://note.com/tori2323,True,0,3,3755,2026-10-08T09:23:06.963965+09:00,2026-10-01T00:00:00+09:00,2026-10-08T09:12:32+09:00
2026-10-07,89,monthly_trace,14903985,まっちゃ💚AI活用とnote副業ラボ,matcha_aispirit,https://note.com/matcha_aispirit,True,0,3,812,2026-10-08T09:23:06.963965+09:00,2026-10-01T00:00:00+09:00,2026-10-08T09:12:32+09:00
2026-10-07,90,monthly_trace,14463811,みゆこ｜菜園ティスト🌱　「やってみた」を楽しもう,miyuki1192,https://note.com/miyuki1192,True,0,3,1083,2026-10-08T09:23:06.963965+09:00,2026-10-01T00:00:00+09:00,2026-10-08T09:12:32+09:00
2026-10-07,91,monthly_trace,15573007,コタロウ｜40代、SNS×AIに全振り,kotarozero,https://note.com/kotarozero,True,0,3,242,2026-10-08T09:23:06.963965+09:00,2026-10-01T00:00:00+09:00,2026-10-08T09:12:32+09:00
2026-10-07,92,monthly_trace,12906286,ミノリ・グルーヴ@Minoriからの転生,open_tulip9172,https://note.com/open_tulip9172,True,0,3,179,2026-10-08T09:23:06.963965+09:00,2026-10-01T00:00:00+09:00,2026-10-08T09:12:32+09:00
2026-10-07,93,monthly_trace,5738970,営業fafa | note業界No.1営業マン,kohana1112,https://note.com/kohana1112,True,0,3,1868,2026-10-08T09:23:06.963965+09:00,2026-10-01T00:00:00+09:00,2026-10-08T09:12:32+09:00
2026-10-07,94,monthly_trace,15069362,安達【筋肉メタル親方】｜Creator’s Notebook,nice_crab5854,https://note.com/nice_crab5854,True,0,3,999,2026-10-08T09:23:06.963965+09:00,2026-10-01T00:00:00+09:00,2026-10-08T09:12:32+09:00
2026-10-07,95,monthly_trace,13502174,架空彼氏製作所｜AIイラスト,kakuu_kareshi,https://note.com/kakuu_kareshi,True,0,3,391,2026-10-08T09:23:06.963965+09:00,2026-10-01T00:00:00+09:00,2026-10-08T09:12:32+09:00
2026-10-07,96,monthly_trace,14701958,瑠兎(うゆ/liú tù),ythf,https://note.com/ythf,True,0,3,7,2026-10-08T09:23:06.963965+09:00,2026-10-01T00:00:00+09:00,2026-10-08T09:12:32+09:00
2026-10-07,97,monthly_trace,13043888,空手家パパ,gentle_curlew322,https://note.com/gentle_curlew322,True,0,3,1172,2026-10-08T09:23:06.963965+09:00,2026-10-01T00:00:00+09:00,2026-10-08T09:12:32+09:00
2026-10-07,98,monthly_trace,12235051,青井透子｜日常の過剰解釈屋,crisp_chimp0823,https://note.com/crisp_chimp0823,True,0,3,481,2026-10-08T09:23:06.963965+09:00,2026-10-01T00:00:00+09:00,2026-10-08T09:12:32+09:00
2026-10-07,99,monthly_trace,12325807,FCS,fcs_factory,https://note.com/fcs_factory,True,2,2,42,2026-10-08T09:23:06.963965+09:00,2026-10-01T00:00:00+09:00,2026-10-08T09:12:32+09:00
2026-10-07,100,monthly_trace,15225804,くらうど | noteだけで伸ばす人(仮),kuraudo_9999,https://note.com/kuraudo_9999,True,2,2,2422,2026-10-08T09:23:06.963965+09:00,2026-10-01T00:00:00+09:00,2026-10-08T09:12:32+09:00
2026-10-07,101,monthly_trace,15447073,せどりのなおき,naoki_sedori80,https://note.com/naoki_sedori80,True,2,2,3,2026-10-08T09:23:06.963965+09:00,2026-10-01T00:00:00+09:00,2026-10-08T09:12:32+09:00
2026-10-07,102,monthly_trace,12447284,ふな,funa04,https://note.com/funa04,True,2,2,448,2026-10-08T09:23:06.963965+09:00,2026-10-01T00:00:00+09:00,2026-10-08T09:12:32+09:00
2026-10-07,103,monthly_trace,2351324,MANO@ライフハック/暮らしを豊かに,sskhras,https://note.com/sskhras,True,1,2,1244,2026-10-08T09:23:06.963965+09:00,2026-10-01T00:00:00+09:00,2026-10-08T09:12:32+09:00
2026-10-07,104,monthly_trace,13163455,こたや｜KOTAYA,kotaya_log,https://note.com/kotaya_log,True,1,2,3658,2026-10-08T09:23:06.963965+09:00,2026-10-01T00:00:00+09:00,2026-10-08T09:12:32+09:00
2026-10-07,105,monthly_trace,12498736,ことのは👁‍🗨知識収集家,kotonoha_bridge,https://note.com/kotonoha_bridge,True,1,2,1231,2026-10-08T09:23:06.963965+09:00,2026-10-01T00:00:00+09:00,2026-10-08T09:12:32+09:00
2026-10-07,106,monthly_trace,15185770,しおり,shiori0807,https://note.com/shiori0807,True,1,2,123,2026-10-08T09:23:06.963965+09:00,2026-10-01T00:00:00+09:00,2026-10-08T09:12:32+09:00
2026-10-07,107,monthly_trace,15476285,せどりのともみ,tomomi_91log,https://note.com/tomomi_91log,True,1,2,2,2026-10-08T09:23:06.963965+09:00,2026-10-01T00:00:00+09:00,2026-10-08T09:12:32+09:00
2026-10-07,108,monthly_trace,13911087,ちっぷのこころ🎡,lovely_stork7575,https://note.com/lovely_stork7575,True,1,2,529,2026-10-08T09:23:06.963965+09:00,2026-10-01T00:00:00+09:00,2026-10-08T09:12:32+09:00
2026-10-07,109,monthly_trace,14226817,はるまき大臣｜薬剤師,harumakidaizin,https://note.com/harumakidaizin,True,1,2,281,2026-10-08T09:23:06.963965+09:00,2026-10-01T00:00:00+09:00,2026-10-08T09:12:32+09:00
2026-10-07,110,monthly_trace,12148536,まき@こどもと日々成長中,asobo_kids,https://note.com/asobo_kids,True,1,2,1409,2026-10-08T09:23:06.963965+09:00,2026-10-01T00:00:00+09:00,2026-10-08T09:12:32+09:00
2026-10-07,111,monthly_trace,13743229,カフェLounge雅,hearty_mint9651,https://note.com/hearty_mint9651,True,1,2,317,2026-10-08T09:23:06.963965+09:00,2026-10-01T00:00:00+09:00,2026-10-08T09:12:32+09:00
2026-10-07,112,monthly_trace,12232616,デジさしみ | IT現場の効率家,digital_sashimi,https://note.com/digital_sashimi,True,1,2,1167,2026-10-08T09:23:06.963965+09:00,2026-10-01T00:00:00+09:00,2026-10-08T09:12:32+09:00
2026-10-07,113,monthly_trace,15660019,メモ魔┃AIだけで1円稼げるか,memoma_ichien,https://note.com/memoma_ichien,True,1,2,3,2026-10-08T09:23:06.963965+09:00,2026-10-01T00:00:00+09:00,2026-10-08T09:12:32+09:00
2026-10-07,114,monthly_trace,10071829,動きのラフテル@理学療法,proper_swan3597,https://note.com/proper_swan3597,True,1,2,1712,2026-10-08T09:23:06.963965+09:00,2026-10-01T00:00:00+09:00,2026-10-08T09:12:32+09:00
2026-10-07,115,monthly_trace,11742994,名前もと　,fresh_loris1944,https://note.com/fresh_loris1944,True,1,2,3585,2026-10-08T09:23:06.963965+09:00,2026-10-01T00:00:00+09:00,2026-10-08T09:12:32+09:00
2026-10-07,116,monthly_trace,11395794,零ぴちゅ。,reipichu,https://note.com/reipichu,True,1,2,5937,2026-10-08T09:23:06.963965+09:00,2026-10-01T00:00:00+09:00,2026-10-08T09:12:32+09:00
2026-10-07,117,monthly_trace,13210403,風船がむ助,gamusuke,https://note.com/gamusuke,True,1,2,322,2026-10-08T09:23:06.963965+09:00,2026-10-01T00:00:00+09:00,2026-10-08T09:12:32+09:00
2026-10-07,118,monthly_trace,11703348,AIさとう｜AI動画で収益化を目指す,ai_sato_,https://note.com/ai_sato_,True,0,2,89,2026-10-08T09:23:06.963965+09:00,2026-10-01T00:00:00+09:00,2026-10-08T09:12:32+09:00
2026-10-07,119,monthly_trace,14025235,Aily｜AI美女で月10万を自動化,ailyxtokyo,https://note.com/ailyxtokyo,True,0,2,167,2026-10-08T09:23:06.963965+09:00,2026-10-01T00:00:00+09:00,2026-10-08T09:12:32+09:00
2026-10-07,120,monthly_trace,12076418,FumiUmi,lunch_box235,https://note.com/lunch_box235,True,0,2,1109,2026-10-08T09:23:06.963965+09:00,2026-10-01T00:00:00+09:00,2026-10-08T09:12:32+09:00
2026-10-07,121,monthly_trace,12177484,GLOCAL RESEARCH,glocalresearch,https://note.com/glocalresearch,True,0,2,34,2026-10-08T09:23:06.963965+09:00,2026-10-01T00:00:00+09:00,2026-10-08T09:12:32+09:00
2026-10-07,122,monthly_trace,12553034,HIROMI@,grand_fowl1887,https://note.com/grand_fowl1887,True,0,2,2534,2026-10-08T09:23:06.963965+09:00,2026-10-01T00:00:00+09:00,2026-10-08T09:12:32+09:00
2026-10-07,123,monthly_trace,15214463,Hanchan,hot_elk6916,https://note.com/hot_elk6916,True,0,2,85,2026-10-08T09:23:06.963965+09:00,2026-10-01T00:00:00+09:00,2026-10-08T09:12:32+09:00
2026-10-07,124,monthly_trace,13902670,Intentus｜会社員、AIと世界の観察ログ,intentus_26,https://note.com/intentus_26,True,0,2,415,2026-10-08T09:23:06.963965+09:00,2026-10-01T00:00:00+09:00,2026-10-08T09:12:32+09:00
2026-10-07,125,monthly_trace,15202016,Jota,jotavane,https://note.com/jotavane,True,0,2,402,2026-10-08T09:23:06.963965+09:00,2026-10-01T00:00:00+09:00,2026-10-08T09:12:32+09:00
2026-10-07,126,monthly_trace,11859415,NENE｜noteフリーランス,nene_note_room,https://note.com/nene_note_room,True,0,2,642,2026-10-08T09:23:06.963965+09:00,2026-10-01T00:00:00+09:00,2026-10-08T09:12:32+09:00
2026-10-07,127,monthly_trace,10938606,Obi,0bi,https://note.com/0bi,True,0,2,405,2026-10-08T09:23:06.963965+09:00,2026-10-01T00:00:00+09:00,2026-10-08T09:12:32+09:00
2026-10-07,128,monthly_trace,15690617,clair de lune♪リュミエール♪,cafe2463,https://note.com/cafe2463,True,0,2,28,2026-10-08T09:23:06.963965+09:00,2026-10-01T00:00:00+09:00,2026-10-08T09:12:32+09:00
2026-10-07,129,monthly_trace,10353496,furikakemen,furikakemen,https://note.com/furikakemen,True,0,2,324,2026-10-08T09:23:06.963965+09:00,2026-10-01T00:00:00+09:00,2026-10-08T09:12:32+09:00
2026-10-07,130,monthly_trace,14520065,happy-sheep,holy_sheep3944,https://note.com/holy_sheep3944,True,0,2,538,2026-10-08T09:23:06.963965+09:00,2026-10-01T00:00:00+09:00,2026-10-08T09:12:32+09:00
2026-10-07,131,monthly_trace,12589788,ういろう,tsubakinu,https://note.com/tsubakinu,True,0,2,791,2026-10-08T09:23:06.963965+09:00,2026-10-01T00:00:00+09:00,2026-10-08T09:12:32+09:00
2026-10-07,132,monthly_trace,13718195,きいるか,yellowdolphin,https://note.com/yellowdolphin,True,0,2,43,2026-10-08T09:23:06.963965+09:00,2026-10-01T00:00:00+09:00,2026-10-08T09:12:32+09:00
2026-10-07,133,monthly_trace,4229873,こうすけ　【楽しく生きるために必要なこと】 フォロバ100,kokokosukekeke,https://note.com/kokokosukekeke,True,0,2,4082,2026-10-08T09:23:06.963965+09:00,2026-10-01T00:00:00+09:00,2026-10-08T09:12:32+09:00
2026-10-07,134,monthly_trace,13047702,ごりごりのおちびさん＠教養としての営業,ggs_little_one,https://note.com/ggs_little_one,True,0,2,1650,2026-10-08T09:23:06.963965+09:00,2026-10-01T00:00:00+09:00,2026-10-08T09:12:32+09:00
2026-10-07,135,monthly_trace,11879120,しおね,mafuyu_manimani,https://note.com/mafuyu_manimani,True,0,2,107,2026-10-08T09:23:06.963965+09:00,2026-10-01T00:00:00+09:00,2026-10-08T09:12:32+09:00
2026-10-07,136,monthly_trace,8342960,しぶりん,nice_tulip320,https://note.com/nice_tulip320,True,0,2,154,2026-10-08T09:23:06.963965+09:00,2026-10-01T00:00:00+09:00,2026-10-08T09:12:32+09:00
2026-10-07,137,monthly_trace,12848229,そら,flux_water,https://note.com/flux_water,True,0,2,226,2026-10-08T09:23:06.963965+09:00,2026-10-01T00:00:00+09:00,2026-10-08T09:12:32+09:00
2026-10-07,138,monthly_trace,13366653,ぱぴさん,papi_san,https://note.com/papi_san,True,0,2,534,2026-10-08T09:23:06.963965+09:00,2026-10-01T00:00:00+09:00,2026-10-08T09:12:32+09:00
2026-10-07,139,monthly_trace,15719489,ぴーこ｜AI編集室,piiko_ai,https://note.com/piiko_ai,True,0,2,67,2026-10-08T09:23:06.963965+09:00,2026-10-01T00:00:00+09:00,2026-10-08T09:12:32+09:00
2026-10-07,140,monthly_trace,8202195,ゆうしん🐹｜デジタルの温もりを届けるAIアートクリエイター,yuushinhalo2025,https://note.com/yuushinhalo2025,True,0,2,716,2026-10-08T09:23:06.963965+09:00,2026-10-01T00:00:00+09:00,2026-10-08T09:12:32+09:00
2026-10-07,141,monthly_trace,15496321,りょうた | Claudeの専門家,ryota_claude,https://note.com/ryota_claude,True,0,2,25,2026-10-08T09:23:06.963965+09:00,2026-10-01T00:00:00+09:00,2026-10-08T09:12:32+09:00
2026-10-07,142,monthly_trace,11900590,クセさん｜失敗を資産に変えるnote伴走者,habit_notemaster,https://note.com/habit_notemaster,True,0,2,1475,2026-10-08T09:23:06.963965+09:00,2026-10-01T00:00:00+09:00,2026-10-08T09:12:32+09:00
2026-10-07,143,monthly_trace,14024411,ハル｜雑記,cc_dekirukana,https://note.com/cc_dekirukana,True,0,2,510,2026-10-08T09:23:06.963965+09:00,2026-10-01T00:00:00+09:00,2026-10-08T09:12:32+09:00
2026-10-07,144,monthly_trace,13919050,メモ魔┃AIとひとり会社,memoma102,https://note.com/memoma102,True,0,2,186,2026-10-08T09:23:06.963965+09:00,2026-10-01T00:00:00+09:00,2026-10-08T09:12:32+09:00
2026-10-07,145,monthly_trace,14093852,仲元さとる｜元保険代理店・証券仲介業経営者の本音,nakamoto_hoken,https://note.com/nakamoto_hoken,True,0,2,175,2026-10-08T09:23:06.963965+09:00,2026-10-01T00:00:00+09:00,2026-10-08T09:12:32+09:00
2026-10-07,146,monthly_trace,15489715,伊藤ポップakaFCS,fcs_homecenter,https://note.com/fcs_homecenter,True,0,2,157,2026-10-08T09:23:06.963965+09:00,2026-10-01T00:00:00+09:00,2026-10-08T09:12:32+09:00
2026-10-07,147,monthly_trace,12927111,元銀行員のAIお金ノート,ai_money60,https://note.com/ai_money60,True,0,2,784,2026-10-08T09:23:06.963965+09:00,2026-10-01T00:00:00+09:00,2026-10-08T09:12:32+09:00
2026-10-07,148,monthly_trace,11972332,奇構屋ゴロウ,kyogen_lab,https://note.com/kyogen_lab,True,0,2,378,2026-10-08T09:23:06.963965+09:00,2026-10-01T00:00:00+09:00,2026-10-08T09:12:32+09:00
2026-10-07,149,monthly_trace,455384,庭師ふろんた｜3兄弟パパ,niwashi_fronta,https://note.com/niwashi_fronta,True,0,2,1469,2026-10-08T09:23:06.963965+09:00,2026-10-01T00:00:00+09:00,2026-10-08T09:12:32+09:00
2026-10-07,150,monthly_trace,9282525,建从,fresh_racoon3036,https://note.com/fresh_racoon3036,True,0,2,570,2026-10-08T09:23:06.963965+09:00,2026-10-01T00:00:00+09:00,2026-10-08T09:12:32+09:00
2026-10-07,151,monthly_trace,11930127,沙夜-𝕊𝕒𝕪𝕠- 沙夜学園🌠,sayo_official,https://note.com/sayo_official,True,0,2,533,2026-10-08T09:23:06.963965+09:00,2026-10-01T00:00:00+09:00,2026-10-08T09:12:32+09:00
2026-10-07,152,monthly_trace,13162655,無料枠AI探求者,merry_moraea681,https://note.com/merry_moraea681,True,0,2,513,2026-10-08T09:23:06.963965+09:00,2026-10-01T00:00:00+09:00,2026-10-08T09:12:32+09:00
2026-10-07,153,monthly_trace,13287086,犬神銀,nice_carp6786,https://note.com/nice_carp6786,True,0,2,1043,2026-10-08T09:23:06.963965+09:00,2026-10-01T00:00:00+09:00,2026-10-08T09:12:32+09:00
2026-10-07,154,monthly_trace,15050609,真彦🌕辻・Miguelin幸樹【ケネス梓の弟】,magico_keni_az,https://note.com/magico_keni_az,True,0,2,521,2026-10-08T09:23:06.963965+09:00,2026-10-01T00:00:00+09:00,2026-10-08T09:12:32+09:00
2026-10-07,155,monthly_trace,15520714,紡えり🐱　⁂GPT遊びに夢中⁂,00irea00,https://note.com/00irea00,True,0,2,494,2026-10-08T09:23:06.963965+09:00,2026-10-01T00:00:00+09:00,2026-10-08T09:12:32+09:00
2026-10-07,156,monthly_trace,14755738,紬は今日も絶好調！？,tsumu_156,https://note.com/tsumu_156,True,0,2,301,2026-10-08T09:23:06.963965+09:00,2026-10-01T00:00:00+09:00,2026-10-08T09:12:32+09:00
2026-10-07,157,monthly_trace,15151979,経営士M × AIオーケストレーション,advanciel02,https://note.com/advanciel02,True,0,2,871,2026-10-08T09:23:06.963965+09:00,2026-10-01T00:00:00+09:00,2026-10-08T09:12:32+09:00
2026-10-07,158,monthly_trace,14860090,綴（つづり）,ai_works_room,https://note.com/ai_works_room,True,0,2,96,2026-10-08T09:23:06.963965+09:00,2026-10-01T00:00:00+09:00,2026-10-08T09:12:32+09:00
2026-10-07,159,monthly_trace,12751168,翠竜　SUIRYU,huge_cougar215,https://note.com/huge_cougar215,True,0,2,281,2026-10-08T09:23:06.963965+09:00,2026-10-01T00:00:00+09:00,2026-10-08T09:12:32+09:00
2026-10-07,160,monthly_trace,7987846,花園かれん,happy_otter725,https://note.com/happy_otter725,True,0,2,7,2026-10-08T09:23:06.963965+09:00,2026-10-01T00:00:00+09:00,2026-10-08T09:12:32+09:00
2026-10-07,161,monthly_trace,6905415,豹子頭 林冲,hyousitou,https://note.com/hyousitou,True,0,2,310,2026-10-08T09:23:06.963965+09:00,2026-10-01T00:00:00+09:00,2026-10-08T09:12:32+09:00
2026-10-07,162,monthly_trace,13279787,颯詩(そうし)| デザインと思想,motan_8823,https://note.com/motan_8823,True,0,2,494,2026-10-08T09:23:06.963965+09:00,2026-10-01T00:00:00+09:00,2026-10-08T09:12:32+09:00
2026-10-07,163,monthly_trace,12143196,50代からのAIものづくりnote,moral_gibbon7542,https://note.com/moral_gibbon7542,True,1,1,173,2026-10-08T09:23:06.963965+09:00,2026-10-01T00:00:00+09:00,2026-10-08T09:12:32+09:00
2026-10-07,164,monthly_trace,12558234,Tomo San【Agent AI×DX研究所】,rlhwbs_office,https://note.com/rlhwbs_office,True,1,1,410,2026-10-08T09:23:06.963965+09:00,2026-10-01T00:00:00+09:00,2026-10-08T09:12:32+09:00
2026-10-07,165,monthly_trace,14007444,hitoyume（フォロバ100）＠未経験からWebライターに,hitoyume_note,https://note.com/hitoyume_note,True,1,1,760,2026-10-08T09:23:06.963965+09:00,2026-10-01T00:00:00+09:00,2026-10-08T09:12:32+09:00
2026-10-07,166,monthly_trace,12923426,miyuri,miyuriii_2nd,https://note.com/miyuriii_2nd,True,1,1,353,2026-10-08T09:23:06.963965+09:00,2026-10-01T00:00:00+09:00,2026-10-08T09:12:32+09:00
2026-10-07,167,monthly_trace,11242586,tomoko,dancewithgrief_2,https://note.com/dancewithgrief_2,True,1,1,81,2026-10-08T09:23:06.963965+09:00,2026-10-01T00:00:00+09:00,2026-10-08T09:12:32+09:00
2026-10-07,168,monthly_trace,14344841,きみこ山植物菌類らぼ,kimikoyama,https://note.com/kimikoyama,True,1,1,123,2026-10-08T09:23:06.963965+09:00,2026-10-01T00:00:00+09:00,2026-10-08T09:12:32+09:00
2026-10-07,169,monthly_trace,13986210,さくさく｜HSPがハイスペックパーソンに進化するコーチ,dapper_phlox9478,https://note.com/dapper_phlox9478,True,1,1,398,2026-10-08T09:23:06.963965+09:00,2026-10-01T00:00:00+09:00,2026-10-08T09:12:32+09:00
2026-10-07,170,monthly_trace,15703629,しめさば,shimesaba2023,https://note.com/shimesaba2023,True,1,1,42,2026-10-08T09:23:06.963965+09:00,2026-10-01T00:00:00+09:00,2026-10-08T09:12:32+09:00
2026-10-07,171,monthly_trace,9416464,すっすー| サラリーマンのスキマ読書術,major_hosta4205,https://note.com/major_hosta4205,True,1,1,416,2026-10-08T09:23:06.963965+09:00,2026-10-01T00:00:00+09:00,2026-10-08T09:12:32+09:00
2026-10-07,172,monthly_trace,13342843,だいきち,brave_plover5130,https://note.com/brave_plover5130,True,1,1,163,2026-10-08T09:23:06.963965+09:00,2026-10-01T00:00:00+09:00,2026-10-08T09:12:32+09:00
2026-10-07,173,monthly_trace,11099339,ちふゆ｜Chocobraラボ,chocobra,https://note.com/chocobra,True,1,1,3545,2026-10-08T09:23:06.963965+09:00,2026-10-01T00:00:00+09:00,2026-10-08T09:12:32+09:00
2026-10-07,174,monthly_trace,15608939,はる,clever_hippo9409,https://note.com/clever_hippo9409,True,1,1,37,2026-10-08T09:23:06.963965+09:00,2026-10-01T00:00:00+09:00,2026-10-08T09:12:32+09:00
2026-10-07,175,monthly_trace,13945309,ぱぱぱ,papapa_t3docs,https://note.com/papapa_t3docs,True,1,1,481,2026-10-08T09:23:06.963965+09:00,2026-10-01T00:00:00+09:00,2026-10-08T09:12:32+09:00
2026-10-07,176,monthly_trace,15265284,むしき,tiruman_,https://note.com/tiruman_,True,1,1,139,2026-10-08T09:23:06.963965+09:00,2026-10-01T00:00:00+09:00,2026-10-08T09:12:32+09:00
2026-10-07,177,monthly_trace,15719874,やまもん｜使ってわかったAI活用,yamamon_ai_lab,https://note.com/yamamon_ai_lab,True,1,1,2,2026-10-08T09:23:06.963965+09:00,2026-10-01T00:00:00+09:00,2026-10-08T09:12:32+09:00
2026-10-07,178,monthly_trace,13741727,ゆず缶,honest_otter5192,https://note.com/honest_otter5192,True,1,1,1108,2026-10-08T09:23:06.963965+09:00,2026-10-01T00:00:00+09:00,2026-10-08T09:12:32+09:00
2026-10-07,179,monthly_trace,9303446,ゆっきー,dapper_coyote423,https://note.com/dapper_coyote423,True,1,1,222,2026-10-08T09:23:06.963965+09:00,2026-10-01T00:00:00+09:00,2026-10-08T09:12:32+09:00
2026-10-07,180,monthly_trace,15707090,乃音めくる🌸文tuber📖,mekuru_note,https://note.com/mekuru_note,True,1,1,202,2026-10-08T09:23:06.963965+09:00,2026-10-01T00:00:00+09:00,2026-10-08T09:12:32+09:00
2026-10-07,181,monthly_trace,6332388,月森灯音(ひのん),tsukimori_hinon,https://note.com/tsukimori_hinon,True,1,1,208,2026-10-08T09:23:06.963965+09:00,2026-10-01T00:00:00+09:00,2026-10-08T09:12:32+09:00
2026-10-07,182,monthly_trace,14551926,白,deft_guppy8637,https://note.com/deft_guppy8637,True,1,1,30,2026-10-08T09:23:06.963965+09:00,2026-10-01T00:00:00+09:00,2026-10-08T09:12:32+09:00
2026-10-07,183,monthly_trace,15746513,賢者スタン@相互フォロー,mute_mink3681,https://note.com/mute_mink3681,True,1,1,62,2026-10-08T09:23:06.963965+09:00,2026-10-01T00:00:00+09:00,2026-10-08T09:12:32+09:00
2026-10-07,184,monthly_trace,15279953,迷ったときの道しるべになる実用メディア｜Media Lab Compass,medialabcompass,https://note.com/medialabcompass,True,1,1,4,2026-10-08T09:23:06.963965+09:00,2026-10-01T00:00:00+09:00,2026-10-08T09:12:32+09:00
2026-10-07,185,monthly_trace,13342222,青空 和平,brisk_viola3314,https://note.com/brisk_viola3314,True,1,1,980,2026-10-08T09:23:06.963965+09:00,2026-10-01T00:00:00+09:00,2026-10-08T09:12:32+09:00
2026-10-07,186,monthly_trace,15236773,47歳　元営業部長　脳出血から仕事復帰へ Tomo,pure_hebe635,https://note.com/pure_hebe635,True,0,1,928,2026-10-08T09:23:06.963965+09:00,2026-10-01T00:00:00+09:00,2026-10-08T09:12:32+09:00
2026-10-07,187,monthly_trace,14555620,54Plants,hiromavich,https://note.com/hiromavich,True,0,1,281,2026-10-08T09:23:06.963965+09:00,2026-10-01T00:00:00+09:00,2026-10-08T09:12:32+09:00
2026-10-07,188,monthly_trace,13157217,A'me,witty_briony2440,https://note.com/witty_briony2440,True,0,1,341,2026-10-08T09:23:06.963965+09:00,2026-10-01T00:00:00+09:00,2026-10-08T09:12:32+09:00
2026-10-07,189,monthly_trace,14045656,AIフクロウ｜夜な夜なClaude Code,ai_fukuro,https://note.com/ai_fukuro,True,0,1,703,2026-10-08T09:23:06.963965+09:00,2026-10-01T00:00:00+09:00,2026-10-08T09:12:32+09:00
2026-10-07,190,monthly_trace,790651,AZUSA KIKUGAWA(相互フォローしてます),sakuracotton,https://note.com/sakuracotton,True,0,1,506,2026-10-08T09:23:06.963965+09:00,2026-10-01T00:00:00+09:00,2026-10-08T09:12:32+09:00
2026-10-07,191,monthly_trace,2862586,EX-FAX-CE｜ロスジェネ氷河期的視点,exfaxce,https://note.com/exfaxce,True,0,1,1861,2026-10-08T09:23:06.963965+09:00,2026-10-01T00:00:00+09:00,2026-10-08T09:12:32+09:00
2026-10-07,192,monthly_trace,8701555,Echo of Moss｜NORI,fit_cougar9763,https://note.com/fit_cougar9763,True,0,1,459,2026-10-08T09:23:06.963965+09:00,2026-10-01T00:00:00+09:00,2026-10-08T09:12:32+09:00
2026-10-07,193,monthly_trace,11351510,Ejii✦3（えじー）,deft_raven2722,https://note.com/deft_raven2722,True,0,1,297,2026-10-08T09:23:06.963965+09:00,2026-10-01T00:00:00+09:00,2026-10-08T09:12:32+09:00
2026-10-07,194,monthly_trace,15527297,Enhance【人生逆転マインド】,fine_lynx4902,https://note.com/fine_lynx4902,True,0,1,5,2026-10-08T09:23:06.963965+09:00,2026-10-01T00:00:00+09:00,2026-10-08T09:12:32+09:00
2026-10-07,195,monthly_trace,13314204,Hiromi,beginners_luck,https://note.com/beginners_luck,True,0,1,583,2026-10-08T09:23:06.963965+09:00,2026-10-01T00:00:00+09:00,2026-10-08T09:12:32+09:00
2026-10-07,196,monthly_trace,11910247,ITジグソーパズル,itjigsaw_puzzle,https://note.com/itjigsaw_puzzle,True,0,1,774,2026-10-08T09:23:06.963965+09:00,2026-10-01T00:00:00+09:00,2026-10-08T09:12:32+09:00
2026-10-07,197,monthly_trace,12983758,K.I Lyrics,ki_lyrics,https://note.com/ki_lyrics,True,0,1,624,2026-10-08T09:23:06.963965+09:00,2026-10-01T00:00:00+09:00,2026-10-08T09:12:32+09:00
2026-10-07,198,monthly_trace,265106,KENBO：技術と経験を次へつなぐ｜AIと半導体エンジニア兼複業クリエイター,kenbo1929,https://note.com/kenbo1929,True,0,1,685,2026-10-08T09:23:06.963965+09:00,2026-10-01T00:00:00+09:00,2026-10-08T09:12:32+09:00
2026-10-07,199,monthly_trace,13713057,Keptyの旅ログ🚲️,kepcharitabi,https://note.com/kepcharitabi,True,0,1,574,2026-10-08T09:23:06.963965+09:00,2026-10-01T00:00:00+09:00,2026-10-08T09:12:32+09:00
2026-10-07,200,monthly_trace,14203293,KintoNavi｜kintone＋生成AI,cool_bee1567,https://note.com/cool_bee1567,True,0,1,43,2026-10-08T09:23:06.963965+09:00,2026-10-01T00:00:00+09:00,2026-10-08T09:12:32+09:00
2026-10-07,201,monthly_trace,7580255,Kinu｜AIイラストと発信づくり,kinu885,https://note.com/kinu885,True,0,1,2338,2026-10-08T09:23:06.963965+09:00,2026-10-01T00:00:00+09:00,2026-10-08T09:12:32+09:00
2026-10-07,202,monthly_trace,13415591,Kumaさん,kumasan_no_te,https://note.com/kumasan_no_te,True,0,1,1765,2026-10-08T09:23:06.963965+09:00,2026-10-01T00:00:00+09:00,2026-10-08T09:12:32+09:00
2026-10-07,203,monthly_trace,14649103,K｜AI遊び人,aio_ky,https://note.com/aio_ky,True,0,1,456,2026-10-08T09:23:06.963965+09:00,2026-10-01T00:00:00+09:00,2026-10-08T09:12:32+09:00
2026-10-07,204,monthly_trace,10069756,Liliscend｜彫刻＠DX・AIハッカー,second__career,https://note.com/second__career,True,0,1,1494,2026-10-08T09:23:06.963965+09:00,2026-10-01T00:00:00+09:00,2026-10-08T09:12:32+09:00
2026-10-07,205,monthly_trace,14640793,MM-cats,mamecats,https://note.com/mamecats,True,0,1,43,2026-10-08T09:23:06.963965+09:00,2026-10-01T00:00:00+09:00,2026-10-08T09:12:32+09:00
2026-10-07,206,monthly_trace,15001557,Margin Archive,limber_tulip137,https://note.com/limber_tulip137,True,0,1,586,2026-10-08T09:23:06.963965+09:00,2026-10-01T00:00:00+09:00,2026-10-08T09:12:32+09:00
2026-10-07,207,monthly_trace,5330022,Marie | まりーの小さな⚙️歯車⚙️ラボ🔬,marie_222,https://note.com/marie_222,True,0,1,161,2026-10-08T09:23:06.963965+09:00,2026-10-01T00:00:00+09:00,2026-10-08T09:12:32+09:00
2026-10-07,208,monthly_trace,14490242,Mind Log,mindlog_mapai,https://note.com/mindlog_mapai,True,0,1,5731,2026-10-08T09:23:06.963965+09:00,2026-10-01T00:00:00+09:00,2026-10-08T09:12:32+09:00
2026-10-07,209,monthly_trace,11579186,NEKØ:CODE  (ネココード)｜AIと紡ぐ物語と音楽,nekocode,https://note.com/nekocode,True,0,1,321,2026-10-08T09:23:06.963965+09:00,2026-10-01T00:00:00+09:00,2026-10-08T09:12:32+09:00
2026-10-07,210,monthly_trace,14875147,NTA,airmj_23tm,https://note.com/airmj_23tm,True,0,1,92,2026-10-08T09:23:06.963965+09:00,2026-10-01T00:00:00+09:00,2026-10-08T09:12:32+09:00
2026-10-07,211,monthly_trace,10236283,PTW  妄想族東京支部8代目総長a.k.a影帽子,satoru_5963,https://note.com/satoru_5963,True,0,1,157,2026-10-08T09:23:06.963965+09:00,2026-10-01T00:00:00+09:00,2026-10-08T09:12:32+09:00
2026-10-07,212,monthly_trace,15192513,Pajama de mama*4歳娘ママ,mama_ca,https://note.com/mama_ca,True,0,1,793,2026-10-08T09:23:06.963965+09:00,2026-10-01T00:00:00+09:00,2026-10-08T09:12:32+09:00
2026-10-07,213,monthly_trace,12862447,SilentTaker@しずかちゃん,real_egret9710,https://note.com/real_egret9710,True,0,1,233,2026-10-08T09:23:06.963965+09:00,2026-10-01T00:00:00+09:00,2026-10-08T09:12:32+09:00
2026-10-07,214,monthly_trace,11939901,Smatoy（スマトイ）,smatoylab,https://note.com/smatoylab,True,0,1,664,2026-10-08T09:23:06.963965+09:00,2026-10-01T00:00:00+09:00,2026-10-08T09:12:32+09:00
2026-10-07,215,monthly_trace,12293104,T.S1979,genial_knot756,https://note.com/genial_knot756,True,0,1,1132,2026-10-08T09:23:06.963965+09:00,2026-10-01T00:00:00+09:00,2026-10-08T09:12:32+09:00
2026-10-07,216,monthly_trace,15691430,TAKA個人開発者,tkkaihatsu,https://note.com/tkkaihatsu,True,0,1,0,2026-10-08T09:23:06.963965+09:00,2026-10-01T00:00:00+09:00,2026-10-08T09:12:32+09:00
2026-10-07,217,monthly_trace,12142452,VCL,verde_combat_lab,https://note.com/verde_combat_lab,True,0,1,749,2026-10-08T09:23:06.963965+09:00,2026-10-01T00:00:00+09:00,2026-10-08T09:12:32+09:00
2026-10-07,218,monthly_trace,10569223,Yasuhito Morimoto,yasuhitoo,https://note.com/yasuhitoo,True,0,1,3459,2026-10-08T09:23:06.963965+09:00,2026-10-01T00:00:00+09:00,2026-10-08T09:12:32+09:00
2026-10-07,219,monthly_trace,15253881,Zelanis,zelanis,https://note.com/zelanis,True,0,1,43,2026-10-08T09:23:06.963965+09:00,2026-10-01T00:00:00+09:00,2026-10-08T09:12:32+09:00
2026-10-07,220,monthly_trace,15474105,ai_airesu,ai_airesu,https://note.com/ai_airesu,True,0,1,30,2026-10-08T09:23:06.963965+09:00,2026-10-01T00:00:00+09:00,2026-10-08T09:12:32+09:00
2026-10-07,221,monthly_trace,15484996,amanoha｜編集×AI,amanoha_ai,https://note.com/amanoha_ai,True,0,1,66,2026-10-08T09:23:06.963965+09:00,2026-10-01T00:00:00+09:00,2026-10-08T09:12:32+09:00
2026-10-07,222,monthly_trace,11444542,chikobonitaruburu82,regal_puma7239,https://note.com/regal_puma7239,True,0,1,457,2026-10-08T09:23:06.963965+09:00,2026-10-01T00:00:00+09:00,2026-10-08T09:12:32+09:00
2026-10-07,223,monthly_trace,617483,ken＠夢を叶える起業家,neoken,https://note.com/neoken,True,0,1,292,2026-10-08T09:23:06.963965+09:00,2026-10-01T00:00:00+09:00,2026-10-08T09:12:32+09:00
2026-10-07,224,monthly_trace,10526244,kinose / note美容師,kino0905,https://note.com/kino0905,True,0,1,792,2026-10-08T09:23:06.963965+09:00,2026-10-01T00:00:00+09:00,2026-10-08T09:12:32+09:00
2026-10-07,225,monthly_trace,13977135,mrtomo0229_sub,mrtomo0229_sub,https://note.com/mrtomo0229_sub,True,0,1,25,2026-10-08T09:23:06.963965+09:00,2026-10-01T00:00:00+09:00,2026-10-08T09:12:32+09:00
2026-10-07,226,monthly_trace,15743656,note収益化 プロジェクト,apt_ibis2749,https://note.com/apt_ibis2749,True,0,1,32,2026-10-08T09:23:06.963965+09:00,2026-10-01T00:00:00+09:00,2026-10-08T09:12:32+09:00
2026-10-07,227,monthly_trace,15226073,ruko｜AI×note,rukoo,https://note.com/rukoo,True,0,1,362,2026-10-08T09:23:06.963965+09:00,2026-10-01T00:00:00+09:00,2026-10-08T09:12:32+09:00
2026-10-07,228,monthly_trace,12715352,tadapiyo,rosy_gnu3023,https://note.com/rosy_gnu3023,True,0,1,105,2026-10-08T09:23:06.963965+09:00,2026-10-01T00:00:00+09:00,2026-10-08T09:12:32+09:00
2026-10-07,229,monthly_trace,13888851,yoyoyo,yoshi_play,https://note.com/yoshi_play,True,0,1,368,2026-10-08T09:23:06.963965+09:00,2026-10-01T00:00:00+09:00,2026-10-08T09:12:32+09:00
2026-10-07,230,monthly_trace,4185124,yukiko 摂食嚥下コンサルタントナース,nanamoto52885,https://note.com/nanamoto52885,True,0,1,338,2026-10-08T09:23:06.963965+09:00,2026-10-01T00:00:00+09:00,2026-10-08T09:12:32+09:00
2026-10-07,231,monthly_trace,1549396,yuyu,wazze,https://note.com/wazze,True,0,1,153,2026-10-08T09:23:06.963965+09:00,2026-10-01T00:00:00+09:00,2026-10-08T09:12:32+09:00
2026-10-07,232,monthly_trace,10524595,☀️M&AでHSP社長辞めた郎,shachoyametaro,https://note.com/shachoyametaro,True,0,1,497,2026-10-08T09:23:06.963965+09:00,2026-10-01T00:00:00+09:00,2026-10-08T09:12:32+09:00
2026-10-07,233,monthly_trace,14587860,「ポンロボ」ポンコツAIロボ-副業機能付き,kaeritenai,https://note.com/kaeritenai,True,0,1,173,2026-10-08T09:23:06.963965+09:00,2026-10-01T00:00:00+09:00,2026-10-08T09:12:32+09:00
2026-10-07,234,monthly_trace,4721164,あい,nanatsunoko3,https://note.com/nanatsunoko3,True,0,1,515,2026-10-08T09:23:06.963965+09:00,2026-10-01T00:00:00+09:00,2026-10-08T09:12:32+09:00
2026-10-07,235,monthly_trace,11121667,"あいさん💗Iカウンセリングルーム セラピスト／ 臨床心理士×公認心理師｜支援歴16年・2,000名超",joyful_zebra1701,https://note.com/joyful_zebra1701,True,0,1,9018,2026-10-08T09:23:06.963965+09:00,2026-10-01T00:00:00+09:00,2026-10-08T09:12:32+09:00
2026-10-07,236,monthly_trace,12580328,あいびより。AIクリエイターの日常🐾,aiby_masuhiyo,https://note.com/aiby_masuhiyo,True,0,1,1575,2026-10-08T09:23:06.963965+09:00,2026-10-01T00:00:00+09:00,2026-10-08T09:12:32+09:00
2026-10-07,237,monthly_trace,10461763,あおい＠30代後半のサイドFIRE実験記録,lifeworkfree,https://note.com/lifeworkfree,True,0,1,485,2026-10-08T09:23:06.963965+09:00,2026-10-01T00:00:00+09:00,2026-10-08T09:12:32+09:00
2026-10-07,238,monthly_trace,15168020,あたくし｜アラフォー女の深淵,_atakushi,https://note.com/_atakushi,True,0,1,408,2026-10-08T09:23:06.963965+09:00,2026-10-01T00:00:00+09:00,2026-10-08T09:12:32+09:00
2026-10-07,239,monthly_trace,14430145,あっきー｜漫画チラシ・AIイラスト制作,keen_violet2415,https://note.com/keen_violet2415,True,0,1,10,2026-10-08T09:23:06.963965+09:00,2026-10-01T00:00:00+09:00,2026-10-08T09:12:32+09:00
2026-10-07,240,monthly_trace,13247108,おーい淑女!,super_liger8087,https://note.com/super_liger8087,True,0,1,6,2026-10-08T09:23:06.963965+09:00,2026-10-01T00:00:00+09:00,2026-10-08T09:12:32+09:00
2026-10-07,241,monthly_trace,11463020,お喋りお兄さん@配信×noteの人,osya_verymuch,https://note.com/osya_verymuch,True,0,1,65,2026-10-08T09:23:06.963965+09:00,2026-10-01T00:00:00+09:00,2026-10-08T09:12:32+09:00
2026-10-07,242,monthly_trace,15450109,かおり ブログ運営,kaori_blog82,https://note.com/kaori_blog82,True,0,1,6,2026-10-08T09:23:06.963965+09:00,2026-10-01T00:00:00+09:00,2026-10-08T09:12:32+09:00
2026-10-07,243,monthly_trace,11261881,かぜ,bright_pipit5485,https://note.com/bright_pipit5485,True,0,1,273,2026-10-08T09:23:06.963965+09:00,2026-10-01T00:00:00+09:00,2026-10-08T09:12:32+09:00
2026-10-07,244,monthly_trace,9982982,かにまろ｜ゲーム開発,kanimaro_246,https://note.com/kanimaro_246,True,0,1,294,2026-10-08T09:23:06.963965+09:00,2026-10-01T00:00:00+09:00,2026-10-08T09:12:32+09:00
2026-10-07,245,monthly_trace,12961457,からすま けい,karasumakei,https://note.com/karasumakei,True,0,1,141,2026-10-08T09:23:06.963965+09:00,2026-10-01T00:00:00+09:00,2026-10-08T09:12:32+09:00
2026-10-07,246,monthly_trace,11281870,きおう ろん,xdh0002,https://note.com/xdh0002,True,0,1,667,2026-10-08T09:23:06.963965+09:00,2026-10-01T00:00:00+09:00,2026-10-08T09:12:32+09:00
2026-10-07,247,monthly_trace,14163081,きっこ,clear_sloth1257,https://note.com/clear_sloth1257,True,0,1,176,2026-10-08T09:23:06.963965+09:00,2026-10-01T00:00:00+09:00,2026-10-08T09:12:32+09:00
2026-10-07,248,monthly_trace,12014165,くまのひとみ│note界のアイドル発達凸凹っ子アララのママ,tanupop,https://note.com/tanupop,True,0,1,666,2026-10-08T09:23:06.963965+09:00,2026-10-01T00:00:00+09:00,2026-10-08T09:12:32+09:00
2026-10-07,249,monthly_trace,3358934,けせら,kesera_,https://note.com/kesera_,True,0,1,1604,2026-10-08T09:23:06.963965+09:00,2026-10-01T00:00:00+09:00,2026-10-08T09:12:32+09:00
2026-10-07,250,monthly_trace,12055224,こあら🌻@AIイラストプロンプト,aibento,https://note.com/aibento,True,0,1,2129,2026-10-08T09:23:06.963965+09:00,2026-10-01T00:00:00+09:00,2026-10-08T09:12:32+09:00
2026-10-07,251,monthly_trace,15185996,こうたろう,kotaroroom0720,https://note.com/kotaroroom0720,True,0,1,125,2026-10-08T09:23:06.963965+09:00,2026-10-01T00:00:00+09:00,2026-10-08T09:12:32+09:00
2026-10-07,252,monthly_trace,47153,こっぺぱん,masato2855,https://note.com/masato2855,True,0,1,13241,2026-10-08T09:23:06.963965+09:00,2026-10-01T00:00:00+09:00,2026-10-08T09:12:32+09:00
2026-10-07,253,monthly_trace,15730124,こはる,koharu_chy,https://note.com/koharu_chy,True,0,1,10,2026-10-08T09:23:06.963965+09:00,2026-10-01T00:00:00+09:00,2026-10-08T09:12:32+09:00
2026-10-07,254,monthly_trace,14463371,さいとう｜ワーママ管理職｜残業ゼロで成果を出すAI時短術,kind_boar557,https://note.com/kind_boar557,True,0,1,1605,2026-10-08T09:23:06.963965+09:00,2026-10-01T00:00:00+09:00,2026-10-08T09:12:32+09:00
2026-10-07,255,monthly_trace,14953389,さくら,sakura0505,https://note.com/sakura0505,True,0,1,148,2026-10-08T09:23:06.963965+09:00,2026-10-01T00:00:00+09:00,2026-10-08T09:12:32+09:00
2026-10-07,256,monthly_trace,13723950,ししまる,sisimaru_note,https://note.com/sisimaru_note,True,0,1,295,2026-10-08T09:23:06.963965+09:00,2026-10-01T00:00:00+09:00,2026-10-08T09:12:32+09:00
2026-10-07,257,monthly_trace,15099768,しらたまうさぎ🐰❤️に寄添うKindle作家,shiratama_usagi,https://note.com/shiratama_usagi,True,0,1,794,2026-10-08T09:23:06.963965+09:00,2026-10-01T00:00:00+09:00,2026-10-08T09:12:32+09:00
2026-10-07,258,monthly_trace,14845316,じωん,brave_whale6178,https://note.com/brave_whale6178,True,0,1,49,2026-10-08T09:23:06.963965+09:00,2026-10-01T00:00:00+09:00,2026-10-08T09:12:32+09:00
2026-10-07,259,monthly_trace,12417301,すみれ,genial_wren230,https://note.com/genial_wren230,True,0,1,472,2026-10-08T09:23:06.963965+09:00,2026-10-01T00:00:00+09:00,2026-10-08T09:12:32+09:00
2026-10-07,260,monthly_trace,5705535,たくみっち｜Re:ゼロから始める積層生活,takumicchi,https://note.com/takumicchi,True,0,1,41,2026-10-08T09:23:06.963965+09:00,2026-10-01T00:00:00+09:00,2026-10-08T09:12:32+09:00
2026-10-07,261,monthly_trace,12015881,たろう,mild_crocus384,https://note.com/mild_crocus384,True,0,1,184,2026-10-08T09:23:06.963965+09:00,2026-10-01T00:00:00+09:00,2026-10-08T09:12:32+09:00
2026-10-07,262,monthly_trace,9873229,ちっぷ@アパレル主婦,chip_apparel,https://note.com/chip_apparel,True,0,1,925,2026-10-08T09:23:06.963965+09:00,2026-10-01T00:00:00+09:00,2026-10-08T09:12:32+09:00
2026-10-07,263,monthly_trace,13963243,ちゃんまー｜パパエンジニア,nguu,https://note.com/nguu,True,0,1,1013,2026-10-08T09:23:06.963965+09:00,2026-10-01T00:00:00+09:00,2026-10-08T09:12:32+09:00
2026-10-07,264,monthly_trace,1663902,ちゃんやま@50代を生きる人,chanyama7,https://note.com/chanyama7,True,0,1,1846,2026-10-08T09:23:06.963965+09:00,2026-10-01T00:00:00+09:00,2026-10-08T09:12:32+09:00
2026-10-07,265,monthly_trace,519006,つっちー🤝結び代表／毎日note投稿中📝,kai8114,https://note.com/kai8114,True,0,1,58,2026-10-08T09:23:06.963965+09:00,2026-10-01T00:00:00+09:00,2026-10-08T09:12:32+09:00
2026-10-07,266,monthly_trace,15142635,つぶあん｜不養生な漢方薬剤師,kamponightowl,https://note.com/kamponightowl,True,0,1,117,2026-10-08T09:23:06.963965+09:00,2026-10-01T00:00:00+09:00,2026-10-08T09:12:32+09:00
2026-10-07,267,monthly_trace,14363026,つむぎ｜アイを知りたい女,kokode_kurasu,https://note.com/kokode_kurasu,True,0,1,1441,2026-10-08T09:23:06.963965+09:00,2026-10-01T00:00:00+09:00,2026-10-08T09:12:32+09:00
2026-10-07,268,monthly_trace,15236891,にゃんちゅう,jazzy_skink5452,https://note.com/jazzy_skink5452,True,0,1,85,2026-10-08T09:23:06.963965+09:00,2026-10-01T00:00:00+09:00,2026-10-08T09:12:32+09:00
2026-10-07,269,monthly_trace,12325142,のっぴ,noppi_note,https://note.com/noppi_note,True,0,1,278,2026-10-08T09:23:06.963965+09:00,2026-10-01T00:00:00+09:00,2026-10-08T09:12:32+09:00
2026-10-07,270,monthly_trace,362798,はまだむ | ｜筋トレ文学と身体論,hamadam,https://note.com/hamadam,True,0,1,193,2026-10-08T09:23:06.963965+09:00,2026-10-01T00:00:00+09:00,2026-10-08T09:12:32+09:00
2026-10-07,271,monthly_trace,6524532,はむ吾郎,gifted_moose202,https://note.com/gifted_moose202,True,0,1,15,2026-10-08T09:23:06.963965+09:00,2026-10-01T00:00:00+09:00,2026-10-08T09:12:32+09:00
2026-10-07,272,monthly_trace,15185816,はやと,hayato0707,https://note.com/hayato0707,True,0,1,117,2026-10-08T09:23:06.963965+09:00,2026-10-01T00:00:00+09:00,2026-10-08T09:12:32+09:00
2026-10-07,273,monthly_trace,13136155,はる｜“書く”を続ける,harublog0038,https://note.com/harublog0038,True,0,1,438,2026-10-08T09:23:06.963965+09:00,2026-10-01T00:00:00+09:00,2026-10-08T09:12:32+09:00
2026-10-07,274,monthly_trace,4887086,はんく・シュンタナ🍌『塩化ビニール系女子』AIクリエイター兼プロデューサー,hunk_shuntana,https://note.com/hunk_shuntana,True,0,1,804,2026-10-08T09:23:06.963965+09:00,2026-10-01T00:00:00+09:00,2026-10-08T09:12:32+09:00
2026-10-07,275,monthly_trace,6790420,ひろのすけ | ごんぶとUSPプロデューサー,kocoroodoru,https://note.com/kocoroodoru,True,0,1,31,2026-10-08T09:23:06.963965+09:00,2026-10-01T00:00:00+09:00,2026-10-08T09:12:32+09:00
2026-10-07,276,monthly_trace,11574500,ふらつき母ちゃん│脊髄小脳変性症ですが何か⁉️,dear_viper3924,https://note.com/dear_viper3924,True,0,1,1167,2026-10-08T09:23:06.963965+09:00,2026-10-01T00:00:00+09:00,2026-10-08T09:12:32+09:00
2026-10-07,277,monthly_trace,15445213,まさや ブログ運営,masaya_blog45,https://note.com/masaya_blog45,True,0,1,2,2026-10-08T09:23:06.963965+09:00,2026-10-01T00:00:00+09:00,2026-10-08T09:12:32+09:00
2026-10-07,278,monthly_trace,5828006,まなつ/突出マイノリティ列伝,tosshutsu_m,https://note.com/tosshutsu_m,True,0,1,9794,2026-10-08T09:23:06.963965+09:00,2026-10-01T00:00:00+09:00,2026-10-08T09:12:32+09:00
2026-10-07,279,monthly_trace,12377105,まるよか,yokayoka5103,https://note.com/yokayoka5103,True,0,1,1653,2026-10-08T09:23:06.963965+09:00,2026-10-01T00:00:00+09:00,2026-10-08T09:12:32+09:00
2026-10-07,280,monthly_trace,2122931,みけにゃん@小さなしあわせ収集家,1031mike,https://note.com/1031mike,True,0,1,492,2026-10-08T09:23:06.963965+09:00,2026-10-01T00:00:00+09:00,2026-10-08T09:12:32+09:00
2026-10-07,281,monthly_trace,11828830,みっちぃ|子供と一緒に成長したい2児の父,pure_bear1643,https://note.com/pure_bear1643,True,0,1,480,2026-10-08T09:23:06.963965+09:00,2026-10-01T00:00:00+09:00,2026-10-08T09:12:32+09:00
2026-10-07,282,monthly_trace,15735940,みなみ,mina_o18,https://note.com/mina_o18,True,0,1,6,2026-10-08T09:23:06.963965+09:00,2026-10-01T00:00:00+09:00,2026-10-08T09:12:32+09:00
2026-10-07,283,monthly_trace,11837112,もぐら,mogurabooks,https://note.com/mogurabooks,True,0,1,376,2026-10-08T09:23:06.963965+09:00,2026-10-01T00:00:00+09:00,2026-10-08T09:12:32+09:00
2026-10-07,284,monthly_trace,15390139,やと,noted_yatoasuter,https://note.com/noted_yatoasuter,True,0,1,1,2026-10-08T09:23:06.963965+09:00,2026-10-01T00:00:00+09:00,2026-10-08T09:12:32+09:00
2026-10-07,285,monthly_trace,1481431,やま,yama_i,https://note.com/yama_i,True,0,1,4,2026-10-08T09:23:06.963965+09:00,2026-10-01T00:00:00+09:00,2026-10-08T09:12:32+09:00
2026-10-07,286,monthly_trace,539402,やまざき悠｜40代からの書く副業,yuura142,https://note.com/yuura142,True,0,1,4512,2026-10-08T09:23:06.963965+09:00,2026-10-01T00:00:00+09:00,2026-10-08T09:12:32+09:00
2026-10-07,287,monthly_trace,3330412,やまと　たける,0011naporeonn,https://note.com/0011naporeonn,True,0,1,5044,2026-10-08T09:23:06.963965+09:00,2026-10-01T00:00:00+09:00,2026-10-08T09:12:32+09:00
2026-10-07,288,monthly_trace,12924098,やまラボ,yama_lab00,https://note.com/yama_lab00,True,0,1,253,2026-10-08T09:23:06.963965+09:00,2026-10-01T00:00:00+09:00,2026-10-08T09:12:32+09:00
2026-10-07,289,monthly_trace,13740766,よし｜AI設計士,hearty_bee3067,https://note.com/hearty_bee3067,True,0,1,891,2026-10-08T09:23:06.963965+09:00,2026-10-01T00:00:00+09:00,2026-10-08T09:12:32+09:00
2026-10-07,290,monthly_trace,13156049,らっく,sakusakurakku,https://note.com/sakusakurakku,True,0,1,0,2026-10-08T09:23:06.963965+09:00,2026-10-01T00:00:00+09:00,2026-10-08T09:12:32+09:00
2026-10-07,291,monthly_trace,5230260,りんくす@AI人格コーディネーター,links_lt,https://note.com/links_lt,True,0,1,17567,2026-10-08T09:23:06.963965+09:00,2026-10-01T00:00:00+09:00,2026-10-08T09:12:32+09:00
2026-10-07,292,monthly_trace,13686942,るみるみ,rumi_rumi369,https://note.com/rumi_rumi369,True,0,1,1689,2026-10-08T09:23:06.963965+09:00,2026-10-01T00:00:00+09:00,2026-10-08T09:12:32+09:00
2026-10-07,293,monthly_trace,9731407,ろぺこ,ropeko_7,https://note.com/ropeko_7,True,0,1,41,2026-10-08T09:23:06.963965+09:00,2026-10-01T00:00:00+09:00,2026-10-08T09:12:32+09:00
2026-10-07,294,monthly_trace,13854803,アイダ,azulnix,https://note.com/azulnix,True,0,1,15,2026-10-08T09:23:06.963965+09:00,2026-10-01T00:00:00+09:00,2026-10-08T09:12:32+09:00
2026-10-07,295,monthly_trace,15671629,アホクソ,ahokuso,https://note.com/ahokuso,True,0,1,97,2026-10-08T09:23:06.963965+09:00,2026-10-01T00:00:00+09:00,2026-10-08T09:12:32+09:00
2026-10-07,296,monthly_trace,12880655,アメリ🐈️,mild_sheep8979,https://note.com/mild_sheep8979,True,0,1,109,2026-10-08T09:23:06.963965+09:00,2026-10-01T00:00:00+09:00,2026-10-08T09:12:32+09:00
2026-10-07,297,monthly_trace,13379754,イシザキ,si_mbam4,https://note.com/si_mbam4,True,0,1,379,2026-10-08T09:23:06.963965+09:00,2026-10-01T00:00:00+09:00,2026-10-08T09:12:32+09:00
2026-10-07,298,monthly_trace,12730552,エリカが好き勝手に語るチャンネル,erikakataru,https://note.com/erikakataru,True,0,1,333,2026-10-08T09:23:06.963965+09:00,2026-10-01T00:00:00+09:00,2026-10-08T09:12:32+09:00
2026-10-07,299,monthly_trace,5513805,カナミン｜AIと迷いながら、進む人,kanamin26,https://note.com/kanamin26,True,0,1,1027,2026-10-08T09:23:06.963965+09:00,2026-10-01T00:00:00+09:00,2026-10-08T09:12:32+09:00
2026-10-07,300,monthly_trace,14711367,カモミール,clever_hare2654,https://note.com/clever_hare2654,True,0,1,1220,2026-10-08T09:23:06.963965+09:00,2026-10-01T00:00:00+09:00,2026-10-08T09:12:32+09:00
2026-10-07,301,monthly_trace,14280635,キャリア採用の現場から,saiyopro,https://note.com/saiyopro,True,0,1,573,2026-10-08T09:23:06.963965+09:00,2026-10-01T00:00:00+09:00,2026-10-08T09:12:32+09:00
2026-10-07,302,monthly_trace,13964497,ケア Design,nurse_notion,https://note.com/nurse_notion,True,0,1,320,2026-10-08T09:23:06.963965+09:00,2026-10-01T00:00:00+09:00,2026-10-08T09:12:32+09:00
2026-10-07,303,monthly_trace,15482288,コナ｜安全品質×AI,kona_ai,https://note.com/kona_ai,True,0,1,118,2026-10-08T09:23:06.963965+09:00,2026-10-01T00:00:00+09:00,2026-10-08T09:12:32+09:00
2026-10-07,304,monthly_trace,14763423,コバヤシ@学生事業家,kobalab_2026,https://note.com/kobalab_2026,True,0,1,441,2026-10-08T09:23:06.963965+09:00,2026-10-01T00:00:00+09:00,2026-10-08T09:12:32+09:00
2026-10-07,305,monthly_trace,13913798,コバユウ＿採用担当の視点,fine_clam7528,https://note.com/fine_clam7528,True,0,1,1355,2026-10-08T09:23:06.963965+09:00,2026-10-01T00:00:00+09:00,2026-10-08T09:12:32+09:00
2026-10-07,306,monthly_trace,382406,サイユ。,sai_yuki,https://note.com/sai_yuki,True,0,1,40,2026-10-08T09:23:06.963965+09:00,2026-10-01T00:00:00+09:00,2026-10-08T09:12:32+09:00
2026-10-07,307,monthly_trace,11304628,シニガミレコーズ｜意味と観測の求道者｜知的ジェットコースターの設計者 ※フォロバ0%,jg1bqz,https://note.com/jg1bqz,True,0,1,951,2026-10-08T09:23:06.963965+09:00,2026-10-01T00:00:00+09:00,2026-10-08T09:12:32+09:00
2026-10-07,308,monthly_trace,14607319,シンシア,quiet_snail9618,https://note.com/quiet_snail9618,True,0,1,22,2026-10-08T09:23:06.963965+09:00,2026-10-01T00:00:00+09:00,2026-10-08T09:12:32+09:00
2026-10-07,309,monthly_trace,5962262,ジャムボーイ,witty_lotus224,https://note.com/witty_lotus224,True,0,1,2443,2026-10-08T09:23:06.963965+09:00,2026-10-01T00:00:00+09:00,2026-10-08T09:12:32+09:00
2026-10-07,310,monthly_trace,12066601,ジーニ君｜元夫婦関係修復のサロン運営者3000人以上,hsp_counseling,https://note.com/hsp_counseling,True,0,1,48,2026-10-08T09:23:06.963965+09:00,2026-10-01T00:00:00+09:00,2026-10-08T09:12:32+09:00
2026-10-07,311,monthly_trace,15248332,ニック｜心と体のサインから生き方を決め直すコーチ,nick47change,https://note.com/nick47change,True,0,1,385,2026-10-08T09:23:06.963965+09:00,2026-10-01T00:00:00+09:00,2026-10-08T09:12:32+09:00
2026-10-07,312,monthly_trace,13065530,ノックスリョウ,ryo_hsl,https://note.com/ryo_hsl,True,0,1,97,2026-10-08T09:23:06.963965+09:00,2026-10-01T00:00:00+09:00,2026-10-08T09:12:32+09:00
2026-10-07,313,monthly_trace,3832706,ハニヲ,haniwo0,https://note.com/haniwo0,True,0,1,137,2026-10-08T09:23:06.963965+09:00,2026-10-01T00:00:00+09:00,2026-10-08T09:12:32+09:00
2026-10-07,314,monthly_trace,15463847,ヒロト５５,glossy_shark1091,https://note.com/glossy_shark1091,True,0,1,68,2026-10-08T09:23:06.963965+09:00,2026-10-01T00:00:00+09:00,2026-10-08T09:12:32+09:00
2026-10-07,315,monthly_trace,13026269,ブライト・ローズ,hip_zebra186,https://note.com/hip_zebra186,True,0,1,921,2026-10-08T09:23:06.963965+09:00,2026-10-01T00:00:00+09:00,2026-10-08T09:12:32+09:00
2026-10-07,316,monthly_trace,393078,ブラウニー,dic_web,https://note.com/dic_web,True,0,1,2086,2026-10-08T09:23:06.963965+09:00,2026-10-01T00:00:00+09:00,2026-10-08T09:12:32+09:00
2026-10-07,317,monthly_trace,15387414,ポラフ｜AI副業ログ,gay_impala1620,https://note.com/gay_impala1620,True,0,1,366,2026-10-08T09:23:06.963965+09:00,2026-10-01T00:00:00+09:00,2026-10-08T09:12:32+09:00
2026-10-07,318,monthly_trace,7896891,ポンタ,pontanohaha,https://note.com/pontanohaha,True,0,1,1302,2026-10-08T09:23:06.963965+09:00,2026-10-01T00:00:00+09:00,2026-10-08T09:12:32+09:00
2026-10-07,319,monthly_trace,12773166,モブリンのおかあしゃん,major_minnow7470,https://note.com/major_minnow7470,True,0,1,19,2026-10-08T09:23:06.963965+09:00,2026-10-01T00:00:00+09:00,2026-10-08T09:12:32+09:00
2026-10-07,320,monthly_trace,3603150,ユユマル_フリーランスイラストレーター,yunyun5569,https://note.com/yunyun5569,True,0,1,224,2026-10-08T09:23:06.963965+09:00,2026-10-01T00:00:00+09:00,2026-10-08T09:12:32+09:00
2026-10-07,321,monthly_trace,15044850,リュウジ👨‍🦰アニメ好きな2児のパパ,koymikoto,https://note.com/koymikoto,True,0,1,218,2026-10-08T09:23:06.963965+09:00,2026-10-01T00:00:00+09:00,2026-10-08T09:12:32+09:00
2026-10-07,322,monthly_trace,13950093,リュウ｜風水でお部屋探し,alive_fowl8384,https://note.com/alive_fowl8384,True,0,1,2020,2026-10-08T09:23:06.963965+09:00,2026-10-01T00:00:00+09:00,2026-10-08T09:12:32+09:00
2026-10-07,323,monthly_trace,15685090,ルーキー｜年収200万からの資産形成,rookiealltrades,https://note.com/rookiealltrades,True,0,1,354,2026-10-08T09:23:06.963965+09:00,2026-10-01T00:00:00+09:00,2026-10-08T09:12:32+09:00
2026-10-07,324,monthly_trace,15695723,レン．イケメンM男のCFNM・羞恥の記録,glossy_gnu5519,https://note.com/glossy_gnu5519,True,0,1,33,2026-10-08T09:23:06.963965+09:00,2026-10-01T00:00:00+09:00,2026-10-08T09:12:32+09:00
2026-10-07,325,monthly_trace,12114005,ロト6とロト7で数々の当選実績と高額当選者を輩出している元外資系金融マンのロト攻略法,warrenv,https://note.com/warrenv,True,0,1,1390,2026-10-08T09:23:06.963965+09:00,2026-10-01T00:00:00+09:00,2026-10-08T09:12:32+09:00
2026-10-07,326,monthly_trace,14144038,ロビ｜経験を言葉と価値に変える人,totkhssimo,https://note.com/totkhssimo,True,0,1,3317,2026-10-08T09:23:06.963965+09:00,2026-10-01T00:00:00+09:00,2026-10-08T09:12:32+09:00
2026-10-07,327,monthly_trace,15263154,一人分を超えた日から｜ひとり事務所とAI,hitori_office_ai,https://note.com/hitori_office_ai,True,0,1,1098,2026-10-08T09:23:06.963965+09:00,2026-10-01T00:00:00+09:00,2026-10-08T09:12:32+09:00
2026-10-07,328,monthly_trace,14922301,中嶋 清貴,kiyo_nakajima,https://note.com/kiyo_nakajima,True,0,1,398,2026-10-08T09:23:06.963965+09:00,2026-10-01T00:00:00+09:00,2026-10-08T09:12:32+09:00
2026-10-07,329,monthly_trace,15717145,五月🌙忘却書店🌙,clean_myrtle4703,https://note.com/clean_myrtle4703,True,0,1,17,2026-10-08T09:23:06.963965+09:00,2026-10-01T00:00:00+09:00,2026-10-08T09:12:32+09:00
2026-10-07,330,monthly_trace,11816033,介護筋肉士💪 TETSU｜介護福祉士×ケアマネ｜熱血🔥係長,tetsukaigo,https://note.com/tetsukaigo,True,0,1,1208,2026-10-08T09:23:06.963965+09:00,2026-10-01T00:00:00+09:00,2026-10-08T09:12:32+09:00
2026-10-07,331,monthly_trace,10479931,働くメンタルカウンセラー,merry_pipit1562,https://note.com/merry_pipit1562,True,0,1,3678,2026-10-08T09:23:06.963965+09:00,2026-10-01T00:00:00+09:00,2026-10-08T09:12:32+09:00
2026-10-07,332,monthly_trace,11796877,儲けの解剖学@mouke_kaibou,mouke_kaibou,https://note.com/mouke_kaibou,True,0,1,1323,2026-10-08T09:23:06.963965+09:00,2026-10-01T00:00:00+09:00,2026-10-08T09:12:32+09:00
2026-10-07,333,monthly_trace,10494093,元No.1ホストと女性主導体験,serene_liger429,https://note.com/serene_liger429,True,0,1,2032,2026-10-08T09:23:06.963965+09:00,2026-10-01T00:00:00+09:00,2026-10-08T09:12:32+09:00
2026-10-07,334,monthly_trace,12607742,凹｜鬱クリエイター,boco_u2,https://note.com/boco_u2,True,0,1,411,2026-10-08T09:23:06.963965+09:00,2026-10-01T00:00:00+09:00,2026-10-08T09:12:32+09:00
2026-10-07,335,monthly_trace,15439731,北端 秀行 （Gメン喜多端）,kitabatahideyuki,https://note.com/kitabatahideyuki,True,0,1,104,2026-10-08T09:23:06.963965+09:00,2026-10-01T00:00:00+09:00,2026-10-08T09:12:32+09:00
2026-10-07,336,monthly_trace,10517876,向日葵じまにゃん🌻,jimanyan,https://note.com/jimanyan,True,0,1,2371,2026-10-08T09:23:06.963965+09:00,2026-10-01T00:00:00+09:00,2026-10-08T09:12:32+09:00
2026-10-07,337,monthly_trace,12516832,和田雄三｜AI×心理ブランディングデザイナー,glad_dill2129,https://note.com/glad_dill2129,True,0,1,1157,2026-10-08T09:23:06.963965+09:00,2026-10-01T00:00:00+09:00,2026-10-08T09:12:32+09:00
2026-10-07,338,monthly_trace,13792780,営業パパ,eigyopapa,https://note.com/eigyopapa,True,0,1,1991,2026-10-08T09:23:06.963965+09:00,2026-10-01T00:00:00+09:00,2026-10-08T09:12:32+09:00
2026-10-07,339,monthly_trace,14302008,室崎 敬太 【AIテック企業役員×オーナー経営】,murosakikeita,https://note.com/murosakikeita,True,0,1,3489,2026-10-08T09:23:06.963965+09:00,2026-10-01T00:00:00+09:00,2026-10-08T09:12:32+09:00
2026-10-07,340,monthly_trace,9911040,小島すがも,kojima_sugamo,https://note.com/kojima_sugamo,True,0,1,1081,2026-10-08T09:23:06.963965+09:00,2026-10-01T00:00:00+09:00,2026-10-08T09:12:32+09:00
2026-10-07,341,monthly_trace,14083865,小林＿現役採用担当,coderoute90,https://note.com/coderoute90,True,0,1,941,2026-10-08T09:23:06.963965+09:00,2026-10-01T00:00:00+09:00,2026-10-08T09:12:32+09:00
2026-10-07,342,monthly_trace,1712233,峰岸 楓（ソングライター＆シンガー）,fu3minegishi,https://note.com/fu3minegishi,True,0,1,108,2026-10-08T09:23:06.963965+09:00,2026-10-01T00:00:00+09:00,2026-10-08T09:12:32+09:00
2026-10-07,343,monthly_trace,12304422,思考のモデラー,thinkinglevel999,https://note.com/thinkinglevel999,True,0,1,135,2026-10-08T09:23:06.963965+09:00,2026-10-01T00:00:00+09:00,2026-10-08T09:12:32+09:00
2026-10-07,344,monthly_trace,12106767,惰眠がしたい赤猫さん,lef_works,https://note.com/lef_works,True,0,1,276,2026-10-08T09:23:06.963965+09:00,2026-10-01T00:00:00+09:00,2026-10-08T09:12:32+09:00
2026-10-07,345,monthly_trace,11807999,戸部アンソン（トベアンソン・とべあんそん）,31ki,https://note.com/31ki,True,0,1,1658,2026-10-08T09:23:06.963965+09:00,2026-10-01T00:00:00+09:00,2026-10-08T09:12:32+09:00
2026-10-07,346,monthly_trace,14531881,採用担当やってます。,saiyotanto,https://note.com/saiyotanto,True,0,1,171,2026-10-08T09:23:06.963965+09:00,2026-10-01T00:00:00+09:00,2026-10-08T09:12:32+09:00
2026-10-07,347,monthly_trace,15624543,文殊 知恵,uiki_monju,https://note.com/uiki_monju,True,0,1,66,2026-10-08T09:23:06.963965+09:00,2026-10-01T00:00:00+09:00,2026-10-08T09:12:32+09:00
2026-10-07,348,monthly_trace,13908776,暮らしのリハ医K,quirky_lotus3945,https://note.com/quirky_lotus3945,True,0,1,37,2026-10-08T09:23:06.963965+09:00,2026-10-01T00:00:00+09:00,2026-10-08T09:12:32+09:00
2026-10-07,349,monthly_trace,12138574,暮らしの整え相談室　ぽんまぁ,ponmaaa,https://note.com/ponmaaa,True,0,1,401,2026-10-08T09:23:06.963965+09:00,2026-10-01T00:00:00+09:00,2026-10-08T09:12:32+09:00
2026-10-07,350,monthly_trace,14445040,月凪（つきなぎ）,like_ferret2194,https://note.com/like_ferret2194,True,0,1,1117,2026-10-08T09:23:06.963965+09:00,2026-10-01T00:00:00+09:00,2026-10-08T09:12:32+09:00
2026-10-07,351,monthly_trace,15729270,木乃 しゃもじ,shamoji_miteru,https://note.com/shamoji_miteru,True,0,1,15,2026-10-08T09:23:06.963965+09:00,2026-10-01T00:00:00+09:00,2026-10-08T09:12:32+09:00
2026-10-07,352,monthly_trace,12300232,株式会社DAICHU_大中智史,daichu_drum,https://note.com/daichu_drum,True,0,1,712,2026-10-08T09:23:06.963965+09:00,2026-10-01T00:00:00+09:00,2026-10-08T09:12:32+09:00
2026-10-07,353,monthly_trace,10695324,桜木愛子,aikosakuragi,https://note.com/aikosakuragi,True,0,1,277,2026-10-08T09:23:06.963965+09:00,2026-10-01T00:00:00+09:00,2026-10-08T09:12:32+09:00
2026-10-07,354,monthly_trace,6326357,棚島 香帆汰（たなしま かほた）,brave_bee548,https://note.com/brave_bee548,True,0,1,749,2026-10-08T09:23:06.963965+09:00,2026-10-01T00:00:00+09:00,2026-10-08T09:12:32+09:00
2026-10-07,355,monthly_trace,15474390,森乃つきひ,morinotukihi,https://note.com/morinotukihi,True,0,1,92,2026-10-08T09:23:06.963965+09:00,2026-10-01T00:00:00+09:00,2026-10-08T09:12:32+09:00
2026-10-07,356,monthly_trace,9980809,気まぐれ執事｜AIでキャラの日常をつくる,rapid_mint5831,https://note.com/rapid_mint5831,True,0,1,146,2026-10-08T09:23:06.963965+09:00,2026-10-01T00:00:00+09:00,2026-10-08T09:12:32+09:00
2026-10-07,357,monthly_trace,10431177,水晶ゆめ🔮当てない占い師×夢を灯す創作家,yume_suisho,https://note.com/yume_suisho,True,0,1,5580,2026-10-08T09:23:06.963965+09:00,2026-10-01T00:00:00+09:00,2026-10-08T09:12:32+09:00
2026-10-07,358,monthly_trace,13221964,氷河期大家.アパタロウ（1年で資産1億、家賃収入1500万）,chintaigyou,https://note.com/chintaigyou,True,0,1,549,2026-10-08T09:23:06.963965+09:00,2026-10-01T00:00:00+09:00,2026-10-08T09:12:32+09:00
2026-10-07,359,monthly_trace,15288249,永野優作,mute_phlox837,https://note.com/mute_phlox837,True,0,1,920,2026-10-08T09:23:06.963965+09:00,2026-10-01T00:00:00+09:00,2026-10-08T09:12:32+09:00
2026-10-07,360,monthly_trace,5052671,海外３児ママの幸福講義,naruyouni,https://note.com/naruyouni,True,0,1,276,2026-10-08T09:23:06.963965+09:00,2026-10-01T00:00:00+09:00,2026-10-08T09:12:32+09:00
2026-10-07,361,monthly_trace,14926894,渚は今日も遠回り,vivid_stilt8535,https://note.com/vivid_stilt8535,True,0,1,459,2026-10-08T09:23:06.963965+09:00,2026-10-01T00:00:00+09:00,2026-10-08T09:12:32+09:00
2026-10-07,362,monthly_trace,13993194,灯の旅人｜創作と人の心を観測する人,traveler_light,https://note.com/traveler_light,True,0,1,1185,2026-10-08T09:23:06.963965+09:00,2026-10-01T00:00:00+09:00,2026-10-08T09:12:32+09:00
2026-10-07,363,monthly_trace,9619867,灰猫はいねこ,nice_pony9719,https://note.com/nice_pony9719,True,0,1,483,2026-10-08T09:23:06.963965+09:00,2026-10-01T00:00:00+09:00,2026-10-08T09:12:32+09:00
2026-10-07,364,monthly_trace,13965601,独創薬剤師スガ,shiny_lotus4547,https://note.com/shiny_lotus4547,True,0,1,233,2026-10-08T09:23:06.963965+09:00,2026-10-01T00:00:00+09:00,2026-10-08T09:12:32+09:00
2026-10-07,365,monthly_trace,15707736,生きているだけで偉い,firm_condor91,https://note.com/firm_condor91,True,0,1,73,2026-10-08T09:23:06.963965+09:00,2026-10-01T00:00:00+09:00,2026-10-08T09:12:32+09:00
2026-10-07,366,monthly_trace,11845401,生成AI横並び検証室,yokonarabi_lab,https://note.com/yokonarabi_lab,True,0,1,69,2026-10-08T09:23:06.963965+09:00,2026-10-01T00:00:00+09:00,2026-10-08T09:12:32+09:00
2026-10-07,367,monthly_trace,12871462,田中｜紙→AI→自動化,tanaka_hagatatsu,https://note.com/tanaka_hagatatsu,True,0,1,441,2026-10-08T09:23:06.963965+09:00,2026-10-01T00:00:00+09:00,2026-10-08T09:12:32+09:00
2026-10-07,368,monthly_trace,13927984,画愛えーあいリテラシー,safe_yeti2010,https://note.com/safe_yeti2010,True,0,1,213,2026-10-08T09:23:06.963965+09:00,2026-10-01T00:00:00+09:00,2026-10-08T09:12:32+09:00
2026-10-07,369,monthly_trace,15660887,紫音ぽんこ🟣｜AI・note初心者｜ほぼ相互フォロー,ponko_ai2026,https://note.com/ponko_ai2026,True,0,1,217,2026-10-08T09:23:06.963965+09:00,2026-10-01T00:00:00+09:00,2026-10-08T09:12:32+09:00
2026-10-07,370,monthly_trace,13135350,綿毛,easy_hound4116,https://note.com/easy_hound4116,True,0,1,47,2026-10-08T09:23:06.963965+09:00,2026-10-01T00:00:00+09:00,2026-10-08T09:12:32+09:00
2026-10-07,371,monthly_trace,13613385,羅生門SKY,codex_strategy,https://note.com/codex_strategy,True,0,1,468,2026-10-08T09:23:06.963965+09:00,2026-10-01T00:00:00+09:00,2026-10-08T09:12:32+09:00
2026-10-07,372,monthly_trace,15729594,羊毛の魔女パレット🐏,novel_woolpallet,https://note.com/novel_woolpallet,True,0,1,25,2026-10-08T09:23:06.963965+09:00,2026-10-01T00:00:00+09:00,2026-10-08T09:12:32+09:00
2026-10-07,373,monthly_trace,3875022,翔太郎,koyayou,https://note.com/koyayou,True,0,1,102,2026-10-08T09:23:06.963965+09:00,2026-10-01T00:00:00+09:00,2026-10-08T09:12:32+09:00
2026-10-07,374,monthly_trace,6537962,花まるエレメンタリーミドルスクール,hanamentary,https://note.com/hanamentary,True,0,1,335,2026-10-08T09:23:06.963965+09:00,2026-10-01T00:00:00+09:00,2026-10-08T09:12:32+09:00
2026-10-07,375,monthly_trace,5947863,菅谷健太郎,light_coyote380,https://note.com/light_coyote380,True,0,1,8240,2026-10-08T09:23:06.963965+09:00,2026-10-01T00:00:00+09:00,2026-10-08T09:12:32+09:00
2026-10-07,376,monthly_trace,13674543,許 亜軍｜AI経営の実践者,joinclass,https://note.com/joinclass,True,0,1,35,2026-10-08T09:23:06.963965+09:00,2026-10-01T00:00:00+09:00,2026-10-08T09:12:32+09:00
2026-10-07,377,monthly_trace,13426415,詩織のAI生成日記,shiori_ai_diary,https://note.com/shiori_ai_diary,True,0,1,152,2026-10-08T09:23:06.963965+09:00,2026-10-01T00:00:00+09:00,2026-10-08T09:12:32+09:00
2026-10-07,378,monthly_trace,15050083,謙虚な猫さん,korenannda56,https://note.com/korenannda56,True,0,1,1069,2026-10-08T09:23:06.963965+09:00,2026-10-01T00:00:00+09:00,2026-10-08T09:12:32+09:00
2026-10-07,379,monthly_trace,13188249,転がるじゃがいも,zutto_otaku8626,https://note.com/zutto_otaku8626,True,0,1,85,2026-10-08T09:23:06.963965+09:00,2026-10-01T00:00:00+09:00,2026-10-08T09:12:32+09:00
2026-10-07,380,monthly_trace,14980481,運気コンシェルジュ　こじまる,gifted_owl2148,https://note.com/gifted_owl2148,True,0,1,431,2026-10-08T09:23:06.963965+09:00,2026-10-01T00:00:00+09:00,2026-10-08T09:12:32+09:00
2026-10-07,381,monthly_trace,14927519,鍵＠ノーコードAI,h_nocode_ai_lab,https://note.com/h_nocode_ai_lab,True,0,1,399,2026-10-08T09:23:06.963965+09:00,2026-10-01T00:00:00+09:00,2026-10-08T09:12:32+09:00
2026-10-07,382,monthly_trace,6562253,隆之@モノづくりの現場を考える,taka_sas_1979,https://note.com/taka_sas_1979,True,0,1,437,2026-10-08T09:23:06.963965+09:00,2026-10-01T00:00:00+09:00,2026-10-08T09:12:32+09:00
2026-10-07,383,monthly_trace,15654860,鹿恋,lithe_nun9449,https://note.com/lithe_nun9449,True,0,1,39,2026-10-08T09:23:06.963965+09:00,2026-10-01T00:00:00+09:00,2026-10-08T09:12:32+09:00
2026-10-07,384,monthly_trace,6615574,黒狐｜1桁フォロワーで高額を売る専門家,sefish,https://note.com/sefish,True,0,1,128,2026-10-08T09:23:06.963965+09:00,2026-10-01T00:00:00+09:00,2026-10-08T09:12:32+09:00
2026-10-07,385,monthly_trace,13697762,🐟ニシンナス🍆,nishin_herring,https://note.com/nishin_herring,True,0,1,163,2026-10-08T09:23:06.963965+09:00,2026-10-01T00:00:00+09:00,2026-10-08T09:12:32+09:00
2026-10-07,386,monthly_trace,1918900,🔥Autorace　Fire🔥,cool_jacana4193,https://note.com/cool_jacana4193,True,0,1,1046,2026-10-08T09:23:06.963965+09:00,2026-10-01T00:00:00+09:00,2026-10-08T09:12:32+09:00
2026-10-08,1,monthly_trace,13158712,コヤギ｜静かに暮らす,koyagishizukani,https://note.com/koyagishizukani,True,1,52,268,2026-10-08T09:23:06.963965+09:00,2026-10-01T00:00:00+09:00,2026-10-08T09:12:32+09:00
2026-10-08,2,monthly_trace,13900618,sophie,scribble_1000,https://note.com/scribble_1000,True,1,12,944,2026-10-08T09:23:06.963965+09:00,2026-10-01T00:00:00+09:00,2026-10-08T09:12:32+09:00
2026-10-08,3,monthly_trace,12668465,紅茶🫖｜ことばの庭,usagi_no_mimi_,https://note.com/usagi_no_mimi_,True,0,12,293,2026-10-08T09:23:06.963965+09:00,2026-10-01T00:00:00+09:00,2026-10-08T09:12:32+09:00
2026-10-08,4,monthly_trace,6426263,はるかな,ai_crayon_04,https://note.com/ai_crayon_04,True,1,11,165,2026-10-08T09:23:06.963965+09:00,2026-10-01T00:00:00+09:00,2026-10-08T09:12:32+09:00
2026-10-08,5,monthly_trace,14239507,ミュリン♪(*´ω`*)✨,star246,https://note.com/star246,True,1,11,1230,2026-10-08T09:23:06.963965+09:00,2026-10-01T00:00:00+09:00,2026-10-08T09:12:32+09:00
2026-10-08,6,monthly_trace,13140757,雪詠｜ゆきよみ,yukiyomi,https://note.com/yukiyomi,True,0,11,1027,2026-10-08T09:23:06.963965+09:00,2026-10-01T00:00:00+09:00,2026-10-08T09:12:32+09:00
2026-10-08,7,monthly_trace,9474730,uchutune,uchutune3131,https://note.com/uchutune3131,True,1,10,242,2026-10-08T09:23:06.963965+09:00,2026-10-01T00:00:00+09:00,2026-10-08T09:12:32+09:00
2026-10-08,8,monthly_trace,13305460,とりかじ｜研究職パパの家庭DX研究室,like_cosmos1242,https://note.com/like_cosmos1242,True,1,10,159,2026-10-08T09:23:06.963965+09:00,2026-10-01T00:00:00+09:00,2026-10-08T09:12:32+09:00
2026-10-08,9,monthly_trace,11807623,Anna,modern_lion2880,https://note.com/modern_lion2880,True,1,9,1044,2026-10-08T09:23:06.963965+09:00,2026-10-01T00:00:00+09:00,2026-10-08T09:12:32+09:00
2026-10-08,10,monthly_trace,564742,ta_kawano,takawano,https://note.com/takawano,True,1,9,140,2026-10-08T09:23:06.963965+09:00,2026-10-01T00:00:00+09:00,2026-10-08T09:12:32+09:00
2026-10-08,11,monthly_trace,10460304,ちんぱん🐒耳毛〰(˙👄˙)〰,ojisan_chinpan,https://note.com/ojisan_chinpan,True,1,9,1574,2026-10-08T09:23:06.963965+09:00,2026-10-01T00:00:00+09:00,2026-10-08T09:12:32+09:00
2026-10-08,12,monthly_trace,3598618,はしゃも｜感情構造エンジニア,hasyamo,https://note.com/hasyamo,True,1,9,736,2026-10-08T09:23:06.963965+09:00,2026-10-01T00:00:00+09:00,2026-10-08T09:12:32+09:00
2026-10-08,13,monthly_trace,13642246,やっさん（yasuda）,large_iguana6415,https://note.com/large_iguana6415,True,1,9,1684,2026-10-08T09:23:06.963965+09:00,2026-10-01T00:00:00+09:00,2026-10-08T09:12:32+09:00
2026-10-08,14,monthly_trace,13870436,ママ薬剤師HONO,hospital_ph_hono,https://note.com/hospital_ph_hono,True,1,9,1071,2026-10-08T09:23:06.963965+09:00,2026-10-01T00:00:00+09:00,2026-10-08T09:12:32+09:00
2026-10-08,15,monthly_trace,11870206,椿みきこ🌸季節の花ごよみ,hirata_mikiko60,https://note.com/hirata_mikiko60,True,1,9,1007,2026-10-08T09:23:06.963965+09:00,2026-10-01T00:00:00+09:00,2026-10-08T09:12:32+09:00
2026-10-08,16,monthly_trace,14414366,碧乃さくら,unique_turkey951,https://note.com/unique_turkey951,True,1,9,959,2026-10-08T09:23:06.963965+09:00,2026-10-01T00:00:00+09:00,2026-10-08T09:12:32+09:00
2026-10-08,17,monthly_trace,12197172,緑どんぐり,green_donguri,https://note.com/green_donguri,True,1,9,2035,2026-10-08T09:23:06.963965+09:00,2026-10-01T00:00:00+09:00,2026-10-08T09:12:32+09:00
2026-10-08,18,monthly_trace,12158291,考える赤柴｜ハロウィンアート2026応援中,eager_thyme9842,https://note.com/eager_thyme9842,True,1,9,699,2026-10-08T09:23:06.963965+09:00,2026-10-01T00:00:00+09:00,2026-10-08T09:12:32+09:00
2026-10-08,19,monthly_trace,12983172,masaya｜テンカラフル,10colorful,https://note.com/10colorful,True,1,8,2289,2026-10-08T09:23:06.963965+09:00,2026-10-01T00:00:00+09:00,2026-10-08T09:12:32+09:00
2026-10-08,20,monthly_trace,346575,桜星雨夜,squallxxx,https://note.com/squallxxx,True,1,8,89,2026-10-08T09:23:06.963965+09:00,2026-10-01T00:00:00+09:00,2026-10-08T09:12:32+09:00
2026-10-08,21,monthly_trace,10511593,しれネコ🐾｜迷子の気持ち、 ちょっと軽く,large_hosta3387,https://note.com/large_hosta3387,True,0,8,1126,2026-10-08T09:23:06.963965+09:00,2026-10-01T00:00:00+09:00,2026-10-08T09:12:32+09:00
2026-10-08,22,monthly_trace,2490558,だんだんありがと@めじゅ,dandan_arigato19,https://note.com/dandan_arigato19,True,0,8,781,2026-10-08T09:23:06.963965+09:00,2026-10-01T00:00:00+09:00,2026-10-08T09:12:32+09:00
2026-10-08,23,monthly_trace,14363101,ゆ,yuuwa1046,https://note.com/yuuwa1046,True,0,8,210,2026-10-08T09:23:06.963965+09:00,2026-10-01T00:00:00+09:00,2026-10-08T09:12:32+09:00
2026-10-08,24,monthly_trace,13806959,ミライダネ,suzuka020825,https://note.com/suzuka020825,True,2,7,994,2026-10-08T09:23:06.963965+09:00,2026-10-01T00:00:00+09:00,2026-10-08T09:12:32+09:00
2026-10-08,25,monthly_trace,15611455,DABOちゃん｜ゴルフ×AI×SNS継続の記録,dabochan_gogo,https://note.com/dabochan_gogo,True,1,7,329,2026-10-08T09:23:06.963965+09:00,2026-10-01T00:00:00+09:00,2026-10-08T09:12:32+09:00
2026-10-08,26,monthly_trace,14820938,Labo.,futurelnve5r,https://note.com/futurelnve5r,True,1,7,1811,2026-10-08T09:23:06.963965+09:00,2026-10-01T00:00:00+09:00,2026-10-08T09:12:32+09:00
2026-10-08,27,monthly_trace,13777980,しげちーSS,shjgechy,https://note.com/shjgechy,True,1,7,733,2026-10-08T09:23:06.963965+09:00,2026-10-01T00:00:00+09:00,2026-10-08T09:12:32+09:00
2026-10-08,28,monthly_trace,10332488,ななな｜もやもや減らし屋,alive_prawn4206,https://note.com/alive_prawn4206,True,1,7,454,2026-10-08T09:23:06.963965+09:00,2026-10-01T00:00:00+09:00,2026-10-08T09:12:32+09:00
2026-10-08,29,monthly_trace,13231653,エビちり,open_eel2077,https://note.com/open_eel2077,True,1,7,410,2026-10-08T09:23:06.963965+09:00,2026-10-01T00:00:00+09:00,2026-10-08T09:12:32+09:00
2026-10-08,30,monthly_trace,12358153,ハル｜Tokyo Visual Moments,dreamy_quail9288,https://note.com/dreamy_quail9288,True,1,7,544,2026-10-08T09:23:06.963965+09:00,2026-10-01T00:00:00+09:00,2026-10-08T09:12:32+09:00
2026-10-08,31,monthly_trace,13628385,ヘクたろー|緑内障でも「面白い」を残したい男,hekutaro_0520,https://note.com/hekutaro_0520,True,1,7,728,2026-10-08T09:23:06.963965+09:00,2026-10-01T00:00:00+09:00,2026-10-08T09:12:32+09:00
2026-10-08,32,monthly_trace,13133778,【無名 S note】18日でフォロワー1000名🚨連続収益中！48マガ・13共マガ運営 参加72🙆,ss_yr,https://note.com/ss_yr,True,0,7,2157,2026-10-08T09:23:06.963965+09:00,2026-10-01T00:00:00+09:00,2026-10-08T09:12:32+09:00
2026-10-08,33,monthly_trace,13430194,あきまむ｜AIとnoteを楽しむ,fond_shark9221,https://note.com/fond_shark9221,True,0,7,344,2026-10-08T09:23:06.963965+09:00,2026-10-01T00:00:00+09:00,2026-10-08T09:12:32+09:00
2026-10-08,34,monthly_trace,13892517,みき＠社労士事務所のしがないパンダ,modern_dill3027,https://note.com/modern_dill3027,True,0,7,277,2026-10-08T09:23:06.963965+09:00,2026-10-01T00:00:00+09:00,2026-10-08T09:12:32+09:00
2026-10-08,35,monthly_trace,10827166,コンパス みき✨️好きのタネ🌱‬‪を育てる案内人,compass_m360,https://note.com/compass_m360,True,0,7,2047,2026-10-08T09:23:06.963965+09:00,2026-10-01T00:00:00+09:00,2026-10-08T09:12:32+09:00
2026-10-08,36,monthly_trace,7830971,ハカセ アイ (Ai-Hakase)🐱YouTube × 記事でトレンドAIを解説する為のnote🐾,ai_hakase,https://note.com/ai_hakase,True,0,7,7813,2026-10-08T09:23:06.963965+09:00,2026-10-01T00:00:00+09:00,2026-10-08T09:12:32+09:00
2026-10-08,37,monthly_trace,6312735,ピナクル,modern_holly38,https://note.com/modern_holly38,True,0,7,468,2026-10-08T09:23:06.963965+09:00,2026-10-01T00:00:00+09:00,2026-10-08T09:12:32+09:00
2026-10-08,38,monthly_trace,14494109,藤｜AIと仕事も遊びも本気,nanamay11023,https://note.com/nanamay11023,True,0,7,308,2026-10-08T09:23:06.963965+09:00,2026-10-01T00:00:00+09:00,2026-10-08T09:12:32+09:00
2026-10-08,39,monthly_trace,253443,雪月 音弥,otoya_step,https://note.com/otoya_step,True,0,7,80,2026-10-08T09:23:06.963965+09:00,2026-10-01T00:00:00+09:00,2026-10-08T09:12:32+09:00
2026-10-08,40,monthly_trace,12149394,あめ｜AIと言葉の日々,ame_to_ai,https://note.com/ame_to_ai,True,1,6,727,2026-10-08T09:23:06.963965+09:00,2026-10-01T00:00:00+09:00,2026-10-08T09:12:32+09:00
2026-10-08,41,monthly_trace,12775322,カワムラ｜AI擬人化漫画 | ChatGPTのヨシダ,chatgpt_ysd,https://note.com/chatgpt_ysd,True,1,6,2435,2026-10-08T09:23:06.963965+09:00,2026-10-01T00:00:00+09:00,2026-10-08T09:12:32+09:00
2026-10-08,42,monthly_trace,11583083,夏目羊,hitsuji_natsume,https://note.com/hitsuji_natsume,True,1,6,2157,2026-10-08T09:23:06.963965+09:00,2026-10-01T00:00:00+09:00,2026-10-08T09:12:32+09:00
2026-10-08,43,monthly_trace,14642195,vagabond1497,loyal_fox8450,https://note.com/loyal_fox8450,True,0,6,75,2026-10-08T09:23:06.963965+09:00,2026-10-01T00:00:00+09:00,2026-10-08T09:12:32+09:00
2026-10-08,44,monthly_trace,15007270,しま | 日常にそっと英語を,shima_shima03,https://note.com/shima_shima03,True,0,6,84,2026-10-08T09:23:06.963965+09:00,2026-10-01T00:00:00+09:00,2026-10-08T09:12:32+09:00
2026-10-08,45,monthly_trace,10501834,みふゆ＆成瀬圭｜AIパートナーとnote実験中｜フォロバ100,kei_mifu,https://note.com/kei_mifu,True,0,6,1267,2026-10-08T09:23:06.963965+09:00,2026-10-01T00:00:00+09:00,2026-10-08T09:12:32+09:00
2026-10-08,46,monthly_trace,11634537,ナオユキ｜物語と知識のコンシェルジュ,ai_naoyuki,https://note.com/ai_naoyuki,True,0,6,3696,2026-10-08T09:23:06.963965+09:00,2026-10-01T00:00:00+09:00,2026-10-08T09:12:32+09:00
2026-10-08,47,monthly_trace,13094187,ミナト汐　＠光と構図のアトリエ,n_kazumai55633,https://note.com/n_kazumai55633,True,0,6,1112,2026-10-08T09:23:06.963965+09:00,2026-10-01T00:00:00+09:00,2026-10-08T09:12:32+09:00
2026-10-08,48,monthly_trace,7547534,メイシン,mei_shin,https://note.com/mei_shin,True,0,6,4284,2026-10-08T09:23:06.963965+09:00,2026-10-01T00:00:00+09:00,2026-10-08T09:12:32+09:00
2026-10-08,49,monthly_trace,14080392,長坂　珠子　│ケアマネ×後見人×投資家,nagasaka_tamako,https://note.com/nagasaka_tamako,True,0,6,324,2026-10-08T09:23:06.963965+09:00,2026-10-01T00:00:00+09:00,2026-10-08T09:12:32+09:00
2026-10-08,50,monthly_trace,11877070,アルフレッド(ALFRED),game_system_alex,https://note.com/game_system_alex,True,1,5,4175,2026-10-08T09:23:06.963965+09:00,2026-10-01T00:00:00+09:00,2026-10-08T09:12:32+09:00
2026-10-08,51,monthly_trace,14567125,メモ魔┃AI×4コマ漫画,memoma_ai,https://note.com/memoma_ai,True,1,5,150,2026-10-08T09:23:06.963965+09:00,2026-10-01T00:00:00+09:00,2026-10-08T09:12:32+09:00
2026-10-08,52,monthly_trace,15329238,ラナ🌺,kocori256,https://note.com/kocori256,True,1,5,122,2026-10-08T09:23:06.963965+09:00,2026-10-01T00:00:00+09:00,2026-10-08T09:12:32+09:00
2026-10-08,53,monthly_trace,11058763,濱口貴光@AIとデータサイエンスが好きな薬剤師,pharma_i_cist,https://note.com/pharma_i_cist,True,1,5,1170,2026-10-08T09:23:06.963965+09:00,2026-10-01T00:00:00+09:00,2026-10-08T09:12:32+09:00
2026-10-08,54,monthly_trace,13259374,Joe Tsukasa,joe2x100,https://note.com/joe2x100,True,0,5,1099,2026-10-08T09:23:06.963965+09:00,2026-10-01T00:00:00+09:00,2026-10-08T09:12:32+09:00
2026-10-08,55,monthly_trace,13878107,うんちゃん｜開運実験,unchan_happy,https://note.com/unchan_happy,True,0,5,848,2026-10-08T09:23:06.963965+09:00,2026-10-01T00:00:00+09:00,2026-10-08T09:12:32+09:00
2026-10-08,56,monthly_trace,1580107,ぐれんの　おにぎり@ あなたを人生の主人公にする心理家,selcject,https://note.com/selcject,True,0,5,3430,2026-10-08T09:23:06.963965+09:00,2026-10-01T00:00:00+09:00,2026-10-08T09:12:32+09:00
2026-10-08,57,monthly_trace,12025079,けー虎 | AIマンガであなたのココロゆるませます！,solo_diary,https://note.com/solo_diary,True,0,5,681,2026-10-08T09:23:06.963965+09:00,2026-10-01T00:00:00+09:00,2026-10-08T09:12:32+09:00
2026-10-08,58,monthly_trace,1218500,さくら,sakura_wellness,https://note.com/sakura_wellness,True,0,5,1689,2026-10-08T09:23:06.963965+09:00,2026-10-01T00:00:00+09:00,2026-10-08T09:12:32+09:00
2026-10-08,59,monthly_trace,12301144,ゆぴか｜働きづらさから在宅ワークを模索中☀︎,tasty_quoll5392,https://note.com/tasty_quoll5392,True,0,5,799,2026-10-08T09:23:06.963965+09:00,2026-10-01T00:00:00+09:00,2026-10-08T09:12:32+09:00
2026-10-08,60,monthly_trace,15680481,サンタクラシ🍄,love_chance,https://note.com/love_chance,True,0,5,59,2026-10-08T09:23:06.963965+09:00,2026-10-01T00:00:00+09:00,2026-10-08T09:12:32+09:00
2026-10-08,61,monthly_trace,15394915,柴犬ゆる暮らし｜柴ゆる,calm_sedum3458,https://note.com/calm_sedum3458,True,0,5,140,2026-10-08T09:23:06.963965+09:00,2026-10-01T00:00:00+09:00,2026-10-08T09:12:32+09:00
2026-10-08,62,monthly_trace,4877017,須川元介/情報翻訳家,skagenavi,https://note.com/skagenavi,True,0,5,2729,2026-10-08T09:23:06.963965+09:00,2026-10-01T00:00:00+09:00,2026-10-08T09:12:32+09:00
2026-10-08,63,monthly_trace,13991022,麻乃颯月|卒婚を決めたアラ還主婦,satuki_asano501,https://note.com/satuki_asano501,True,0,5,523,2026-10-08T09:23:06.963965+09:00,2026-10-01T00:00:00+09:00,2026-10-08T09:12:32+09:00
2026-10-08,64,monthly_trace,12624691,noteと遊ぶ あん,aging_gracefully,https://note.com/aging_gracefully,True,1,4,1615,2026-10-08T09:23:06.963965+09:00,2026-10-01T00:00:00+09:00,2026-10-08T09:12:32+09:00
2026-10-08,65,monthly_trace,13043888,空手家パパ,gentle_curlew322,https://note.com/gentle_curlew322,True,1,4,1172,2026-10-08T09:23:06.963965+09:00,2026-10-01T00:00:00+09:00,2026-10-08T09:12:32+09:00
2026-10-08,66,monthly_trace,13125356,EARTH🌎,fast_thyme336,https://note.com/fast_thyme336,True,0,4,751,2026-10-08T09:23:06.963965+09:00,2026-10-01T00:00:00+09:00,2026-10-08T09:12:32+09:00
2026-10-08,67,monthly_trace,12966384,FANTASY-AI JP,mute_hyena5293,https://note.com/mute_hyena5293,True,0,4,237,2026-10-08T09:23:06.963965+09:00,2026-10-01T00:00:00+09:00,2026-10-08T09:12:32+09:00
2026-10-08,68,monthly_trace,11178899,KEN 田舎で介護,fit_lion6308,https://note.com/fit_lion6308,True,0,4,614,2026-10-08T09:23:06.963965+09:00,2026-10-01T00:00:00+09:00,2026-10-08T09:12:32+09:00
2026-10-08,69,monthly_trace,14884158,kazuma,kazuma3924,https://note.com/kazuma3924,True,0,4,234,2026-10-08T09:23:06.963965+09:00,2026-10-01T00:00:00+09:00,2026-10-08T09:12:32+09:00
2026-10-08,70,monthly_trace,12521570,しろのある,shirono_aru,https://note.com/shirono_aru,True,0,4,4240,2026-10-08T09:23:06.963965+09:00,2026-10-01T00:00:00+09:00,2026-10-08T09:12:32+09:00
2026-10-08,71,monthly_trace,12235137,ねんころ@AIクリエイター,nenkoro_life,https://note.com/nenkoro_life,True,0,4,2021,2026-10-08T09:23:06.963965+09:00,2026-10-01T00:00:00+09:00,2026-10-08T09:12:32+09:00
2026-10-08,72,monthly_trace,11968206,もり｜40代の“仕事を軽くする”リスキリング,mori_reskilling,https://note.com/mori_reskilling,True,0,4,520,2026-10-08T09:23:06.963965+09:00,2026-10-01T00:00:00+09:00,2026-10-08T09:12:32+09:00
2026-10-08,73,monthly_trace,15261516,ザリ夫,zario,https://note.com/zario,True,0,4,779,2026-10-08T09:23:06.963965+09:00,2026-10-01T00:00:00+09:00,2026-10-08T09:12:32+09:00
2026-10-08,74,monthly_trace,2440740,遊流亭（ゆるてい）よたろう,4i1d0m6k,https://note.com/4i1d0m6k,True,0,4,248,2026-10-08T09:23:06.963965+09:00,2026-10-01T00:00:00+09:00,2026-10-08T09:12:32+09:00
2026-10-08,75,monthly_trace,15202016,Jota,jotavane,https://note.com/jotavane,True,1,3,402,2026-10-08T09:23:06.963965+09:00,2026-10-01T00:00:00+09:00,2026-10-08T09:12:32+09:00
2026-10-08,76,monthly_trace,8342960,しぶりん,nice_tulip320,https://note.com/nice_tulip320,True,1,3,154,2026-10-08T09:23:06.963965+09:00,2026-10-01T00:00:00+09:00,2026-10-08T09:12:32+09:00
2026-10-08,77,monthly_trace,13911087,ちっぷのこころ🎡,lovely_stork7575,https://note.com/lovely_stork7575,True,1,3,529,2026-10-08T09:23:06.963965+09:00,2026-10-01T00:00:00+09:00,2026-10-08T09:12:32+09:00
2026-10-08,78,monthly_trace,10071829,動きのラフテル@理学療法,proper_swan3597,https://note.com/proper_swan3597,True,1,3,1712,2026-10-08T09:23:06.963965+09:00,2026-10-01T00:00:00+09:00,2026-10-08T09:12:32+09:00
2026-10-08,79,monthly_trace,455384,庭師ふろんた｜3兄弟パパ,niwashi_fronta,https://note.com/niwashi_fronta,True,1,3,1469,2026-10-08T09:23:06.963965+09:00,2026-10-01T00:00:00+09:00,2026-10-08T09:12:32+09:00
2026-10-08,80,monthly_trace,14243034,Admin・K ＆ Ash,drastic_world,https://note.com/drastic_world,True,0,3,36,2026-10-08T09:23:06.963965+09:00,2026-10-01T00:00:00+09:00,2026-10-08T09:12:32+09:00
2026-10-08,81,monthly_trace,10326174,Chill｜人生後半、進化中,chill_2525,https://note.com/chill_2525,True,0,3,2317,2026-10-08T09:23:06.963965+09:00,2026-10-01T00:00:00+09:00,2026-10-08T09:12:32+09:00
2026-10-08,82,monthly_trace,14262349,Moca | note 勉強中,moca_piano,https://note.com/moca_piano,True,0,3,2,2026-10-08T09:23:06.963965+09:00,2026-10-01T00:00:00+09:00,2026-10-08T09:12:32+09:00
2026-10-08,83,monthly_trace,15290558,pito,hirocho_1125,https://note.com/hirocho_1125,True,0,3,97,2026-10-08T09:23:06.963965+09:00,2026-10-01T00:00:00+09:00,2026-10-08T09:12:32+09:00
2026-10-08,84,monthly_trace,13473442,sumica,corvus_754,https://note.com/corvus_754,True,0,3,142,2026-10-08T09:23:06.963965+09:00,2026-10-01T00:00:00+09:00,2026-10-08T09:12:32+09:00
2026-10-08,85,monthly_trace,10803734,yaema,syousonankei2523,https://note.com/syousonankei2523,True,0,3,121,2026-10-08T09:23:06.963965+09:00,2026-10-01T00:00:00+09:00,2026-10-08T09:12:32+09:00
2026-10-08,86,monthly_trace,13621165,ごんた,glad_hosta9940,https://note.com/glad_hosta9940,True,0,3,118,2026-10-08T09:23:06.963965+09:00,2026-10-01T00:00:00+09:00,2026-10-08T09:12:32+09:00
2026-10-08,87,monthly_trace,15691006,しゅうぽん,magic_raven4423,https://note.com/magic_raven4423,True,0,3,17,2026-10-08T09:23:06.963965+09:00,2026-10-01T00:00:00+09:00,2026-10-08T09:12:32+09:00
2026-10-08,88,monthly_trace,13215594,じゅに。,ushidoshi_life,https://note.com/ushidoshi_life,True,0,3,912,2026-10-08T09:23:06.963965+09:00,2026-10-01T00:00:00+09:00,2026-10-08T09:12:32+09:00
2026-10-08,89,monthly_trace,14824580,たける　【日本正義・いのち党】,sane_coot4394,https://note.com/sane_coot4394,True,0,3,353,2026-10-08T09:23:06.963965+09:00,2026-10-01T00:00:00+09:00,2026-10-08T09:12:32+09:00
2026-10-08,90,monthly_trace,12789134,とり,tori2323,https://note.com/tori2323,True,0,3,3755,2026-10-08T09:23:06.963965+09:00,2026-10-01T00:00:00+09:00,2026-10-08T09:12:32+09:00
2026-10-08,91,monthly_trace,5707184,ねこママ｜陽紡 Hitsumugi,nekodamari,https://note.com/nekodamari,True,0,3,594,2026-10-08T09:23:06.963965+09:00,2026-10-01T00:00:00+09:00,2026-10-08T09:12:32+09:00
2026-10-08,92,monthly_trace,14903985,まっちゃ💚AI活用とnote副業ラボ,matcha_aispirit,https://note.com/matcha_aispirit,True,0,3,812,2026-10-08T09:23:06.963965+09:00,2026-10-01T00:00:00+09:00,2026-10-08T09:12:32+09:00
2026-10-08,93,monthly_trace,14463811,みゆこ｜菜園ティスト🌱　「やってみた」を楽しもう,miyuki1192,https://note.com/miyuki1192,True,0,3,1083,2026-10-08T09:23:06.963965+09:00,2026-10-01T00:00:00+09:00,2026-10-08T09:12:32+09:00
2026-10-08,94,monthly_trace,14689807,カタうさ,katasumi_bs,https://note.com/katasumi_bs,True,0,3,335,2026-10-08T09:23:06.963965+09:00,2026-10-01T00:00:00+09:00,2026-10-08T09:12:32+09:00
2026-10-08,95,monthly_trace,15573007,コタロウ｜40代、SNS×AIに全振り,kotarozero,https://note.com/kotarozero,True,0,3,242,2026-10-08T09:23:06.963965+09:00,2026-10-01T00:00:00+09:00,2026-10-08T09:12:32+09:00
2026-10-08,96,monthly_trace,12906286,ミノリ・グルーヴ@Minoriからの転生,open_tulip9172,https://note.com/open_tulip9172,True,0,3,179,2026-10-08T09:23:06.963965+09:00,2026-10-01T00:00:00+09:00,2026-10-08T09:12:32+09:00
2026-10-08,97,monthly_trace,5738970,営業fafa | note業界No.1営業マン,kohana1112,https://note.com/kohana1112,True,0,3,1868,2026-10-08T09:23:06.963965+09:00,2026-10-01T00:00:00+09:00,2026-10-08T09:12:32+09:00
2026-10-08,98,monthly_trace,15069362,安達【筋肉メタル親方】｜Creator’s Notebook,nice_crab5854,https://note.com/nice_crab5854,True,0,3,999,2026-10-08T09:23:06.963965+09:00,2026-10-01T00:00:00+09:00,2026-10-08T09:12:32+09:00
2026-10-08,99,monthly_trace,14804559,日常｜星と夜と小さな物語,like_shrew7210,https://note.com/like_shrew7210,True,0,3,531,2026-10-08T09:23:06.963965+09:00,2026-10-01T00:00:00+09:00,2026-10-08T09:12:32+09:00
2026-10-08,100,monthly_trace,13502174,架空彼氏製作所｜AIイラスト,kakuu_kareshi,https://note.com/kakuu_kareshi,True,0,3,391,2026-10-08T09:23:06.963965+09:00,2026-10-01T00:00:00+09:00,2026-10-08T09:12:32+09:00
2026-10-08,101,monthly_trace,14564211,海藻うさぎ猫,fine_worm5368,https://note.com/fine_worm5368,True,0,3,1008,2026-10-08T09:23:06.963965+09:00,2026-10-01T00:00:00+09:00,2026-10-08T09:12:32+09:00
2026-10-08,102,monthly_trace,14701958,瑠兎(うゆ/liú tù),ythf,https://note.com/ythf,True,0,3,7,2026-10-08T09:23:06.963965+09:00,2026-10-01T00:00:00+09:00,2026-10-08T09:12:32+09:00
2026-10-08,103,monthly_trace,12235051,青井透子｜日常の過剰解釈屋,crisp_chimp0823,https://note.com/crisp_chimp0823,True,0,3,481,2026-10-08T09:23:06.963965+09:00,2026-10-01T00:00:00+09:00,2026-10-08T09:12:32+09:00
2026-10-08,104,monthly_trace,11877381,タク＠HENDRE,alert_clover9324,https://note.com/alert_clover9324,True,2,2,1255,2026-10-08T09:23:06.963965+09:00,2026-10-01T00:00:00+09:00,2026-10-08T09:12:32+09:00
2026-10-08,105,monthly_trace,4887086,はんく・シュンタナ🍌『塩化ビニール系女子』AIクリエイター兼プロデューサー,hunk_shuntana,https://note.com/hunk_shuntana,True,1,2,804,2026-10-08T09:23:06.963965+09:00,2026-10-01T00:00:00+09:00,2026-10-08T09:12:32+09:00
2026-10-08,106,monthly_trace,13156049,らっく,sakusakurakku,https://note.com/sakusakurakku,True,1,2,0,2026-10-08T09:23:06.963965+09:00,2026-10-01T00:00:00+09:00,2026-10-08T09:12:32+09:00
2026-10-08,107,monthly_trace,11703348,AIさとう｜AI動画で収益化を目指す,ai_sato_,https://note.com/ai_sato_,True,0,2,89,2026-10-08T09:23:06.963965+09:00,2026-10-01T00:00:00+09:00,2026-10-08T09:12:32+09:00
2026-10-08,108,monthly_trace,14025235,Aily｜AI美女で月10万を自動化,ailyxtokyo,https://note.com/ailyxtokyo,True,0,2,167,2026-10-08T09:23:06.963965+09:00,2026-10-01T00:00:00+09:00,2026-10-08T09:12:32+09:00
2026-10-08,109,monthly_trace,12325807,FCS,fcs_factory,https://note.com/fcs_factory,True,0,2,42,2026-10-08T09:23:06.963965+09:00,2026-10-01T00:00:00+09:00,2026-10-08T09:12:32+09:00
2026-10-08,110,monthly_trace,12076418,FumiUmi,lunch_box235,https://note.com/lunch_box235,True,0,2,1109,2026-10-08T09:23:06.963965+09:00,2026-10-01T00:00:00+09:00,2026-10-08T09:12:32+09:00
2026-10-08,111,monthly_trace,12177484,GLOCAL RESEARCH,glocalresearch,https://note.com/glocalresearch,True,0,2,34,2026-10-08T09:23:06.963965+09:00,2026-10-01T00:00:00+09:00,2026-10-08T09:12:32+09:00
2026-10-08,112,monthly_trace,12553034,HIROMI@,grand_fowl1887,https://note.com/grand_fowl1887,True,0,2,2534,2026-10-08T09:23:06.963965+09:00,2026-10-01T00:00:00+09:00,2026-10-08T09:12:32+09:00
2026-10-08,113,monthly_trace,15214463,Hanchan,hot_elk6916,https://note.com/hot_elk6916,True,0,2,85,2026-10-08T09:23:06.963965+09:00,2026-10-01T00:00:00+09:00,2026-10-08T09:12:32+09:00
2026-10-08,114,monthly_trace,13902670,Intentus｜会社員、AIと世界の観察ログ,intentus_26,https://note.com/intentus_26,True,0,2,415,2026-10-08T09:23:06.963965+09:00,2026-10-01T00:00:00+09:00,2026-10-08T09:12:32+09:00
2026-10-08,115,monthly_trace,2351324,MANO@ライフハック/暮らしを豊かに,sskhras,https://note.com/sskhras,True,0,2,1244,2026-10-08T09:23:06.963965+09:00,2026-10-01T00:00:00+09:00,2026-10-08T09:12:32+09:00
2026-10-08,116,monthly_trace,11859415,NENE｜noteフリーランス,nene_note_room,https://note.com/nene_note_room,True,0,2,642,2026-10-08T09:23:06.963965+09:00,2026-10-01T00:00:00+09:00,2026-10-08T09:12:32+09:00
2026-10-08,117,monthly_trace,10938606,Obi,0bi,https://note.com/0bi,True,0,2,405,2026-10-08T09:23:06.963965+09:00,2026-10-01T00:00:00+09:00,2026-10-08T09:12:32+09:00
2026-10-08,118,monthly_trace,15690617,clair de lune♪リュミエール♪,cafe2463,https://note.com/cafe2463,True,0,2,28,2026-10-08T09:23:06.963965+09:00,2026-10-01T00:00:00+09:00,2026-10-08T09:12:32+09:00
2026-10-08,119,monthly_trace,10353496,furikakemen,furikakemen,https://note.com/furikakemen,True,0,2,324,2026-10-08T09:23:06.963965+09:00,2026-10-01T00:00:00+09:00,2026-10-08T09:12:32+09:00
2026-10-08,120,monthly_trace,14520065,happy-sheep,holy_sheep3944,https://note.com/holy_sheep3944,True,0,2,538,2026-10-08T09:23:06.963965+09:00,2026-10-01T00:00:00+09:00,2026-10-08T09:12:32+09:00
2026-10-08,121,monthly_trace,12589788,ういろう,tsubakinu,https://note.com/tsubakinu,True,0,2,791,2026-10-08T09:23:06.963965+09:00,2026-10-01T00:00:00+09:00,2026-10-08T09:12:32+09:00
2026-10-08,122,monthly_trace,13718195,きいるか,yellowdolphin,https://note.com/yellowdolphin,True,0,2,43,2026-10-08T09:23:06.963965+09:00,2026-10-01T00:00:00+09:00,2026-10-08T09:12:32+09:00
2026-10-08,123,monthly_trace,15225804,くらうど | noteだけで伸ばす人(仮),kuraudo_9999,https://note.com/kuraudo_9999,True,0,2,2422,2026-10-08T09:23:06.963965+09:00,2026-10-01T00:00:00+09:00,2026-10-08T09:12:32+09:00
2026-10-08,124,monthly_trace,4229873,こうすけ　【楽しく生きるために必要なこと】 フォロバ100,kokokosukekeke,https://note.com/kokokosukekeke,True,0,2,4082,2026-10-08T09:23:06.963965+09:00,2026-10-01T00:00:00+09:00,2026-10-08T09:12:32+09:00
2026-10-08,125,monthly_trace,13163455,こたや｜KOTAYA,kotaya_log,https://note.com/kotaya_log,True,0,2,3658,2026-10-08T09:23:06.963965+09:00,2026-10-01T00:00:00+09:00,2026-10-08T09:12:32+09:00
2026-10-08,126,monthly_trace,12498736,ことのは👁‍🗨知識収集家,kotonoha_bridge,https://note.com/kotonoha_bridge,True,0,2,1231,2026-10-08T09:23:06.963965+09:00,2026-10-01T00:00:00+09:00,2026-10-08T09:12:32+09:00
2026-10-08,127,monthly_trace,13047702,ごりごりのおちびさん＠教養としての営業,ggs_little_one,https://note.com/ggs_little_one,True,0,2,1650,2026-10-08T09:23:06.963965+09:00,2026-10-01T00:00:00+09:00,2026-10-08T09:12:32+09:00
2026-10-08,128,monthly_trace,11879120,しおね,mafuyu_manimani,https://note.com/mafuyu_manimani,True,0,2,107,2026-10-08T09:23:06.963965+09:00,2026-10-01T00:00:00+09:00,2026-10-08T09:12:32+09:00
2026-10-08,129,monthly_trace,15185770,しおり,shiori0807,https://note.com/shiori0807,True,0,2,123,2026-10-08T09:23:06.963965+09:00,2026-10-01T00:00:00+09:00,2026-10-08T09:12:32+09:00
2026-10-08,130,monthly_trace,15476285,せどりのともみ,tomomi_91log,https://note.com/tomomi_91log,True,0,2,2,2026-10-08T09:23:06.963965+09:00,2026-10-01T00:00:00+09:00,2026-10-08T09:12:32+09:00
2026-10-08,131,monthly_trace,15447073,せどりのなおき,naoki_sedori80,https://note.com/naoki_sedori80,True,0,2,3,2026-10-08T09:23:06.963965+09:00,2026-10-01T00:00:00+09:00,2026-10-08T09:12:32+09:00
2026-10-08,132,monthly_trace,12848229,そら,flux_water,https://note.com/flux_water,True,0,2,226,2026-10-08T09:23:06.963965+09:00,2026-10-01T00:00:00+09:00,2026-10-08T09:12:32+09:00
2026-10-08,133,monthly_trace,14226817,はるまき大臣｜薬剤師,harumakidaizin,https://note.com/harumakidaizin,True,0,2,281,2026-10-08T09:23:06.963965+09:00,2026-10-01T00:00:00+09:00,2026-10-08T09:12:32+09:00
2026-10-08,134,monthly_trace,13366653,ぱぴさん,papi_san,https://note.com/papi_san,True,0,2,534,2026-10-08T09:23:06.963965+09:00,2026-10-01T00:00:00+09:00,2026-10-08T09:12:32+09:00
2026-10-08,135,monthly_trace,15719489,ぴーこ｜AI編集室,piiko_ai,https://note.com/piiko_ai,True,0,2,67,2026-10-08T09:23:06.963965+09:00,2026-10-01T00:00:00+09:00,2026-10-08T09:12:32+09:00
2026-10-08,136,monthly_trace,12447284,ふな,funa04,https://note.com/funa04,True,0,2,448,2026-10-08T09:23:06.963965+09:00,2026-10-01T00:00:00+09:00,2026-10-08T09:12:32+09:00
2026-10-08,137,monthly_trace,12148536,まき@こどもと日々成長中,asobo_kids,https://note.com/asobo_kids,True,0,2,1409,2026-10-08T09:23:06.963965+09:00,2026-10-01T00:00:00+09:00,2026-10-08T09:12:32+09:00
2026-10-08,138,monthly_trace,8202195,ゆうしん🐹｜デジタルの温もりを届けるAIアートクリエイター,yuushinhalo2025,https://note.com/yuushinhalo2025,True,0,2,716,2026-10-08T09:23:06.963965+09:00,2026-10-01T00:00:00+09:00,2026-10-08T09:12:32+09:00
2026-10-08,139,monthly_trace,15496321,りょうた | Claudeの専門家,ryota_claude,https://note.com/ryota_claude,True,0,2,25,2026-10-08T09:23:06.963965+09:00,2026-10-01T00:00:00+09:00,2026-10-08T09:12:32+09:00
2026-10-08,140,monthly_trace,13743229,カフェLounge雅,hearty_mint9651,https://note.com/hearty_mint9651,True,0,2,317,2026-10-08T09:23:06.963965+09:00,2026-10-01T00:00:00+09:00,2026-10-08T09:12:32+09:00
2026-10-08,141,monthly_trace,11900590,クセさん｜失敗を資産に変えるnote伴走者,habit_notemaster,https://note.com/habit_notemaster,True,0,2,1475,2026-10-08T09:23:06.963965+09:00,2026-10-01T00:00:00+09:00,2026-10-08T09:12:32+09:00
2026-10-08,142,monthly_trace,12232616,デジさしみ | IT現場の効率家,digital_sashimi,https://note.com/digital_sashimi,True,0,2,1167,2026-10-08T09:23:06.963965+09:00,2026-10-01T00:00:00+09:00,2026-10-08T09:12:32+09:00
2026-10-08,143,monthly_trace,14024411,ハル｜雑記,cc_dekirukana,https://note.com/cc_dekirukana,True,0,2,510,2026-10-08T09:23:06.963965+09:00,2026-10-01T00:00:00+09:00,2026-10-08T09:12:32+09:00
2026-10-08,144,monthly_trace,15660019,メモ魔┃AIだけで1円稼げるか,memoma_ichien,https://note.com/memoma_ichien,True,0,2,3,2026-10-08T09:23:06.963965+09:00,2026-10-01T00:00:00+09:00,2026-10-08T09:12:32+09:00
2026-10-08,145,monthly_trace,13919050,メモ魔┃AIとひとり会社,memoma102,https://note.com/memoma102,True,0,2,186,2026-10-08T09:23:06.963965+09:00,2026-10-01T00:00:00+09:00,2026-10-08T09:12:32+09:00
2026-10-08,146,monthly_trace,14093852,仲元さとる｜元保険代理店・証券仲介業経営者の本音,nakamoto_hoken,https://note.com/nakamoto_hoken,True,0,2,175,2026-10-08T09:23:06.963965+09:00,2026-10-01T00:00:00+09:00,2026-10-08T09:12:32+09:00
2026-10-08,147,monthly_trace,15489715,伊藤ポップakaFCS,fcs_homecenter,https://note.com/fcs_homecenter,True,0,2,157,2026-10-08T09:23:06.963965+09:00,2026-10-01T00:00:00+09:00,2026-10-08T09:12:32+09:00
2026-10-08,148,monthly_trace,12927111,元銀行員のAIお金ノート,ai_money60,https://note.com/ai_money60,True,0,2,784,2026-10-08T09:23:06.963965+09:00,2026-10-01T00:00:00+09:00,2026-10-08T09:12:32+09:00
2026-10-08,149,monthly_trace,11742994,名前もと　,fresh_loris1944,https://note.com/fresh_loris1944,True,0,2,3585,2026-10-08T09:23:06.963965+09:00,2026-10-01T00:00:00+09:00,2026-10-08T09:12:32+09:00
2026-10-08,150,monthly_trace,11972332,奇構屋ゴロウ,kyogen_lab,https://note.com/kyogen_lab,True,0,2,378,2026-10-08T09:23:06.963965+09:00,2026-10-01T00:00:00+09:00,2026-10-08T09:12:32+09:00
2026-10-08,151,monthly_trace,9282525,建从,fresh_racoon3036,https://note.com/fresh_racoon3036,True,0,2,570,2026-10-08T09:23:06.963965+09:00,2026-10-01T00:00:00+09:00,2026-10-08T09:12:32+09:00
2026-10-08,152,monthly_trace,11930127,沙夜-𝕊𝕒𝕪𝕠- 沙夜学園🌠,sayo_official,https://note.com/sayo_official,True,0,2,533,2026-10-08T09:23:06.963965+09:00,2026-10-01T00:00:00+09:00,2026-10-08T09:12:32+09:00
2026-10-08,153,monthly_trace,13162655,無料枠AI探求者,merry_moraea681,https://note.com/merry_moraea681,True,0,2,513,2026-10-08T09:23:06.963965+09:00,2026-10-01T00:00:00+09:00,2026-10-08T09:12:32+09:00
2026-10-08,154,monthly_trace,13287086,犬神銀,nice_carp6786,https://note.com/nice_carp6786,True,0,2,1043,2026-10-08T09:23:06.963965+09:00,2026-10-01T00:00:00+09:00,2026-10-08T09:12:32+09:00
2026-10-08,155,monthly_trace,15050609,真彦🌕辻・Miguelin幸樹【ケネス梓の弟】,magico_keni_az,https://note.com/magico_keni_az,True,0,2,521,2026-10-08T09:23:06.963965+09:00,2026-10-01T00:00:00+09:00,2026-10-08T09:12:32+09:00
2026-10-08,156,monthly_trace,15520714,紡えり🐱　⁂GPT遊びに夢中⁂,00irea00,https://note.com/00irea00,True,0,2,494,2026-10-08T09:23:06.963965+09:00,2026-10-01T00:00:00+09:00,2026-10-08T09:12:32+09:00
2026-10-08,157,monthly_trace,14755738,紬は今日も絶好調！？,tsumu_156,https://note.com/tsumu_156,True,0,2,301,2026-10-08T09:23:06.963965+09:00,2026-10-01T00:00:00+09:00,2026-10-08T09:12:32+09:00
2026-10-08,158,monthly_trace,15151979,経営士M × AIオーケストレーション,advanciel02,https://note.com/advanciel02,True,0,2,871,2026-10-08T09:23:06.963965+09:00,2026-10-01T00:00:00+09:00,2026-10-08T09:12:32+09:00
2026-10-08,159,monthly_trace,14860090,綴（つづり）,ai_works_room,https://note.com/ai_works_room,True,0,2,96,2026-10-08T09:23:06.963965+09:00,2026-10-01T00:00:00+09:00,2026-10-08T09:12:32+09:00
2026-10-08,160,monthly_trace,12751168,翠竜　SUIRYU,huge_cougar215,https://note.com/huge_cougar215,True,0,2,281,2026-10-08T09:23:06.963965+09:00,2026-10-01T00:00:00+09:00,2026-10-08T09:12:32+09:00
2026-10-08,161,monthly_trace,7987846,花園かれん,happy_otter725,https://note.com/happy_otter725,True,0,2,7,2026-10-08T09:23:06.963965+09:00,2026-10-01T00:00:00+09:00,2026-10-08T09:12:32+09:00
2026-10-08,162,monthly_trace,6905415,豹子頭 林冲,hyousitou,https://note.com/hyousitou,True,0,2,310,2026-10-08T09:23:06.963965+09:00,2026-10-01T00:00:00+09:00,2026-10-08T09:12:32+09:00
2026-10-08,163,monthly_trace,11395794,零ぴちゅ。,reipichu,https://note.com/reipichu,True,0,2,5937,2026-10-08T09:23:06.963965+09:00,2026-10-01T00:00:00+09:00,2026-10-08T09:12:32+09:00
2026-10-08,164,monthly_trace,13210403,風船がむ助,gamusuke,https://note.com/gamusuke,True,0,2,322,2026-10-08T09:23:06.963965+09:00,2026-10-01T00:00:00+09:00,2026-10-08T09:12:32+09:00
2026-10-08,165,monthly_trace,13279787,颯詩(そうし)| デザインと思想,motan_8823,https://note.com/motan_8823,True,0,2,494,2026-10-08T09:23:06.963965+09:00,2026-10-01T00:00:00+09:00,2026-10-08T09:12:32+09:00
2026-10-08,166,monthly_trace,13729609,COBITo｜物語を書く人 【森の出口でつまずき率120%🌳】,cobito_story,https://note.com/cobito_story,True,1,1,526,2026-10-08T09:23:06.963965+09:00,2026-10-01T00:00:00+09:00,2026-10-08T09:12:32+09:00
2026-10-08,167,monthly_trace,12712176,DJAir/Noesis.Lab,djair_mo4ne,https://note.com/djair_mo4ne,True,1,1,1605,2026-10-08T09:23:06.963965+09:00,2026-10-01T00:00:00+09:00,2026-10-08T09:12:32+09:00
2026-10-08,168,monthly_trace,14962536,Moonlit Valley｜作業用レトロシンセBGM,moonlit_valley,https://note.com/moonlit_valley,True,1,1,38,2026-10-08T09:23:06.963965+09:00,2026-10-01T00:00:00+09:00,2026-10-08T09:12:32+09:00
2026-10-08,169,monthly_trace,4210567,cofumi（こふみ）,hanausagi3,https://note.com/hanausagi3,True,1,1,1169,2026-10-08T09:23:06.963965+09:00,2026-10-01T00:00:00+09:00,2026-10-08T09:12:32+09:00
2026-10-08,170,monthly_trace,15792506,cosumosu_3girls,cosumosu_3girls,https://note.com/cosumosu_3girls,True,1,1,21,2026-10-08T09:23:06.963965+09:00,2026-10-01T00:00:00+09:00,2026-10-08T09:12:32+09:00
2026-10-08,171,monthly_trace,15388324,mie | 40代からの転職,mie_unote,https://note.com/mie_unote,True,1,1,41,2026-10-08T09:23:06.963965+09:00,2026-10-01T00:00:00+09:00,2026-10-08T09:12:32+09:00
2026-10-08,172,monthly_trace,13349138,きっぺい｜副業noter📗,kippeinpein,https://note.com/kippeinpein,True,1,1,1729,2026-10-08T09:23:06.963965+09:00,2026-10-01T00:00:00+09:00,2026-10-08T09:12:32+09:00
2026-10-08,173,monthly_trace,11325822,はる｜自分を削らない発信再設計,kotobatsumugi,https://note.com/kotobatsumugi,True,1,1,3211,2026-10-08T09:23:06.963965+09:00,2026-10-01T00:00:00+09:00,2026-10-08T09:12:32+09:00
2026-10-08,174,monthly_trace,14758446,メモ魔┃とけない冒険,memoma_rpg,https://note.com/memoma_rpg,True,1,1,38,2026-10-08T09:23:06.963965+09:00,2026-10-01T00:00:00+09:00,2026-10-08T09:12:32+09:00
2026-10-08,175,monthly_trace,15236773,47歳　元営業部長　脳出血から仕事復帰へ Tomo,pure_hebe635,https://note.com/pure_hebe635,True,0,1,928,2026-10-08T09:23:06.963965+09:00,2026-10-01T00:00:00+09:00,2026-10-08T09:12:32+09:00
2026-10-08,176,monthly_trace,12143196,50代からのAIものづくりnote,moral_gibbon7542,https://note.com/moral_gibbon7542,True,0,1,173,2026-10-08T09:23:06.963965+09:00,2026-10-01T00:00:00+09:00,2026-10-08T09:12:32+09:00
2026-10-08,177,monthly_trace,14555620,54Plants,hiromavich,https://note.com/hiromavich,True,0,1,281,2026-10-08T09:23:06.963965+09:00,2026-10-01T00:00:00+09:00,2026-10-08T09:12:32+09:00
2026-10-08,178,monthly_trace,13157217,A'me,witty_briony2440,https://note.com/witty_briony2440,True,0,1,341,2026-10-08T09:23:06.963965+09:00,2026-10-01T00:00:00+09:00,2026-10-08T09:12:32+09:00
2026-10-08,179,monthly_trace,14045656,AIフクロウ｜夜な夜なClaude Code,ai_fukuro,https://note.com/ai_fukuro,True,0,1,703,2026-10-08T09:23:06.963965+09:00,2026-10-01T00:00:00+09:00,2026-10-08T09:12:32+09:00
2026-10-08,180,monthly_trace,790651,AZUSA KIKUGAWA(相互フォローしてます),sakuracotton,https://note.com/sakuracotton,True,0,1,506,2026-10-08T09:23:06.963965+09:00,2026-10-01T00:00:00+09:00,2026-10-08T09:12:32+09:00
2026-10-08,181,monthly_trace,2862586,EX-FAX-CE｜ロスジェネ氷河期的視点,exfaxce,https://note.com/exfaxce,True,0,1,1861,2026-10-08T09:23:06.963965+09:00,2026-10-01T00:00:00+09:00,2026-10-08T09:12:32+09:00
2026-10-08,182,monthly_trace,8701555,Echo of Moss｜NORI,fit_cougar9763,https://note.com/fit_cougar9763,True,0,1,459,2026-10-08T09:23:06.963965+09:00,2026-10-01T00:00:00+09:00,2026-10-08T09:12:32+09:00
2026-10-08,183,monthly_trace,11351510,Ejii✦3（えじー）,deft_raven2722,https://note.com/deft_raven2722,True,0,1,297,2026-10-08T09:23:06.963965+09:00,2026-10-01T00:00:00+09:00,2026-10-08T09:12:32+09:00
2026-10-08,184,monthly_trace,15527297,Enhance【人生逆転マインド】,fine_lynx4902,https://note.com/fine_lynx4902,True,0,1,5,2026-10-08T09:23:06.963965+09:00,2026-10-01T00:00:00+09:00,2026-10-08T09:12:32+09:00
2026-10-08,185,monthly_trace,13314204,Hiromi,beginners_luck,https://note.com/beginners_luck,True,0,1,583,2026-10-08T09:23:06.963965+09:00,2026-10-01T00:00:00+09:00,2026-10-08T09:12:32+09:00
2026-10-08,186,monthly_trace,11910247,ITジグソーパズル,itjigsaw_puzzle,https://note.com/itjigsaw_puzzle,True,0,1,774,2026-10-08T09:23:06.963965+09:00,2026-10-01T00:00:00+09:00,2026-10-08T09:12:32+09:00
2026-10-08,187,monthly_trace,12983758,K.I Lyrics,ki_lyrics,https://note.com/ki_lyrics,True,0,1,624,2026-10-08T09:23:06.963965+09:00,2026-10-01T00:00:00+09:00,2026-10-08T09:12:32+09:00
2026-10-08,188,monthly_trace,265106,KENBO：技術と経験を次へつなぐ｜AIと半導体エンジニア兼複業クリエイター,kenbo1929,https://note.com/kenbo1929,True,0,1,685,2026-10-08T09:23:06.963965+09:00,2026-10-01T00:00:00+09:00,2026-10-08T09:12:32+09:00
2026-10-08,189,monthly_trace,13713057,Keptyの旅ログ🚲️,kepcharitabi,https://note.com/kepcharitabi,True,0,1,574,2026-10-08T09:23:06.963965+09:00,2026-10-01T00:00:00+09:00,2026-10-08T09:12:32+09:00
2026-10-08,190,monthly_trace,14203293,KintoNavi｜kintone＋生成AI,cool_bee1567,https://note.com/cool_bee1567,True,0,1,43,2026-10-08T09:23:06.963965+09:00,2026-10-01T00:00:00+09:00,2026-10-08T09:12:32+09:00
2026-10-08,191,monthly_trace,7580255,Kinu｜AIイラストと発信づくり,kinu885,https://note.com/kinu885,True,0,1,2338,2026-10-08T09:23:06.963965+09:00,2026-10-01T00:00:00+09:00,2026-10-08T09:12:32+09:00
2026-10-08,192,monthly_trace,13415591,Kumaさん,kumasan_no_te,https://note.com/kumasan_no_te,True,0,1,1765,2026-10-08T09:23:06.963965+09:00,2026-10-01T00:00:00+09:00,2026-10-08T09:12:32+09:00
2026-10-08,193,monthly_trace,14649103,K｜AI遊び人,aio_ky,https://note.com/aio_ky,True,0,1,456,2026-10-08T09:23:06.963965+09:00,2026-10-01T00:00:00+09:00,2026-10-08T09:12:32+09:00
2026-10-08,194,monthly_trace,10069756,Liliscend｜彫刻＠DX・AIハッカー,second__career,https://note.com/second__career,True,0,1,1494,2026-10-08T09:23:06.963965+09:00,2026-10-01T00:00:00+09:00,2026-10-08T09:12:32+09:00
2026-10-08,195,monthly_trace,14640793,MM-cats,mamecats,https://note.com/mamecats,True,0,1,43,2026-10-08T09:23:06.963965+09:00,2026-10-01T00:00:00+09:00,2026-10-08T09:12:32+09:00
2026-10-08,196,monthly_trace,15001557,Margin Archive,limber_tulip137,https://note.com/limber_tulip137,True,0,1,586,2026-10-08T09:23:06.963965+09:00,2026-10-01T00:00:00+09:00,2026-10-08T09:12:32+09:00
2026-10-08,197,monthly_trace,5330022,Marie | まりーの小さな⚙️歯車⚙️ラボ🔬,marie_222,https://note.com/marie_222,True,0,1,161,2026-10-08T09:23:06.963965+09:00,2026-10-01T00:00:00+09:00,2026-10-08T09:12:32+09:00
2026-10-08,198,monthly_trace,14490242,Mind Log,mindlog_mapai,https://note.com/mindlog_mapai,True,0,1,5731,2026-10-08T09:23:06.963965+09:00,2026-10-01T00:00:00+09:00,2026-10-08T09:12:32+09:00
2026-10-08,199,monthly_trace,11579186,NEKØ:CODE  (ネココード)｜AIと紡ぐ物語と音楽,nekocode,https://note.com/nekocode,True,0,1,321,2026-10-08T09:23:06.963965+09:00,2026-10-01T00:00:00+09:00,2026-10-08T09:12:32+09:00
2026-10-08,200,monthly_trace,14875147,NTA,airmj_23tm,https://note.com/airmj_23tm,True,0,1,92,2026-10-08T09:23:06.963965+09:00,2026-10-01T00:00:00+09:00,2026-10-08T09:12:32+09:00
2026-10-08,201,monthly_trace,10236283,PTW  妄想族東京支部8代目総長a.k.a影帽子,satoru_5963,https://note.com/satoru_5963,True,0,1,157,2026-10-08T09:23:06.963965+09:00,2026-10-01T00:00:00+09:00,2026-10-08T09:12:32+09:00
2026-10-08,202,monthly_trace,15192513,Pajama de mama*4歳娘ママ,mama_ca,https://note.com/mama_ca,True,0,1,793,2026-10-08T09:23:06.963965+09:00,2026-10-01T00:00:00+09:00,2026-10-08T09:12:32+09:00
2026-10-08,203,monthly_trace,12862447,SilentTaker@しずかちゃん,real_egret9710,https://note.com/real_egret9710,True,0,1,233,2026-10-08T09:23:06.963965+09:00,2026-10-01T00:00:00+09:00,2026-10-08T09:12:32+09:00
2026-10-08,204,monthly_trace,11939901,Smatoy（スマトイ）,smatoylab,https://note.com/smatoylab,True,0,1,664,2026-10-08T09:23:06.963965+09:00,2026-10-01T00:00:00+09:00,2026-10-08T09:12:32+09:00
2026-10-08,205,monthly_trace,12293104,T.S1979,genial_knot756,https://note.com/genial_knot756,True,0,1,1132,2026-10-08T09:23:06.963965+09:00,2026-10-01T00:00:00+09:00,2026-10-08T09:12:32+09:00
2026-10-08,206,monthly_trace,15691430,TAKA個人開発者,tkkaihatsu,https://note.com/tkkaihatsu,True,0,1,0,2026-10-08T09:23:06.963965+09:00,2026-10-01T00:00:00+09:00,2026-10-08T09:12:32+09:00
2026-10-08,207,monthly_trace,12558234,Tomo San【Agent AI×DX研究所】,rlhwbs_office,https://note.com/rlhwbs_office,True,0,1,410,2026-10-08T09:23:06.963965+09:00,2026-10-01T00:00:00+09:00,2026-10-08T09:12:32+09:00
2026-10-08,208,monthly_trace,12142452,VCL,verde_combat_lab,https://note.com/verde_combat_lab,True,0,1,749,2026-10-08T09:23:06.963965+09:00,2026-10-01T00:00:00+09:00,2026-10-08T09:12:32+09:00
2026-10-08,209,monthly_trace,10569223,Yasuhito Morimoto,yasuhitoo,https://note.com/yasuhitoo,True,0,1,3459,2026-10-08T09:23:06.963965+09:00,2026-10-01T00:00:00+09:00,2026-10-08T09:12:32+09:00
2026-10-08,210,monthly_trace,15253881,Zelanis,zelanis,https://note.com/zelanis,True,0,1,43,2026-10-08T09:23:06.963965+09:00,2026-10-01T00:00:00+09:00,2026-10-08T09:12:32+09:00
2026-10-08,211,monthly_trace,15474105,ai_airesu,ai_airesu,https://note.com/ai_airesu,True,0,1,30,2026-10-08T09:23:06.963965+09:00,2026-10-01T00:00:00+09:00,2026-10-08T09:12:32+09:00
2026-10-08,212,monthly_trace,15484996,amanoha｜編集×AI,amanoha_ai,https://note.com/amanoha_ai,True,0,1,66,2026-10-08T09:23:06.963965+09:00,2026-10-01T00:00:00+09:00,2026-10-08T09:12:32+09:00
2026-10-08,213,monthly_trace,11444542,chikobonitaruburu82,regal_puma7239,https://note.com/regal_puma7239,True,0,1,457,2026-10-08T09:23:06.963965+09:00,2026-10-01T00:00:00+09:00,2026-10-08T09:12:32+09:00
2026-10-08,214,monthly_trace,14007444,hitoyume（フォロバ100）＠未経験からWebライターに,hitoyume_note,https://note.com/hitoyume_note,True,0,1,760,2026-10-08T09:23:06.963965+09:00,2026-10-01T00:00:00+09:00,2026-10-08T09:12:32+09:00
2026-10-08,215,monthly_trace,617483,ken＠夢を叶える起業家,neoken,https://note.com/neoken,True,0,1,292,2026-10-08T09:23:06.963965+09:00,2026-10-01T00:00:00+09:00,2026-10-08T09:12:32+09:00
2026-10-08,216,monthly_trace,10526244,kinose / note美容師,kino0905,https://note.com/kino0905,True,0,1,792,2026-10-08T09:23:06.963965+09:00,2026-10-01T00:00:00+09:00,2026-10-08T09:12:32+09:00
2026-10-08,217,monthly_trace,12923426,miyuri,miyuriii_2nd,https://note.com/miyuriii_2nd,True,0,1,353,2026-10-08T09:23:06.963965+09:00,2026-10-01T00:00:00+09:00,2026-10-08T09:12:32+09:00
2026-10-08,218,monthly_trace,13977135,mrtomo0229_sub,mrtomo0229_sub,https://note.com/mrtomo0229_sub,True,0,1,25,2026-10-08T09:23:06.963965+09:00,2026-10-01T00:00:00+09:00,2026-10-08T09:12:32+09:00
2026-10-08,219,monthly_trace,15743656,note収益化 プロジェクト,apt_ibis2749,https://note.com/apt_ibis2749,True,0,1,32,2026-10-08T09:23:06.963965+09:00,2026-10-01T00:00:00+09:00,2026-10-08T09:12:32+09:00
2026-10-08,220,monthly_trace,15226073,ruko｜AI×note,rukoo,https://note.com/rukoo,True,0,1,362,2026-10-08T09:23:06.963965+09:00,2026-10-01T00:00:00+09:00,2026-10-08T09:12:32+09:00
2026-10-08,221,monthly_trace,12715352,tadapiyo,rosy_gnu3023,https://note.com/rosy_gnu3023,True,0,1,105,2026-10-08T09:23:06.963965+09:00,2026-10-01T00:00:00+09:00,2026-10-08T09:12:32+09:00
2026-10-08,222,monthly_trace,11242586,tomoko,dancewithgrief_2,https://note.com/dancewithgrief_2,True,0,1,81,2026-10-08T09:23:06.963965+09:00,2026-10-01T00:00:00+09:00,2026-10-08T09:12:32+09:00
2026-10-08,223,monthly_trace,13888851,yoyoyo,yoshi_play,https://note.com/yoshi_play,True,0,1,368,2026-10-08T09:23:06.963965+09:00,2026-10-01T00:00:00+09:00,2026-10-08T09:12:32+09:00
2026-10-08,224,monthly_trace,4185124,yukiko 摂食嚥下コンサルタントナース,nanamoto52885,https://note.com/nanamoto52885,True,0,1,338,2026-10-08T09:23:06.963965+09:00,2026-10-01T00:00:00+09:00,2026-10-08T09:12:32+09:00
2026-10-08,225,monthly_trace,1549396,yuyu,wazze,https://note.com/wazze,True,0,1,153,2026-10-08T09:23:06.963965+09:00,2026-10-01T00:00:00+09:00,2026-10-08T09:12:32+09:00
2026-10-08,226,monthly_trace,10524595,☀️M&AでHSP社長辞めた郎,shachoyametaro,https://note.com/shachoyametaro,True,0,1,497,2026-10-08T09:23:06.963965+09:00,2026-10-01T00:00:00+09:00,2026-10-08T09:12:32+09:00
2026-10-08,227,monthly_trace,14587860,「ポンロボ」ポンコツAIロボ-副業機能付き,kaeritenai,https://note.com/kaeritenai,True,0,1,173,2026-10-08T09:23:06.963965+09:00,2026-10-01T00:00:00+09:00,2026-10-08T09:12:32+09:00
2026-10-08,228,monthly_trace,4721164,あい,nanatsunoko3,https://note.com/nanatsunoko3,True,0,1,515,2026-10-08T09:23:06.963965+09:00,2026-10-01T00:00:00+09:00,2026-10-08T09:12:32+09:00
2026-10-08,229,monthly_trace,11121667,"あいさん💗Iカウンセリングルーム セラピスト／ 臨床心理士×公認心理師｜支援歴16年・2,000名超",joyful_zebra1701,https://note.com/joyful_zebra1701,True,0,1,9018,2026-10-08T09:23:06.963965+09:00,2026-10-01T00:00:00+09:00,2026-10-08T09:12:32+09:00
2026-10-08,230,monthly_trace,12580328,あいびより。AIクリエイターの日常🐾,aiby_masuhiyo,https://note.com/aiby_masuhiyo,True,0,1,1575,2026-10-08T09:23:06.963965+09:00,2026-10-01T00:00:00+09:00,2026-10-08T09:12:32+09:00
2026-10-08,231,monthly_trace,10461763,あおい＠30代後半のサイドFIRE実験記録,lifeworkfree,https://note.com/lifeworkfree,True,0,1,485,2026-10-08T09:23:06.963965+09:00,2026-10-01T00:00:00+09:00,2026-10-08T09:12:32+09:00
2026-10-08,232,monthly_trace,15168020,あたくし｜アラフォー女の深淵,_atakushi,https://note.com/_atakushi,True,0,1,408,2026-10-08T09:23:06.963965+09:00,2026-10-01T00:00:00+09:00,2026-10-08T09:12:32+09:00
2026-10-08,233,monthly_trace,14430145,あっきー｜漫画チラシ・AIイラスト制作,keen_violet2415,https://note.com/keen_violet2415,True,0,1,10,2026-10-08T09:23:06.963965+09:00,2026-10-01T00:00:00+09:00,2026-10-08T09:12:32+09:00
2026-10-08,234,monthly_trace,13247108,おーい淑女!,super_liger8087,https://note.com/super_liger8087,True,0,1,6,2026-10-08T09:23:06.963965+09:00,2026-10-01T00:00:00+09:00,2026-10-08T09:12:32+09:00
2026-10-08,235,monthly_trace,11463020,お喋りお兄さん@配信×noteの人,osya_verymuch,https://note.com/osya_verymuch,True,0,1,65,2026-10-08T09:23:06.963965+09:00,2026-10-01T00:00:00+09:00,2026-10-08T09:12:32+09:00
2026-10-08,236,monthly_trace,15450109,かおり ブログ運営,kaori_blog82,https://note.com/kaori_blog82,True,0,1,6,2026-10-08T09:23:06.963965+09:00,2026-10-01T00:00:00+09:00,2026-10-08T09:12:32+09:00
2026-10-08,237,monthly_trace,11261881,かぜ,bright_pipit5485,https://note.com/bright_pipit5485,True,0,1,273,2026-10-08T09:23:06.963965+09:00,2026-10-01T00:00:00+09:00,2026-10-08T09:12:32+09:00
2026-10-08,238,monthly_trace,9982982,かにまろ｜ゲーム開発,kanimaro_246,https://note.com/kanimaro_246,True,0,1,294,2026-10-08T09:23:06.963965+09:00,2026-10-01T00:00:00+09:00,2026-10-08T09:12:32+09:00
2026-10-08,239,monthly_trace,12961457,からすま けい,karasumakei,https://note.com/karasumakei,True,0,1,141,2026-10-08T09:23:06.963965+09:00,2026-10-01T00:00:00+09:00,2026-10-08T09:12:32+09:00
2026-10-08,240,monthly_trace,11281870,きおう ろん,xdh0002,https://note.com/xdh0002,True,0,1,667,2026-10-08T09:23:06.963965+09:00,2026-10-01T00:00:00+09:00,2026-10-08T09:12:32+09:00
2026-10-08,241,monthly_trace,14163081,きっこ,clear_sloth1257,https://note.com/clear_sloth1257,True,0,1,176,2026-10-08T09:23:06.963965+09:00,2026-10-01T00:00:00+09:00,2026-10-08T09:12:32+09:00
2026-10-08,242,monthly_trace,14344841,きみこ山植物菌類らぼ,kimikoyama,https://note.com/kimikoyama,True,0,1,123,2026-10-08T09:23:06.963965+09:00,2026-10-01T00:00:00+09:00,2026-10-08T09:12:32+09:00
2026-10-08,243,monthly_trace,12014165,くまのひとみ│note界のアイドル発達凸凹っ子アララのママ,tanupop,https://note.com/tanupop,True,0,1,666,2026-10-08T09:23:06.963965+09:00,2026-10-01T00:00:00+09:00,2026-10-08T09:12:32+09:00
2026-10-08,244,monthly_trace,3358934,けせら,kesera_,https://note.com/kesera_,True,0,1,1604,2026-10-08T09:23:06.963965+09:00,2026-10-01T00:00:00+09:00,2026-10-08T09:12:32+09:00
2026-10-08,245,monthly_trace,12055224,こあら🌻@AIイラストプロンプト,aibento,https://note.com/aibento,True,0,1,2129,2026-10-08T09:23:06.963965+09:00,2026-10-01T00:00:00+09:00,2026-10-08T09:12:32+09:00
2026-10-08,246,monthly_trace,15185996,こうたろう,kotaroroom0720,https://note.com/kotaroroom0720,True,0,1,125,2026-10-08T09:23:06.963965+09:00,2026-10-01T00:00:00+09:00,2026-10-08T09:12:32+09:00
2026-10-08,247,monthly_trace,47153,こっぺぱん,masato2855,https://note.com/masato2855,True,0,1,13241,2026-10-08T09:23:06.963965+09:00,2026-10-01T00:00:00+09:00,2026-10-08T09:12:32+09:00
2026-10-08,248,monthly_trace,15730124,こはる,koharu_chy,https://note.com/koharu_chy,True,0,1,10,2026-10-08T09:23:06.963965+09:00,2026-10-01T00:00:00+09:00,2026-10-08T09:12:32+09:00
2026-10-08,249,monthly_trace,14463371,さいとう｜ワーママ管理職｜残業ゼロで成果を出すAI時短術,kind_boar557,https://note.com/kind_boar557,True,0,1,1605,2026-10-08T09:23:06.963965+09:00,2026-10-01T00:00:00+09:00,2026-10-08T09:12:32+09:00
2026-10-08,250,monthly_trace,13986210,さくさく｜HSPがハイスペックパーソンに進化するコーチ,dapper_phlox9478,https://note.com/dapper_phlox9478,True,0,1,398,2026-10-08T09:23:06.963965+09:00,2026-10-01T00:00:00+09:00,2026-10-08T09:12:32+09:00
2026-10-08,251,monthly_trace,14953389,さくら,sakura0505,https://note.com/sakura0505,True,0,1,148,2026-10-08T09:23:06.963965+09:00,2026-10-01T00:00:00+09:00,2026-10-08T09:12:32+09:00
2026-10-08,252,monthly_trace,13723950,ししまる,sisimaru_note,https://note.com/sisimaru_note,True,0,1,295,2026-10-08T09:23:06.963965+09:00,2026-10-01T00:00:00+09:00,2026-10-08T09:12:32+09:00
2026-10-08,253,monthly_trace,15703629,しめさば,shimesaba2023,https://note.com/shimesaba2023,True,0,1,42,2026-10-08T09:23:06.963965+09:00,2026-10-01T00:00:00+09:00,2026-10-08T09:12:32+09:00
2026-10-08,254,monthly_trace,15099768,しらたまうさぎ🐰❤️に寄添うKindle作家,shiratama_usagi,https://note.com/shiratama_usagi,True,0,1,794,2026-10-08T09:23:06.963965+09:00,2026-10-01T00:00:00+09:00,2026-10-08T09:12:32+09:00
2026-10-08,255,monthly_trace,14845316,じωん,brave_whale6178,https://note.com/brave_whale6178,True,0,1,49,2026-10-08T09:23:06.963965+09:00,2026-10-01T00:00:00+09:00,2026-10-08T09:12:32+09:00
2026-10-08,256,monthly_trace,9416464,すっすー| サラリーマンのスキマ読書術,major_hosta4205,https://note.com/major_hosta4205,True,0,1,416,2026-10-08T09:23:06.963965+09:00,2026-10-01T00:00:00+09:00,2026-10-08T09:12:32+09:00
2026-10-08,257,monthly_trace,12417301,すみれ,genial_wren230,https://note.com/genial_wren230,True,0,1,472,2026-10-08T09:23:06.963965+09:00,2026-10-01T00:00:00+09:00,2026-10-08T09:12:32+09:00
2026-10-08,258,monthly_trace,5705535,たくみっち｜Re:ゼロから始める積層生活,takumicchi,https://note.com/takumicchi,True,0,1,41,2026-10-08T09:23:06.963965+09:00,2026-10-01T00:00:00+09:00,2026-10-08T09:12:32+09:00
2026-10-08,259,monthly_trace,12015881,たろう,mild_crocus384,https://note.com/mild_crocus384,True,0,1,184,2026-10-08T09:23:06.963965+09:00,2026-10-01T00:00:00+09:00,2026-10-08T09:12:32+09:00
2026-10-08,260,monthly_trace,13342843,だいきち,brave_plover5130,https://note.com/brave_plover5130,True,0,1,163,2026-10-08T09:23:06.963965+09:00,2026-10-01T00:00:00+09:00,2026-10-08T09:12:32+09:00
2026-10-08,261,monthly_trace,9873229,ちっぷ@アパレル主婦,chip_apparel,https://note.com/chip_apparel,True,0,1,925,2026-10-08T09:23:06.963965+09:00,2026-10-01T00:00:00+09:00,2026-10-08T09:12:32+09:00
2026-10-08,262,monthly_trace,11099339,ちふゆ｜Chocobraラボ,chocobra,https://note.com/chocobra,True,0,1,3545,2026-10-08T09:23:06.963965+09:00,2026-10-01T00:00:00+09:00,2026-10-08T09:12:32+09:00
2026-10-08,263,monthly_trace,13963243,ちゃんまー｜パパエンジニア,nguu,https://note.com/nguu,True,0,1,1013,2026-10-08T09:23:06.963965+09:00,2026-10-01T00:00:00+09:00,2026-10-08T09:12:32+09:00
2026-10-08,264,monthly_trace,1663902,ちゃんやま@50代を生きる人,chanyama7,https://note.com/chanyama7,True,0,1,1846,2026-10-08T09:23:06.963965+09:00,2026-10-01T00:00:00+09:00,2026-10-08T09:12:32+09:00
2026-10-08,265,monthly_trace,519006,つっちー🤝結び代表／毎日note投稿中📝,kai8114,https://note.com/kai8114,True,0,1,58,2026-10-08T09:23:06.963965+09:00,2026-10-01T00:00:00+09:00,2026-10-08T09:12:32+09:00
2026-10-08,266,monthly_trace,15142635,つぶあん｜不養生な漢方薬剤師,kamponightowl,https://note.com/kamponightowl,True,0,1,117,2026-10-08T09:23:06.963965+09:00,2026-10-01T00:00:00+09:00,2026-10-08T09:12:32+09:00
2026-10-08,267,monthly_trace,14363026,つむぎ｜アイを知りたい女,kokode_kurasu,https://note.com/kokode_kurasu,True,0,1,1441,2026-10-08T09:23:06.963965+09:00,2026-10-01T00:00:00+09:00,2026-10-08T09:12:32+09:00
2026-10-08,268,monthly_trace,15236891,にゃんちゅう,jazzy_skink5452,https://note.com/jazzy_skink5452,True,0,1,85,2026-10-08T09:23:06.963965+09:00,2026-10-01T00:00:00+09:00,2026-10-08T09:12:32+09:00
2026-10-08,269,monthly_trace,12325142,のっぴ,noppi_note,https://note.com/noppi_note,True,0,1,278,2026-10-08T09:23:06.963965+09:00,2026-10-01T00:00:00+09:00,2026-10-08T09:12:32+09:00
2026-10-08,270,monthly_trace,362798,はまだむ | ｜筋トレ文学と身体論,hamadam,https://note.com/hamadam,True,0,1,193,2026-10-08T09:23:06.963965+09:00,2026-10-01T00:00:00+09:00,2026-10-08T09:12:32+09:00
2026-10-08,271,monthly_trace,6524532,はむ吾郎,gifted_moose202,https://note.com/gifted_moose202,True,0,1,15,2026-10-08T09:23:06.963965+09:00,2026-10-01T00:00:00+09:00,2026-10-08T09:12:32+09:00
2026-10-08,272,monthly_trace,15185816,はやと,hayato0707,https://note.com/hayato0707,True,0,1,117,2026-10-08T09:23:06.963965+09:00,2026-10-01T00:00:00+09:00,2026-10-08T09:12:32+09:00
2026-10-08,273,monthly_trace,15608939,はる,clever_hippo9409,https://note.com/clever_hippo9409,True,0,1,37,2026-10-08T09:23:06.963965+09:00,2026-10-01T00:00:00+09:00,2026-10-08T09:12:32+09:00
2026-10-08,274,monthly_trace,13136155,はる｜“書く”を続ける,harublog0038,https://note.com/harublog0038,True,0,1,438,2026-10-08T09:23:06.963965+09:00,2026-10-01T00:00:00+09:00,2026-10-08T09:12:32+09:00
2026-10-08,275,monthly_trace,13945309,ぱぱぱ,papapa_t3docs,https://note.com/papapa_t3docs,True,0,1,481,2026-10-08T09:23:06.963965+09:00,2026-10-01T00:00:00+09:00,2026-10-08T09:12:32+09:00
2026-10-08,276,monthly_trace,6790420,ひろのすけ | ごんぶとUSPプロデューサー,kocoroodoru,https://note.com/kocoroodoru,True,0,1,31,2026-10-08T09:23:06.963965+09:00,2026-10-01T00:00:00+09:00,2026-10-08T09:12:32+09:00
2026-10-08,277,monthly_trace,11574500,ふらつき母ちゃん│脊髄小脳変性症ですが何か⁉️,dear_viper3924,https://note.com/dear_viper3924,True,0,1,1167,2026-10-08T09:23:06.963965+09:00,2026-10-01T00:00:00+09:00,2026-10-08T09:12:32+09:00
2026-10-08,278,monthly_trace,15445213,まさや ブログ運営,masaya_blog45,https://note.com/masaya_blog45,True,0,1,2,2026-10-08T09:23:06.963965+09:00,2026-10-01T00:00:00+09:00,2026-10-08T09:12:32+09:00
2026-10-08,279,monthly_trace,5828006,まなつ/突出マイノリティ列伝,tosshutsu_m,https://note.com/tosshutsu_m,True,0,1,9794,2026-10-08T09:23:06.963965+09:00,2026-10-01T00:00:00+09:00,2026-10-08T09:12:32+09:00
2026-10-08,280,monthly_trace,12377105,まるよか,yokayoka5103,https://note.com/yokayoka5103,True,0,1,1653,2026-10-08T09:23:06.963965+09:00,2026-10-01T00:00:00+09:00,2026-10-08T09:12:32+09:00
2026-10-08,281,monthly_trace,2122931,みけにゃん@小さなしあわせ収集家,1031mike,https://note.com/1031mike,True,0,1,492,2026-10-08T09:23:06.963965+09:00,2026-10-01T00:00:00+09:00,2026-10-08T09:12:32+09:00
2026-10-08,282,monthly_trace,11828830,みっちぃ|子供と一緒に成長したい2児の父,pure_bear1643,https://note.com/pure_bear1643,True,0,1,480,2026-10-08T09:23:06.963965+09:00,2026-10-01T00:00:00+09:00,2026-10-08T09:12:32+09:00
2026-10-08,283,monthly_trace,15735940,みなみ,mina_o18,https://note.com/mina_o18,True,0,1,6,2026-10-08T09:23:06.963965+09:00,2026-10-01T00:00:00+09:00,2026-10-08T09:12:32+09:00
2026-10-08,284,monthly_trace,15265284,むしき,tiruman_,https://note.com/tiruman_,True,0,1,139,2026-10-08T09:23:06.963965+09:00,2026-10-01T00:00:00+09:00,2026-10-08T09:12:32+09:00
2026-10-08,285,monthly_trace,11837112,もぐら,mogurabooks,https://note.com/mogurabooks,True,0,1,376,2026-10-08T09:23:06.963965+09:00,2026-10-01T00:00:00+09:00,2026-10-08T09:12:32+09:00
2026-10-08,286,monthly_trace,15390139,やと,noted_yatoasuter,https://note.com/noted_yatoasuter,True,0,1,1,2026-10-08T09:23:06.963965+09:00,2026-10-01T00:00:00+09:00,2026-10-08T09:12:32+09:00
2026-10-08,287,monthly_trace,1481431,やま,yama_i,https://note.com/yama_i,True,0,1,4,2026-10-08T09:23:06.963965+09:00,2026-10-01T00:00:00+09:00,2026-10-08T09:12:32+09:00
2026-10-08,288,monthly_trace,539402,やまざき悠｜40代からの書く副業,yuura142,https://note.com/yuura142,True,0,1,4512,2026-10-08T09:23:06.963965+09:00,2026-10-01T00:00:00+09:00,2026-10-08T09:12:32+09:00
2026-10-08,289,monthly_trace,3330412,やまと　たける,0011naporeonn,https://note.com/0011naporeonn,True,0,1,5044,2026-10-08T09:23:06.963965+09:00,2026-10-01T00:00:00+09:00,2026-10-08T09:12:32+09:00
2026-10-08,290,monthly_trace,15719874,やまもん｜使ってわかったAI活用,yamamon_ai_lab,https://note.com/yamamon_ai_lab,True,0,1,2,2026-10-08T09:23:06.963965+09:00,2026-10-01T00:00:00+09:00,2026-10-08T09:12:32+09:00
2026-10-08,291,monthly_trace,12924098,やまラボ,yama_lab00,https://note.com/yama_lab00,True,0,1,253,2026-10-08T09:23:06.963965+09:00,2026-10-01T00:00:00+09:00,2026-10-08T09:12:32+09:00
2026-10-08,292,monthly_trace,13741727,ゆず缶,honest_otter5192,https://note.com/honest_otter5192,True,0,1,1108,2026-10-08T09:23:06.963965+09:00,2026-10-01T00:00:00+09:00,2026-10-08T09:12:32+09:00
2026-10-08,293,monthly_trace,9303446,ゆっきー,dapper_coyote423,https://note.com/dapper_coyote423,True,0,1,222,2026-10-08T09:23:06.963965+09:00,2026-10-01T00:00:00+09:00,2026-10-08T09:12:32+09:00
2026-10-08,294,monthly_trace,13740766,よし｜AI設計士,hearty_bee3067,https://note.com/hearty_bee3067,True,0,1,891,2026-10-08T09:23:06.963965+09:00,2026-10-01T00:00:00+09:00,2026-10-08T09:12:32+09:00
2026-10-08,295,monthly_trace,5230260,りんくす@AI人格コーディネーター,links_lt,https://note.com/links_lt,True,0,1,17567,2026-10-08T09:23:06.963965+09:00,2026-10-01T00:00:00+09:00,2026-10-08T09:12:32+09:00
2026-10-08,296,monthly_trace,13686942,るみるみ,rumi_rumi369,https://note.com/rumi_rumi369,True,0,1,1689,2026-10-08T09:23:06.963965+09:00,2026-10-01T00:00:00+09:00,2026-10-08T09:12:32+09:00
2026-10-08,297,monthly_trace,9731407,ろぺこ,ropeko_7,https://note.com/ropeko_7,True,0,1,41,2026-10-08T09:23:06.963965+09:00,2026-10-01T00:00:00+09:00,2026-10-08T09:12:32+09:00
2026-10-08,298,monthly_trace,13854803,アイダ,azulnix,https://note.com/azulnix,True,0,1,15,2026-10-08T09:23:06.963965+09:00,2026-10-01T00:00:00+09:00,2026-10-08T09:12:32+09:00
2026-10-08,299,monthly_trace,15671629,アホクソ,ahokuso,https://note.com/ahokuso,True,0,1,97,2026-10-08T09:23:06.963965+09:00,2026-10-01T00:00:00+09:00,2026-10-08T09:12:32+09:00
2026-10-08,300,monthly_trace,12880655,アメリ🐈️,mild_sheep8979,https://note.com/mild_sheep8979,True,0,1,109,2026-10-08T09:23:06.963965+09:00,2026-10-01T00:00:00+09:00,2026-10-08T09:12:32+09:00
2026-10-08,301,monthly_trace,13379754,イシザキ,si_mbam4,https://note.com/si_mbam4,True,0,1,379,2026-10-08T09:23:06.963965+09:00,2026-10-01T00:00:00+09:00,2026-10-08T09:12:32+09:00
2026-10-08,302,monthly_trace,12730552,エリカが好き勝手に語るチャンネル,erikakataru,https://note.com/erikakataru,True,0,1,333,2026-10-08T09:23:06.963965+09:00,2026-10-01T00:00:00+09:00,2026-10-08T09:12:32+09:00
2026-10-08,303,monthly_trace,5513805,カナミン｜AIと迷いながら、進む人,kanamin26,https://note.com/kanamin26,True,0,1,1027,2026-10-08T09:23:06.963965+09:00,2026-10-01T00:00:00+09:00,2026-10-08T09:12:32+09:00
2026-10-08,304,monthly_trace,14711367,カモミール,clever_hare2654,https://note.com/clever_hare2654,True,0,1,1220,2026-10-08T09:23:06.963965+09:00,2026-10-01T00:00:00+09:00,2026-10-08T09:12:32+09:00
2026-10-08,305,monthly_trace,14280635,キャリア採用の現場から,saiyopro,https://note.com/saiyopro,True,0,1,573,2026-10-08T09:23:06.963965+09:00,2026-10-01T00:00:00+09:00,2026-10-08T09:12:32+09:00
2026-10-08,306,monthly_trace,13964497,ケア Design,nurse_notion,https://note.com/nurse_notion,True,0,1,320,2026-10-08T09:23:06.963965+09:00,2026-10-01T00:00:00+09:00,2026-10-08T09:12:32+09:00
2026-10-08,307,monthly_trace,15482288,コナ｜安全品質×AI,kona_ai,https://note.com/kona_ai,True,0,1,118,2026-10-08T09:23:06.963965+09:00,2026-10-01T00:00:00+09:00,2026-10-08T09:12:32+09:00
2026-10-08,308,monthly_trace,14763423,コバヤシ@学生事業家,kobalab_2026,https://note.com/kobalab_2026,True,0,1,441,2026-10-08T09:23:06.963965+09:00,2026-10-01T00:00:00+09:00,2026-10-08T09:12:32+09:00
2026-10-08,309,monthly_trace,13913798,コバユウ＿採用担当の視点,fine_clam7528,https://note.com/fine_clam7528,True,0,1,1355,2026-10-08T09:23:06.963965+09:00,2026-10-01T00:00:00+09:00,2026-10-08T09:12:32+09:00
2026-10-08,310,monthly_trace,382406,サイユ。,sai_yuki,https://note.com/sai_yuki,True,0,1,40,2026-10-08T09:23:06.963965+09:00,2026-10-01T00:00:00+09:00,2026-10-08T09:12:32+09:00
2026-10-08,311,monthly_trace,11304628,シニガミレコーズ｜意味と観測の求道者｜知的ジェットコースターの設計者 ※フォロバ0%,jg1bqz,https://note.com/jg1bqz,True,0,1,951,2026-10-08T09:23:06.963965+09:00,2026-10-01T00:00:00+09:00,2026-10-08T09:12:32+09:00
2026-10-08,312,monthly_trace,14607319,シンシア,quiet_snail9618,https://note.com/quiet_snail9618,True,0,1,22,2026-10-08T09:23:06.963965+09:00,2026-10-01T00:00:00+09:00,2026-10-08T09:12:32+09:00
2026-10-08,313,monthly_trace,5962262,ジャムボーイ,witty_lotus224,https://note.com/witty_lotus224,True,0,1,2443,2026-10-08T09:23:06.963965+09:00,2026-10-01T00:00:00+09:00,2026-10-08T09:12:32+09:00
2026-10-08,314,monthly_trace,12066601,ジーニ君｜元夫婦関係修復のサロン運営者3000人以上,hsp_counseling,https://note.com/hsp_counseling,True,0,1,48,2026-10-08T09:23:06.963965+09:00,2026-10-01T00:00:00+09:00,2026-10-08T09:12:32+09:00
2026-10-08,315,monthly_trace,15248332,ニック｜心と体のサインから生き方を決め直すコーチ,nick47change,https://note.com/nick47change,True,0,1,385,2026-10-08T09:23:06.963965+09:00,2026-10-01T00:00:00+09:00,2026-10-08T09:12:32+09:00
2026-10-08,316,monthly_trace,13065530,ノックスリョウ,ryo_hsl,https://note.com/ryo_hsl,True,0,1,97,2026-10-08T09:23:06.963965+09:00,2026-10-01T00:00:00+09:00,2026-10-08T09:12:32+09:00
2026-10-08,317,monthly_trace,3832706,ハニヲ,haniwo0,https://note.com/haniwo0,True,0,1,137,2026-10-08T09:23:06.963965+09:00,2026-10-01T00:00:00+09:00,2026-10-08T09:12:32+09:00
2026-10-08,318,monthly_trace,15463847,ヒロト５５,glossy_shark1091,https://note.com/glossy_shark1091,True,0,1,68,2026-10-08T09:23:06.963965+09:00,2026-10-01T00:00:00+09:00,2026-10-08T09:12:32+09:00
2026-10-08,319,monthly_trace,13026269,ブライト・ローズ,hip_zebra186,https://note.com/hip_zebra186,True,0,1,921,2026-10-08T09:23:06.963965+09:00,2026-10-01T00:00:00+09:00,2026-10-08T09:12:32+09:00
2026-10-08,320,monthly_trace,393078,ブラウニー,dic_web,https://note.com/dic_web,True,0,1,2086,2026-10-08T09:23:06.963965+09:00,2026-10-01T00:00:00+09:00,2026-10-08T09:12:32+09:00
2026-10-08,321,monthly_trace,15387414,ポラフ｜AI副業ログ,gay_impala1620,https://note.com/gay_impala1620,True,0,1,366,2026-10-08T09:23:06.963965+09:00,2026-10-01T00:00:00+09:00,2026-10-08T09:12:32+09:00
2026-10-08,322,monthly_trace,7896891,ポンタ,pontanohaha,https://note.com/pontanohaha,True,0,1,1302,2026-10-08T09:23:06.963965+09:00,2026-10-01T00:00:00+09:00,2026-10-08T09:12:32+09:00
2026-10-08,323,monthly_trace,12773166,モブリンのおかあしゃん,major_minnow7470,https://note.com/major_minnow7470,True,0,1,19,2026-10-08T09:23:06.963965+09:00,2026-10-01T00:00:00+09:00,2026-10-08T09:12:32+09:00
2026-10-08,324,monthly_trace,3603150,ユユマル_フリーランスイラストレーター,yunyun5569,https://note.com/yunyun5569,True,0,1,224,2026-10-08T09:23:06.963965+09:00,2026-10-01T00:00:00+09:00,2026-10-08T09:12:32+09:00
2026-10-08,325,monthly_trace,15044850,リュウジ👨‍🦰アニメ好きな2児のパパ,koymikoto,https://note.com/koymikoto,True,0,1,218,2026-10-08T09:23:06.963965+09:00,2026-10-01T00:00:00+09:00,2026-10-08T09:12:32+09:00
2026-10-08,326,monthly_trace,13950093,リュウ｜風水でお部屋探し,alive_fowl8384,https://note.com/alive_fowl8384,True,0,1,2020,2026-10-08T09:23:06.963965+09:00,2026-10-01T00:00:00+09:00,2026-10-08T09:12:32+09:00
2026-10-08,327,monthly_trace,15685090,ルーキー｜年収200万からの資産形成,rookiealltrades,https://note.com/rookiealltrades,True,0,1,354,2026-10-08T09:23:06.963965+09:00,2026-10-01T00:00:00+09:00,2026-10-08T09:12:32+09:00
2026-10-08,328,monthly_trace,15695723,レン．イケメンM男のCFNM・羞恥の記録,glossy_gnu5519,https://note.com/glossy_gnu5519,True,0,1,33,2026-10-08T09:23:06.963965+09:00,2026-10-01T00:00:00+09:00,2026-10-08T09:12:32+09:00
2026-10-08,329,monthly_trace,12114005,ロト6とロト7で数々の当選実績と高額当選者を輩出している元外資系金融マンのロト攻略法,warrenv,https://note.com/warrenv,True,0,1,1390,2026-10-08T09:23:06.963965+09:00,2026-10-01T00:00:00+09:00,2026-10-08T09:12:32+09:00
2026-10-08,330,monthly_trace,14144038,ロビ｜経験を言葉と価値に変える人,totkhssimo,https://note.com/totkhssimo,True,0,1,3317,2026-10-08T09:23:06.963965+09:00,2026-10-01T00:00:00+09:00,2026-10-08T09:12:32+09:00
2026-10-08,331,monthly_trace,15263154,一人分を超えた日から｜ひとり事務所とAI,hitori_office_ai,https://note.com/hitori_office_ai,True,0,1,1098,2026-10-08T09:23:06.963965+09:00,2026-10-01T00:00:00+09:00,2026-10-08T09:12:32+09:00
2026-10-08,332,monthly_trace,14922301,中嶋 清貴,kiyo_nakajima,https://note.com/kiyo_nakajima,True,0,1,398,2026-10-08T09:23:06.963965+09:00,2026-10-01T00:00:00+09:00,2026-10-08T09:12:32+09:00
2026-10-08,333,monthly_trace,15707090,乃音めくる🌸文tuber📖,mekuru_note,https://note.com/mekuru_note,True,0,1,202,2026-10-08T09:23:06.963965+09:00,2026-10-01T00:00:00+09:00,2026-10-08T09:12:32+09:00
2026-10-08,334,monthly_trace,15717145,五月🌙忘却書店🌙,clean_myrtle4703,https://note.com/clean_myrtle4703,True,0,1,17,2026-10-08T09:23:06.963965+09:00,2026-10-01T00:00:00+09:00,2026-10-08T09:12:32+09:00
2026-10-08,335,monthly_trace,11816033,介護筋肉士💪 TETSU｜介護福祉士×ケアマネ｜熱血🔥係長,tetsukaigo,https://note.com/tetsukaigo,True,0,1,1208,2026-10-08T09:23:06.963965+09:00,2026-10-01T00:00:00+09:00,2026-10-08T09:12:32+09:00
2026-10-08,336,monthly_trace,10479931,働くメンタルカウンセラー,merry_pipit1562,https://note.com/merry_pipit1562,True,0,1,3678,2026-10-08T09:23:06.963965+09:00,2026-10-01T00:00:00+09:00,2026-10-08T09:12:32+09:00
2026-10-08,337,monthly_trace,11796877,儲けの解剖学@mouke_kaibou,mouke_kaibou,https://note.com/mouke_kaibou,True,0,1,1323,2026-10-08T09:23:06.963965+09:00,2026-10-01T00:00:00+09:00,2026-10-08T09:12:32+09:00
2026-10-08,338,monthly_trace,10494093,元No.1ホストと女性主導体験,serene_liger429,https://note.com/serene_liger429,True,0,1,2032,2026-10-08T09:23:06.963965+09:00,2026-10-01T00:00:00+09:00,2026-10-08T09:12:32+09:00
2026-10-08,339,monthly_trace,12607742,凹｜鬱クリエイター,boco_u2,https://note.com/boco_u2,True,0,1,411,2026-10-08T09:23:06.963965+09:00,2026-10-01T00:00:00+09:00,2026-10-08T09:12:32+09:00
2026-10-08,340,monthly_trace,15439731,北端 秀行 （Gメン喜多端）,kitabatahideyuki,https://note.com/kitabatahideyuki,True,0,1,104,2026-10-08T09:23:06.963965+09:00,2026-10-01T00:00:00+09:00,2026-10-08T09:12:32+09:00
2026-10-08,341,monthly_trace,10517876,向日葵じまにゃん🌻,jimanyan,https://note.com/jimanyan,True,0,1,2371,2026-10-08T09:23:06.963965+09:00,2026-10-01T00:00:00+09:00,2026-10-08T09:12:32+09:00
2026-10-08,342,monthly_trace,12516832,和田雄三｜AI×心理ブランディングデザイナー,glad_dill2129,https://note.com/glad_dill2129,True,0,1,1157,2026-10-08T09:23:06.963965+09:00,2026-10-01T00:00:00+09:00,2026-10-08T09:12:32+09:00
2026-10-08,343,monthly_trace,13792780,営業パパ,eigyopapa,https://note.com/eigyopapa,True,0,1,1991,2026-10-08T09:23:06.963965+09:00,2026-10-01T00:00:00+09:00,2026-10-08T09:12:32+09:00
2026-10-08,344,monthly_trace,14302008,室崎 敬太 【AIテック企業役員×オーナー経営】,murosakikeita,https://note.com/murosakikeita,True,0,1,3489,2026-10-08T09:23:06.963965+09:00,2026-10-01T00:00:00+09:00,2026-10-08T09:12:32+09:00
2026-10-08,345,monthly_trace,9911040,小島すがも,kojima_sugamo,https://note.com/kojima_sugamo,True,0,1,1081,2026-10-08T09:23:06.963965+09:00,2026-10-01T00:00:00+09:00,2026-10-08T09:12:32+09:00
2026-10-08,346,monthly_trace,14083865,小林＿現役採用担当,coderoute90,https://note.com/coderoute90,True,0,1,941,2026-10-08T09:23:06.963965+09:00,2026-10-01T00:00:00+09:00,2026-10-08T09:12:32+09:00
2026-10-08,347,monthly_trace,1712233,峰岸 楓（ソングライター＆シンガー）,fu3minegishi,https://note.com/fu3minegishi,True,0,1,108,2026-10-08T09:23:06.963965+09:00,2026-10-01T00:00:00+09:00,2026-10-08T09:12:32+09:00
2026-10-08,348,monthly_trace,12304422,思考のモデラー,thinkinglevel999,https://note.com/thinkinglevel999,True,0,1,135,2026-10-08T09:23:06.963965+09:00,2026-10-01T00:00:00+09:00,2026-10-08T09:12:32+09:00
2026-10-08,349,monthly_trace,12106767,惰眠がしたい赤猫さん,lef_works,https://note.com/lef_works,True,0,1,276,2026-10-08T09:23:06.963965+09:00,2026-10-01T00:00:00+09:00,2026-10-08T09:12:32+09:00
2026-10-08,350,monthly_trace,11807999,戸部アンソン（トベアンソン・とべあんそん）,31ki,https://note.com/31ki,True,0,1,1658,2026-10-08T09:23:06.963965+09:00,2026-10-01T00:00:00+09:00,2026-10-08T09:12:32+09:00
2026-10-08,351,monthly_trace,14531881,採用担当やってます。,saiyotanto,https://note.com/saiyotanto,True,0,1,171,2026-10-08T09:23:06.963965+09:00,2026-10-01T00:00:00+09:00,2026-10-08T09:12:32+09:00
2026-10-08,352,monthly_trace,15624543,文殊 知恵,uiki_monju,https://note.com/uiki_monju,True,0,1,66,2026-10-08T09:23:06.963965+09:00,2026-10-01T00:00:00+09:00,2026-10-08T09:12:32+09:00
2026-10-08,353,monthly_trace,13908776,暮らしのリハ医K,quirky_lotus3945,https://note.com/quirky_lotus3945,True,0,1,37,2026-10-08T09:23:06.963965+09:00,2026-10-01T00:00:00+09:00,2026-10-08T09:12:32+09:00
2026-10-08,354,monthly_trace,12138574,暮らしの整え相談室　ぽんまぁ,ponmaaa,https://note.com/ponmaaa,True,0,1,401,2026-10-08T09:23:06.963965+09:00,2026-10-01T00:00:00+09:00,2026-10-08T09:12:32+09:00
2026-10-08,355,monthly_trace,14445040,月凪（つきなぎ）,like_ferret2194,https://note.com/like_ferret2194,True,0,1,1117,2026-10-08T09:23:06.963965+09:00,2026-10-01T00:00:00+09:00,2026-10-08T09:12:32+09:00
2026-10-08,356,monthly_trace,6332388,月森灯音(ひのん),tsukimori_hinon,https://note.com/tsukimori_hinon,True,0,1,208,2026-10-08T09:23:06.963965+09:00,2026-10-01T00:00:00+09:00,2026-10-08T09:12:32+09:00
2026-10-08,357,monthly_trace,15729270,木乃 しゃもじ,shamoji_miteru,https://note.com/shamoji_miteru,True,0,1,15,2026-10-08T09:23:06.963965+09:00,2026-10-01T00:00:00+09:00,2026-10-08T09:12:32+09:00
2026-10-08,358,monthly_trace,12300232,株式会社DAICHU_大中智史,daichu_drum,https://note.com/daichu_drum,True,0,1,712,2026-10-08T09:23:06.963965+09:00,2026-10-01T00:00:00+09:00,2026-10-08T09:12:32+09:00
2026-10-08,359,monthly_trace,10695324,桜木愛子,aikosakuragi,https://note.com/aikosakuragi,True,0,1,277,2026-10-08T09:23:06.963965+09:00,2026-10-01T00:00:00+09:00,2026-10-08T09:12:32+09:00
2026-10-08,360,monthly_trace,6326357,棚島 香帆汰（たなしま かほた）,brave_bee548,https://note.com/brave_bee548,True,0,1,749,2026-10-08T09:23:06.963965+09:00,2026-10-01T00:00:00+09:00,2026-10-08T09:12:32+09:00
2026-10-08,361,monthly_trace,15474390,森乃つきひ,morinotukihi,https://note.com/morinotukihi,True,0,1,92,2026-10-08T09:23:06.963965+09:00,2026-10-01T00:00:00+09:00,2026-10-08T09:12:32+09:00
2026-10-08,362,monthly_trace,9980809,気まぐれ執事｜AIでキャラの日常をつくる,rapid_mint5831,https://note.com/rapid_mint5831,True,0,1,146,2026-10-08T09:23:06.963965+09:00,2026-10-01T00:00:00+09:00,2026-10-08T09:12:32+09:00
2026-10-08,363,monthly_trace,10431177,水晶ゆめ🔮当てない占い師×夢を灯す創作家,yume_suisho,https://note.com/yume_suisho,True,0,1,5580,2026-10-08T09:23:06.963965+09:00,2026-10-01T00:00:00+09:00,2026-10-08T09:12:32+09:00
2026-10-08,364,monthly_trace,13221964,氷河期大家.アパタロウ（1年で資産1億、家賃収入1500万）,chintaigyou,https://note.com/chintaigyou,True,0,1,549,2026-10-08T09:23:06.963965+09:00,2026-10-01T00:00:00+09:00,2026-10-08T09:12:32+09:00
2026-10-08,365,monthly_trace,15288249,永野優作,mute_phlox837,https://note.com/mute_phlox837,True,0,1,920,2026-10-08T09:23:06.963965+09:00,2026-10-01T00:00:00+09:00,2026-10-08T09:12:32+09:00
2026-10-08,366,monthly_trace,5052671,海外３児ママの幸福講義,naruyouni,https://note.com/naruyouni,True,0,1,276,2026-10-08T09:23:06.963965+09:00,2026-10-01T00:00:00+09:00,2026-10-08T09:12:32+09:00
2026-10-08,367,monthly_trace,14926894,渚は今日も遠回り,vivid_stilt8535,https://note.com/vivid_stilt8535,True,0,1,459,2026-10-08T09:23:06.963965+09:00,2026-10-01T00:00:00+09:00,2026-10-08T09:12:32+09:00
2026-10-08,368,monthly_trace,13993194,灯の旅人｜創作と人の心を観測する人,traveler_light,https://note.com/traveler_light,True,0,1,1185,2026-10-08T09:23:06.963965+09:00,2026-10-01T00:00:00+09:00,2026-10-08T09:12:32+09:00
2026-10-08,369,monthly_trace,9619867,灰猫はいねこ,nice_pony9719,https://note.com/nice_pony9719,True,0,1,483,2026-10-08T09:23:06.963965+09:00,2026-10-01T00:00:00+09:00,2026-10-08T09:12:32+09:00
2026-10-08,370,monthly_trace,13965601,独創薬剤師スガ,shiny_lotus4547,https://note.com/shiny_lotus4547,True,0,1,233,2026-10-08T09:23:06.963965+09:00,2026-10-01T00:00:00+09:00,2026-10-08T09:12:32+09:00
2026-10-08,371,monthly_trace,15707736,生きているだけで偉い,firm_condor91,https://note.com/firm_condor91,True,0,1,73,2026-10-08T09:23:06.963965+09:00,2026-10-01T00:00:00+09:00,2026-10-08T09:12:32+09:00
2026-10-08,372,monthly_trace,11845401,生成AI横並び検証室,yokonarabi_lab,https://note.com/yokonarabi_lab,True,0,1,69,2026-10-08T09:23:06.963965+09:00,2026-10-01T00:00:00+09:00,2026-10-08T09:12:32+09:00
2026-10-08,373,monthly_trace,12871462,田中｜紙→AI→自動化,tanaka_hagatatsu,https://note.com/tanaka_hagatatsu,True,0,1,441,2026-10-08T09:23:06.963965+09:00,2026-10-01T00:00:00+09:00,2026-10-08T09:12:32+09:00
2026-10-08,374,monthly_trace,13927984,画愛えーあいリテラシー,safe_yeti2010,https://note.com/safe_yeti2010,True,0,1,213,2026-10-08T09:23:06.963965+09:00,2026-10-01T00:00:00+09:00,2026-10-08T09:12:32+09:00
2026-10-08,375,monthly_trace,14551926,白,deft_guppy8637,https://note.com/deft_guppy8637,True,0,1,30,2026-10-08T09:23:06.963965+09:00,2026-10-01T00:00:00+09:00,2026-10-08T09:12:32+09:00
2026-10-08,376,monthly_trace,15660887,紫音ぽんこ🟣｜AI・note初心者｜ほぼ相互フォロー,ponko_ai2026,https://note.com/ponko_ai2026,True,0,1,217,2026-10-08T09:23:06.963965+09:00,2026-10-01T00:00:00+09:00,2026-10-08T09:12:32+09:00
2026-10-08,377,monthly_trace,13135350,綿毛,easy_hound4116,https://note.com/easy_hound4116,True,0,1,47,2026-10-08T09:23:06.963965+09:00,2026-10-01T00:00:00+09:00,2026-10-08T09:12:32+09:00
2026-10-08,378,monthly_trace,13613385,羅生門SKY,codex_strategy,https://note.com/codex_strategy,True,0,1,468,2026-10-08T09:23:06.963965+09:00,2026-10-01T00:00:00+09:00,2026-10-08T09:12:32+09:00
2026-10-08,379,monthly_trace,15729594,羊毛の魔女パレット🐏,novel_woolpallet,https://note.com/novel_woolpallet,True,0,1,25,2026-10-08T09:23:06.963965+09:00,2026-10-01T00:00:00+09:00,2026-10-08T09:12:32+09:00
2026-10-08,380,monthly_trace,3875022,翔太郎,koyayou,https://note.com/koyayou,True,0,1,102,2026-10-08T09:23:06.963965+09:00,2026-10-01T00:00:00+09:00,2026-10-08T09:12:32+09:00
2026-10-08,381,monthly_trace,6537962,花まるエレメンタリーミドルスクール,hanamentary,https://note.com/hanamentary,True,0,1,335,2026-10-08T09:23:06.963965+09:00,2026-10-01T00:00:00+09:00,2026-10-08T09:12:32+09:00
2026-10-08,382,monthly_trace,5947863,菅谷健太郎,light_coyote380,https://note.com/light_coyote380,True,0,1,8240,2026-10-08T09:23:06.963965+09:00,2026-10-01T00:00:00+09:00,2026-10-08T09:12:32+09:00
2026-10-08,383,monthly_trace,13674543,許 亜軍｜AI経営の実践者,joinclass,https://note.com/joinclass,True,0,1,35,2026-10-08T09:23:06.963965+09:00,2026-10-01T00:00:00+09:00,2026-10-08T09:12:32+09:00
2026-10-08,384,monthly_trace,13426415,詩織のAI生成日記,shiori_ai_diary,https://note.com/shiori_ai_diary,True,0,1,152,2026-10-08T09:23:06.963965+09:00,2026-10-01T00:00:00+09:00,2026-10-08T09:12:32+09:00
2026-10-08,385,monthly_trace,15050083,謙虚な猫さん,korenannda56,https://note.com/korenannda56,True,0,1,1069,2026-10-08T09:23:06.963965+09:00,2026-10-01T00:00:00+09:00,2026-10-08T09:12:32+09:00
2026-10-08,386,monthly_trace,15746513,賢者スタン@相互フォロー,mute_mink3681,https://note.com/mute_mink3681,True,0,1,62,2026-10-08T09:23:06.963965+09:00,2026-10-01T00:00:00+09:00,2026-10-08T09:12:32+09:00
2026-10-08,387,monthly_trace,13188249,転がるじゃがいも,zutto_otaku8626,https://note.com/zutto_otaku8626,True,0,1,85,2026-10-08T09:23:06.963965+09:00,2026-10-01T00:00:00+09:00,2026-10-08T09:12:32+09:00
2026-10-08,388,monthly_trace,15279953,迷ったときの道しるべになる実用メディア｜Media Lab Compass,medialabcompass,https://note.com/medialabcompass,True,0,1,4,2026-10-08T09:23:06.963965+09:00,2026-10-01T00:00:00+09:00,2026-10-08T09:12:32+09:00
2026-10-08,389,monthly_trace,14980481,運気コンシェルジュ　こじまる,gifted_owl2148,https://note.com/gifted_owl2148,True,0,1,431,2026-10-08T09:23:06.963965+09:00,2026-10-01T00:00:00+09:00,2026-10-08T09:12:32+09:00
2026-10-08,390,monthly_trace,14927519,鍵＠ノーコードAI,h_nocode_ai_lab,https://note.com/h_nocode_ai_lab,True,0,1,399,2026-10-08T09:23:06.963965+09:00,2026-10-01T00:00:00+09:00,2026-10-08T09:12:32+09:00
2026-10-08,391,monthly_trace,6562253,隆之@モノづくりの現場を考える,taka_sas_1979,https://note.com/taka_sas_1979,True,0,1,437,2026-10-08T09:23:06.963965+09:00,2026-10-01T00:00:00+09:00,2026-10-08T09:12:32+09:00
2026-10-08,392,monthly_trace,13342222,青空 和平,brisk_viola3314,https://note.com/brisk_viola3314,True,0,1,980,2026-10-08T09:23:06.963965+09:00,2026-10-01T00:00:00+09:00,2026-10-08T09:12:32+09:00
2026-10-08,393,monthly_trace,15654860,鹿恋,lithe_nun9449,https://note.com/lithe_nun9449,True,0,1,39,2026-10-08T09:23:06.963965+09:00,2026-10-01T00:00:00+09:00,2026-10-08T09:12:32+09:00
2026-10-08,394,monthly_trace,6615574,黒狐｜1桁フォロワーで高額を売る専門家,sefish,https://note.com/sefish,True,0,1,128,2026-10-08T09:23:06.963965+09:00,2026-10-01T00:00:00+09:00,2026-10-08T09:12:32+09:00
2026-10-08,395,monthly_trace,13697762,🐟ニシンナス🍆,nishin_herring,https://note.com/nishin_herring,True,0,1,163,2026-10-08T09:23:06.963965+09:00,2026-10-01T00:00:00+09:00,2026-10-08T09:12:32+09:00
2026-10-08,396,monthly_trace,1918900,🔥Autorace　Fire🔥,cool_jacana4193,https://note.com/cool_jacana4193,True,0,1,1046,2026-10-08T09:23:06.963965+09:00,2026-10-01T00:00:00+09:00,2026-10-08T09:12:32+09:00
